complex_name,official_compound_group_id,canonical_smiles,scaffold,experimental_pKD,split,split_method,seed
A71EV2A-x1346a,a3866ff4171e01eb,Cc1nn(C)c(C)c1CC(=O)N[C@@H](CNC(=O)CCl)c1ccc2ccccc2c1,O=C(Cc1cn[nH]c1)NCc1ccc2ccccc2c1,4.660785023463071,test,scaffold,123
A71EV2A-x1445a,6f9b6f11503a9f29,COc1cc(NC(=O)C[C@@H](C)C(F)(F)F)n(C)n1,c1cn[nH]c1,4.632048101200719,train,scaffold,123
A71EV2A-x1445b,6f9b6f11503a9f29,COc1cc(NC(=O)C[C@@H](C)C(F)(F)F)n(C)n1,c1cn[nH]c1,4.632048101200719,train,scaffold,123
A71EV2A-x3054a,8297277e2a124276,Cc1cccc(NC(=O)N2CCC[C@H](C(N)=O)C2)c1,O=C(Nc1ccccc1)N1CCCCC1,4.246416941107094,train,scaffold,123
A71EV2A-x3175a,c01fc37bef6a2f7c,Cc1cc(CNC(=O)c2cn(C)c3ccccc23)on1,O=C(NCc1ccno1)c1c[nH]c2ccccc12,4.953569528330592,train,scaffold,123
A71EV2A-x3176a,4740c81d926a25fc,COC[C@H](C)NC(=O)c1nn(C)c2ccccc12,c1ccc2[nH]ncc2c1,4.747146969020107,train,scaffold,123
A71EV2A-x3177a,f7672800b3cf5bf8,Cn1nc(C(=O)N[C@H]2C[C@H]2CO)c2ccccc21,O=C(NC1CC1)c1n[nH]c2ccccc12,4.8958754625504275,test,scaffold,123
A71EV2A-x3178a,64fb96f3053165a6,Cn1nc(C(=O)N[C@H]2CCOC2)c2ccccc21,O=C(N[C@H]1CCOC1)c1n[nH]c2ccccc12,5.062339877849264,train,scaffold,123
A71EV2A-x3181a,b80371c20e0126e9,Cn1nc(C(=O)NCCn2cncn2)c2ccccc21,O=C(NCCn1cncn1)c1n[nH]c2ccccc12,4.939565029910406,train,scaffold,123
A71EV2A-x3181b,b80371c20e0126e9,Cn1nc(C(=O)NCCn2cncn2)c2ccccc21,O=C(NCCn1cncn1)c1n[nH]c2ccccc12,4.939565029910406,train,scaffold,123
A71EV2A-x3191a,fb62ba5201e38712,NC(=O)[C@H]1CCCN(C(=O)Cc2cccc3occc23)C1,O=C(Cc1cccc2occc12)N1CCCCC1,3.960269771303526,train,scaffold,123
A71EV2A-x3193a,405fbac48f5085cc,NC(=O)[C@H]1CCCN(C(=O)Cc2ccnc(Cl)c2Br)C1,O=C(Cc1ccncc1)N1CCCCC1,4.162204305054052,validation,scaffold,123
A71EV2A-x3201a,49280d2c7a20d362,COc1ncccc1CC(=O)N1CCC[C@H](C(N)=O)C1,O=C(Cc1cccnc1)N1CCCCC1,4.324153048333832,train,scaffold,123
A71EV2A-x3208a,650f269952be0ac1,NC(=O)[C@H]1CCCN(C(=O)Cc2cc(C(F)(F)F)ccc2Cl)C1,O=C(Cc1ccccc1)N1CCCCC1,4.906948150425689,test,scaffold,123
A71EV2A-x3210a,eb8588fb724600a6,NC(=O)[C@H]1CCCN(C(=O)Cc2cccc3cn[nH]c23)C1,O=C(Cc1cccc2cn[nH]c12)N1CCCCC1,5.011185771310347,train,scaffold,123
A71EV2A-x3218a,9cb6fa1182eda42b,NC(=O)[C@H]1CCCN(C(=O)[C@@H]2CCNc3[nH]ncc32)C1,O=C([C@@H]1CCNc2[nH]ncc21)N1CCCCC1,5.556193958463214,train,scaffold,123
A71EV2A-x3221a,2f4ecaf1cc2e18b4,Cc1nc(C)c(CC(=O)N2CCC[C@H](C(N)=O)C2)[nH]1,O=C(Cc1cnc[nH]1)N1CCCCC1,5.409458546594426,train,scaffold,123
A71EV2A-x3225a,81f5c5f76285c85c,Cc1nc2ccccc2n1CC(=O)N1CCC[C@H](C(N)=O)C1,O=C(Cn1cnc2ccccc21)N1CCCCC1,4.137777547252243,train,scaffold,123
A71EV2A-x3229a,f2c2d1606a83a22f,COc1ccncc1CC(=O)N1CCC[C@H](C(N)=O)C1,O=C(Cc1cccnc1)N1CCCCC1,4.443671499997475,train,scaffold,123
A71EV2A-x3264a,b992bb5ebfcfcb4f,Cn1nc(C(=O)NCCc2cocn2)c2cccnc21,O=C(NCCc1cocn1)c1n[nH]c2ncccc12,4.981705511622298,train,scaffold,123
A71EV2A-x3279a,b13f44fabe55dcd4,Cc1cc(C)c(Nc2ccn(C)n2)c(C)c1,c1ccc(Nc2cc[nH]n2)cc1,5.3072486987698415,train,scaffold,123
A71EV2A-x3286a,f92da76c58b0a9a0,Cc1ocnc1CCNC(=O)c1nn(C)c2ccccc12,O=C(NCCc1cocn1)c1n[nH]c2ccccc12,5.09799710864927,train,scaffold,123
A71EV2A-x3305a,9bf6a7440cbef166,Cc1ccc2c(cnn2C)c1Nc1ccn([C@H]2CCNC2=O)n1,O=C1NCC[C@@H]1n1ccc(Nc2cccc3[nH]ncc23)n1,4.937001727490601,validation,scaffold,123
A71EV2A-x3306a,15a5001de38d54f4,Cn1nc(C(=O)NCCc2cscn2)c2ccccc21,O=C(NCCc1cscn1)c1n[nH]c2ccccc12,5.337951414156192,validation,scaffold,123
A71EV2A-x3324a,263c98cedd38ca61,Cn1nc(C(=O)NCCc2ccc(S(C)(=O)=O)cc2)c2ccccc21,O=C(NCCc1ccccc1)c1n[nH]c2ccccc12,4.84887783952492,train,scaffold,123
A71EV2A-x3579a,9528fac4c84c5d01,COc1ccccc1CN1C[C@@H](C(N)=O)CCC1=O,O=C1CCCCN1Cc1ccccc1,4.956855685489159,train,scaffold,123
A71EV2A-x3371a,3f43c3a2f722d705,Cn1cnc(CCNC(=O)c2nn(C)c3ccccc23)c1,O=C(NCCc1c[nH]cn1)c1n[nH]c2ccccc12,5.2372107018718905,train,scaffold,123
A71EV2A-x3379a,8e74abbbc1e2b506,C[C@@H](Cc1cocn1)NC(=O)c1nn(C)c2ccccc12,O=C(NCCc1cocn1)c1n[nH]c2ccccc12,4.9657785438458255,train,scaffold,123
A71EV2A-x3392a,20093a0090e4e04b,O=C(NCCc1cocn1)N1CCc2ccccc21,O=C(NCCc1cocn1)N1CCc2ccccc21,5.162973800773931,validation,scaffold,123
A71EV2A-x3403a,d099e78cca5a1787,Cn1cc2cccc(NC(=O)Cc3cocn3)c2n1,O=C(Cc1cocn1)Nc1cccc2c[nH]nc12,4.662403924407542,validation,scaffold,123
A71EV2A-x3408a,42d88796649485d0,C=CS(=O)(=O)N1CCC[C@H](C(N)=O)C1,C1CCNCC1,5.1938200260161125,train,scaffold,123
A71EV2A-x3410a,62064f42a7d509bf,Cc1nn(C)c2cc(C(=O)NCCc3cocn3)ccc12,O=C(NCCc1cocn1)c1ccc2cn[nH]c2c1,4.945173530861923,test,scaffold,123
A71EV2A-x3417a,ec3eb5b84e718d21,NC(=O)[C@H]1CCCN(C(=O)NCC2CC2)C1,O=C(NCC1CC1)N1CCCCC1,5.064884396650843,train,scaffold,123
A71EV2A-x3419a,508099dce1acd5db,Cn1nc(C(=O)NCCc2cocn2)c2ccccc2c1=O,O=C(NCCc1cocn1)c1n[nH]c(=O)c2ccccc12,5.170374765613669,train,scaffold,123
A71EV2A-x3435a,3c337daede36c1a7,O=C(NCCc1cocn1)c1ccccc1,O=C(NCCc1cocn1)c1ccccc1,5.093196163745395,train,scaffold,123
A71EV2A-x3436a,926393691e908dfb,Cn1ncc(C(=O)NCCc2cocn2)n1,O=C(NCCc1cocn1)c1cn[nH]n1,5.5457146015143275,train,scaffold,123
A71EV2A-x3450a,0243d102810bd601,N#Cc1sccc1CC(=O)N1CCC[C@H](C(N)=O)C1,O=C(Cc1ccsc1)N1CCCCC1,5.008444067750377,train,scaffold,123
A71EV2A-x3480a,49ec426e727c1f72,N#CCc1cccc(NC(=O)N2CCC[C@H](C(N)=O)C2)c1,O=C(Nc1ccccc1)N1CCCCC1,5.356959172517914,train,scaffold,123
A71EV2A-x3483a,d2163c019a518a10,COCc1ccccc1NC(=O)N1CCC[C@H](C(N)=O)C1,O=C(Nc1ccccc1)N1CCCCC1,4.8164704643841505,train,scaffold,123
A71EV2A-x3485a,d5e76313f196d8d3,COc1cccc(NC(=O)N2CCC[C@H](C(N)=O)C2)c1,O=C(Nc1ccccc1)N1CCCCC1,4.956109291095229,train,scaffold,123
A71EV2A-x3488a,92fab65378bad946,COCC(=O)Nc1c(Cl)cc(C)cc1Oc1cccc(C(N)=O)c1,c1ccc(Oc2ccccc2)cc1,4.822657723022635,train,scaffold,123
A71EV2A-x3489a,a89a0e5671303f42,Cc1nc2n(c1CC(=O)N1CCC[C@H](C(N)=O)C1)CCCC2,O=C(Cc1cnc2n1CCCC2)N1CCCCC1,5.221581099702723,train,scaffold,123
A71EV2A-x3509a,b0ba82c100894669,N#Cc1cccc(NC(=O)N2CCC[C@H](C(N)=O)C2)c1,O=C(Nc1ccccc1)N1CCCCC1,5.1891284469127035,train,scaffold,123
A71EV2A-x3509b,b0ba82c100894669,N#Cc1cccc(NC(=O)N2CCC[C@H](C(N)=O)C2)c1,O=C(Nc1ccccc1)N1CCCCC1,5.1891284469127035,train,scaffold,123
A71EV2A-x3510a,4307ec0592640d83,Cc1ccccc1NC(=O)N1CCC[C@H](C(N)=O)C1,O=C(Nc1ccccc1)N1CCCCC1,4.386163320168128,train,scaffold,123
A71EV2A-x3593a,8e74abbbc1e2b506,C[C@@H](Cc1cocn1)NC(=O)c1nn(C)c2ccccc12,O=C(NCCc1cocn1)c1n[nH]c2ccccc12,4.9657785438458255,train,scaffold,123
A71EV2A-x3606a,7672e05ed8781e52,Cn1ncc(-c2cc(Cl)cc(Cl)c2)c1CC(=O)N1CCC[C@H](C(N)=O)C1,O=C(Cc1[nH]ncc1-c1ccccc1)N1CCCCC1,4.958377726777354,train,scaffold,123
A71EV2A-x3612a,4a1d557eadbfa473,NC(=O)[C@H]1CCCN(C(=O)Nc2ccccc2F)C1,O=C(Nc1ccccc1)N1CCCCC1,4.851286884122841,train,scaffold,123
A71EV2A-x3616a,a32ce34ed98c4f64,Cc1ccccc1CNC(=O)N1CCC[C@H](C(N)=O)C1,O=C(NCc1ccccc1)N1CCCCC1,4.978810700930062,train,scaffold,123
A71EV2A-x3616b,a32ce34ed98c4f64,Cc1ccccc1CNC(=O)N1CCC[C@H](C(N)=O)C1,O=C(NCc1ccccc1)N1CCCCC1,4.978810700930062,train,scaffold,123
A71EV2A-x3621a,bece2f8bff1bae4b,COc1ccccc1CC(=O)N1CC[C@@H](O)C1,O=C(Cc1ccccc1)N1CCCC1,4.951406063714552,train,scaffold,123
A71EV2A-x3623a,e0b38d62af7d1c58,Cc1cnc(CNS(=O)(=O)C[C@@H](C)c2ccccc2)o1,O=S(=O)(CCc1ccccc1)NCc1ncco1,4.8184062698439085,train,scaffold,123
A71EV2A-x3634a,766c4dc988710422,COc1ccccc1CC(=O)N1C[C@H](C(N)=O)[C@@H](C)C1,O=C(Cc1ccccc1)N1CCCC1,5.303920706565589,train,scaffold,123
A71EV2A-x3663a,24a3d0ad9d7e871d,COc1ccccc1CC(=O)N1CCO[C@@H](C(N)=O)C1,O=C(Cc1ccccc1)N1CCOCC1,4.615695746966642,test,scaffold,123
A71EV2A-x3665a,dd4f51da682cffdc,COc1ccccc1CC(=O)N1C[C@@H](C(N)=O)CC(F)(F)C1,O=C(Cc1ccccc1)N1CCCCC1,5.41096889227547,test,scaffold,123
A71EV2A-x3685a,7d49787be5f01045,COc1ccccc1CC(=O)N1CC[C@@H](NC(N)=O)C1,O=C(Cc1ccccc1)N1CCCC1,5.056011124926228,train,scaffold,123
A71EV2A-x3694a,44d668a57037ad8b,COc1ccccc1CC(=O)N1CC[C@@H](CC(N)=O)C1,O=C(Cc1ccccc1)N1CCCC1,5.055150304924533,train,scaffold,123
A71EV2A-x3694b,44d668a57037ad8b,COc1ccccc1CC(=O)N1CC[C@@H](CC(N)=O)C1,O=C(Cc1ccccc1)N1CCCC1,5.055150304924533,train,scaffold,123
A71EV2A-x3706a,7c0c2314ef8b9fb5,Cc1cccc(CNC(=O)N2CCC[C@H](C(N)=O)C2)c1,O=C(NCc1ccccc1)N1CCCCC1,4.967584368389079,train,scaffold,123
A71EV2A-x3706b,7c0c2314ef8b9fb5,Cc1cccc(CNC(=O)N2CCC[C@H](C(N)=O)C2)c1,O=C(NCc1ccccc1)N1CCCCC1,4.967584368389079,train,scaffold,123
A71EV2A-x3521a,1f9ae6b84dd343fb,N#C[C@H]1C[C@@H](NC(=O)C2(c3ccc(Cl)cc3Cl)CCOCC2)C1,O=C(NC1CCC1)C1(c2ccccc2)CCOCC1,4.726469830785563,train,scaffold,123
A71EV2A-x3522a,076aad5f7db7a4e3,COCC(=O)Nc1c(Cl)cc(C)cc1OCc1ncccn1,c1ccc(OCc2ncccn2)cc1,4.858392228943246,train,scaffold,123
A71EV2A-x3522b,076aad5f7db7a4e3,COCC(=O)Nc1c(Cl)cc(C)cc1OCc1ncccn1,c1ccc(OCc2ncccn2)cc1,4.858392228943246,train,scaffold,123
A71EV2A-x3546a,0d7986037ea98e97,COc1ccc(F)cc1CC(=O)N1CCC[C@H](C(N)=O)C1,O=C(Cc1ccccc1)N1CCCCC1,4.2094239507757765,test,scaffold,123
A71EV2A-x3548a,ad342f8ac7ce351c,COc1ccncc1CC(=O)N1CCC[C@H](C(N)=O)C1,O=C(Cc1cccnc1)N1CCCCC1,4.7516996536545095,train,scaffold,123
A71EV2A-x3550a,585e2abf2c57cd64,COc1ccccc1CC(=O)N1C[C@@H](C(N)=O)CC[C@@H]1C,O=C(Cc1ccccc1)N1CCCCC1,4.411260481653311,test,scaffold,123
A71EV2A-x3556a,d459d5483f934862,Cn1cc2c(CC(=O)N3CC[C@H](C(N)=O)C3)cccc2n1,O=C(Cc1cccc2n[nH]cc12)N1CCCC1,4.410050398674293,test,scaffold,123
A71EV2A-x3557a,a3b2d5b8fe9392b9,COc1ccc(CC(=O)N2CCC[C@H](C(N)=O)C2)c(OC)c1,O=C(Cc1ccccc1)N1CCCCC1,4.635207042042172,test,scaffold,123
A71EV2A-x3557b,a3b2d5b8fe9392b9,COc1ccc(CC(=O)N2CCC[C@H](C(N)=O)C2)c(OC)c1,O=C(Cc1ccccc1)N1CCCCC1,4.635207042042172,test,scaffold,123
A71EV2A-x3564a,239e09eaf5b9eebf,Cc1ccccc1NC(=O)c1cncc(C(N)=O)c1,O=C(Nc1ccccc1)c1cccnc1,4.632644078973981,train,scaffold,123
A71EV2A-x3568a,62c9a44d0f3d85eb,Cc1ccc2c(C(=O)NCCc3cocn3)c[nH]c2c1,O=C(NCCc1cocn1)c1c[nH]c2ccccc12,5.10808214227103,train,scaffold,123
A71EV2A-x3571a,a4e17d2f79241faf,COc1ccccc1CC(=O)N1CCCC[C@H](C(N)=O)C1,O=C(Cc1ccccc1)N1CCCCCC1,4.952204384072568,train,scaffold,123
A71EV2A-x3571b,a4e17d2f79241faf,COc1ccccc1CC(=O)N1CCCC[C@H](C(N)=O)C1,O=C(Cc1ccccc1)N1CCCCCC1,4.952204384072568,train,scaffold,123
A71EV2A-x3849a,55afabf1174c2e8d,COc1ncccc1CC(=O)N1CCC[C@@H](C(N)=O)C1,O=C(Cc1cccnc1)N1CCCCC1,4.939681121858298,train,scaffold,123
A71EV2A-x3858a,b6f1dada567c3ee2,COc1cccc(Cl)c1CC(=O)N1CCC[C@@H](C(N)=O)C1,O=C(Cc1ccccc1)N1CCCCC1,4.620456050805198,test,scaffold,123
A71EV2A-x3858b,b6f1dada567c3ee2,COc1cccc(Cl)c1CC(=O)N1CCC[C@@H](C(N)=O)C1,O=C(Cc1ccccc1)N1CCCCC1,4.620456050805198,test,scaffold,123
A71EV2A-x3862a,9cc82ea5d4066c71,COc1ccccc1[C@@H](OC)C(=O)N1CCC[C@H](C(N)=O)C1,O=C(Cc1ccccc1)N1CCCCC1,5.523700643055132,test,scaffold,123
A71EV2A-x3867a,b8625fbfc7911114,Cc1ccccc1NC(=O)c1ccc(C)c(C(N)=O)c1,O=C(Nc1ccccc1)c1ccccc1,4.804100347590766,test,scaffold,123
A71EV2A-x3869a,55afabf1174c2e8d,COc1ncccc1CC(=O)N1CCC[C@@H](C(N)=O)C1,O=C(Cc1cccnc1)N1CCCCC1,4.939681121858298,train,scaffold,123
A71EV2A-x3883a,9cc82ea5d4066c71,COc1ccccc1[C@H](OC)C(=O)N1CCC[C@H](C(N)=O)C1,O=C(Cc1ccccc1)N1CCCCC1,5.523700643055132,test,scaffold,123
A71EV2A-x3884a,e781bfcdf8a40784,COc1ccccc1[C@H](NC(=O)OC(C)(C)C)C(=O)N1CCC[C@H](C(N)=O)C1,O=C(Cc1ccccc1)N1CCCCC1,4.930769702637148,test,scaffold,123
A71EV2A-x3884b,e781bfcdf8a40784,COc1ccccc1[C@H](NC(=O)OC(C)(C)C)C(=O)N1CCC[C@H](C(N)=O)C1,O=C(Cc1ccccc1)N1CCCCC1,4.930769702637148,test,scaffold,123
A71EV2A-x3890a,7f7a7b2cf37411d9,COc1ccccc1[C@H](N)C(=O)N1CCC[C@H](C(N)=O)C1,O=C(Cc1ccccc1)N1CCCCC1,5.349983835684398,test,scaffold,123
A71EV2A-x3895a,8c6c8bff6fad9b92,COc1ccccc1CN1C[C@@H](C(N)=O)CC1=O,O=C1CCCN1Cc1ccccc1,4.62709189585908,train,scaffold,123
A71EV2A-x3901a,63f8794a77694094,COc1ccccc1CC(=O)N1CCN[C@H](C(N)=O)C1,O=C(Cc1ccccc1)N1CCNCC1,5.622664040174432,train,scaffold,123
A71EV2A-x3908a,0f563d422a57d1f1,Cc1cccc(N(CC(=O)N2CCCCC2)C(=O)N2CCC[C@H](C(N)=O)C2)c1,O=C(CN(C(=O)N1CCCCC1)c1ccccc1)N1CCCCC1,4.627087997029894,validation,scaffold,123
A71EV2A-x3914a,8daefaa017694b6d,Cn1cc2c(CC(=O)N3CCC[C@H](C(N)=O)C3)cccc2n1,O=C(Cc1cccc2n[nH]cc12)N1CCCCC1,4.405607449624573,train,scaffold,123
A71EV2A-x3936a,e20890f6b07706d2,COC[C@]1(C(=O)N2CCC[C@H](C(N)=O)C2)CCCCO1,O=C(C1CCCCO1)N1CCCCC1,6.0,validation,scaffold,123
A71EV2A-x3937a,a1ef8e1e78382458,CO[C@@H](C(=O)N1CCC[C@H](C(N)=O)C1)c1cccnc1,O=C(Cc1cccnc1)N1CCCCC1,4.227015096629662,train,scaffold,123
A71EV2A-x3939a,9ab8403f1ab360e9,CO[C@@H](C(=O)N1CCC[C@H](C(N)=O)C1)c1ccccc1C,O=C(Cc1ccccc1)N1CCCCC1,4.928117992693875,test,scaffold,123
A71EV2A-x3940a,4a021ffcf674df86,COc1ccc(Cl)cc1CC(=O)N1CCC[C@H](C(N)=O)C1,O=C(Cc1ccccc1)N1CCCCC1,4.727236212379233,test,scaffold,123
A71EV2A-x3942a,24c0d288e68dd274,COc1cccc(Cl)c1CC(=O)N1CCC[C@H](C(N)=O)C1,O=C(Cc1ccccc1)N1CCCCC1,4.78560502978966,test,scaffold,123
A71EV2A-x3944a,a2b96e8da0ba9653,CCN(CC1CC1)C(=O)c1cccc(CC(=O)N2CCC[C@H](C(N)=O)C2)c1,O=C(NCC1CC1)c1cccc(CC(=O)N2CCCCC2)c1,4.908336601699183,train,scaffold,123
A71EV2A-x3954a,1f944c6601e40e94,COc1ccc2c(n1)[C@@H](C(=O)N1CCC[C@H](C(N)=O)C1)CC2,O=C([C@H]1CCc2cccnc21)N1CCCCC1,4.452380443994761,train,scaffold,123
A71EV2A-x3956a,e65b124849b1840f,COc1ccccc1CCN1C[C@@H](C(N)=O)CC1=O,O=C1CCCN1CCc1ccccc1,5.044970753420985,train,scaffold,123
A71EV2A-x3968a,e123cedd649e8d3d,NC(=O)[C@H]1CCCN(C(=O)[C@H](OCC2CCCC2)c2ccccc2)C1,O=C([C@H](OCC1CCCC1)c1ccccc1)N1CCCCC1,5.5670035086585905,train,scaffold,123
A71EV2A-x3975a,a1c8e3cc20424a43,NC(=O)[C@H]1CCCN(C(=O)[C@@H](CN2CCCC2)c2ccccc2)C1,O=C([C@@H](CN1CCCC1)c1ccccc1)N1CCCCC1,5.024630533433036,train,scaffold,123
A71EV2A-x3977a,24575441a47f1bf3,COc1ccccc1CC(=O)N(C)CCC(N)=O,c1ccccc1,4.935542010773082,train,scaffold,123
A71EV2A-x3982a,96d072e6942e7a5a,NC(=O)[C@H]1CCCN(C(=O)C(c2ccccc2)c2ccccc2)C1,O=C(C(c1ccccc1)c1ccccc1)N1CCCCC1,5.179858685151659,train,scaffold,123
A71EV2A-x3986a,e0aab5bbce17ffdc,NC(=O)[C@H]1CCCN(C(=O)[C@@H](Sc2ccccc2)c2ccccc2)C1,O=C([C@@H](Sc1ccccc1)c1ccccc1)N1CCCCC1,5.135488918941608,train,scaffold,123
A71EV2A-x3986b,e0aab5bbce17ffdc,NC(=O)[C@H]1CCCN(C(=O)[C@@H](Sc2ccccc2)c2ccccc2)C1,O=C([C@@H](Sc1ccccc1)c1ccccc1)N1CCCCC1,5.135488918941608,train,scaffold,123
A71EV2A-x3989a,b3591726bc3d7745,NC(=O)[C@H]1CCN(C(=O)Cc2cc(C(F)(F)F)ccc2Cl)C1,O=C(Cc1ccccc1)N1CCCC1,5.04901488179868,train,scaffold,123
A71EV2A-x3990a,ef034ada922aa0b7,COc1ccccc1CC(=O)N1C[C@H](C(N)=O)[C@@H](C(F)(F)F)C1,O=C(Cc1ccccc1)N1CCCC1,5.110698297493689,train,scaffold,123
A71EV2A-x3992a,5e1599b6a4662f25,COc1cccc(Cl)c1NC(=O)N1CC[C@H](C(N)=O)C1,O=C(Nc1ccccc1)N1CCCC1,4.612119831707907,train,scaffold,123
A71EV2A-x3992b,5e1599b6a4662f25,COc1cccc(Cl)c1NC(=O)N1CC[C@H](C(N)=O)C1,O=C(Nc1ccccc1)N1CCCC1,4.612119831707907,train,scaffold,123
A71EV2A-x3993a,ecf15c4326ece1a2,COc1cccc(Cl)c1CC(=O)N1C[C@H](C(N)=O)C[C@H](C(=O)NC2CC2)C1,O=C(NC1CC1)[C@H]1CCCN(C(=O)Cc2ccccc2)C1,4.899323290233971,train,scaffold,123
A71EV2A-x3993b,ecf15c4326ece1a2,COc1cccc(Cl)c1CC(=O)N1C[C@H](C(N)=O)C[C@H](C(=O)NC2CC2)C1,O=C(NC1CC1)[C@H]1CCCN(C(=O)Cc2ccccc2)C1,4.899323290233971,train,scaffold,123
A71EV2A-x4018a,ddfd4944de31a207,COc1ccccc1CC(=O)N1CCC[C@H](C(N)=O)CC1,O=C(Cc1ccccc1)N1CCCCCC1,4.952188702489189,train,scaffold,123
A71EV2A-x4018b,ddfd4944de31a207,COc1ccccc1CC(=O)N1CCC[C@H](C(N)=O)CC1,O=C(Cc1ccccc1)N1CCCCCC1,4.952188702489189,train,scaffold,123
A71EV2A-x4020a,15d23fde487dd4bd,Cc1cccc(CC(=O)N2CCC[C@H](C(N)=O)C2)c1,O=C(Cc1ccccc1)N1CCCCC1,4.290127690297292,test,scaffold,123
A71EV2A-x4020b,15d23fde487dd4bd,Cc1cccc(CC(=O)N2CCC[C@H](C(N)=O)C2)c1,O=C(Cc1ccccc1)N1CCCCC1,4.290127690297292,test,scaffold,123
A71EV2A-x4028a,a5bda5233d57bdb2,COc1ccc(C(F)(F)F)cc1CC(=O)N1CCC[C@H](C(N)=O)C1,O=C(Cc1ccccc1)N1CCCCC1,4.449959375475284,test,scaffold,123
A71EV2A-x4029a,9528fac4c84c5d01,COc1ccccc1CN1C[C@@H](C(N)=O)CCC1=O,O=C1CCCCN1Cc1ccccc1,4.956855685489159,train,scaffold,123
A71EV2A-x4031a,1089bdcdd55fca3e,COc1ncccc1NC(=O)N1CCC[C@H](C(N)=O)C1,O=C(Nc1cccnc1)N1CCCCC1,4.487273331768478,train,scaffold,123
A71EV2A-x4031b,1089bdcdd55fca3e,COc1ncccc1NC(=O)N1CCC[C@H](C(N)=O)C1,O=C(Nc1cccnc1)N1CCCCC1,4.487273331768478,train,scaffold,123
A71EV2A-x4032a,44d668a57037ad8b,COc1ccccc1CC(=O)N1CC[C@@H](CC(N)=O)C1,O=C(Cc1ccccc1)N1CCCC1,5.055150304924533,train,scaffold,123
A71EV2A-x4032b,44d668a57037ad8b,COc1ccccc1CC(=O)N1CC[C@@H](CC(N)=O)C1,O=C(Cc1ccccc1)N1CCCC1,5.055150304924533,train,scaffold,123
A71EV2A-x4035a,d65b66b78a8a3415,COc1cccc(Cl)c1NC(=O)N1CCC[C@H](C(N)=O)C1,O=C(Nc1ccccc1)N1CCCCC1,4.465918205168407,train,scaffold,123
A71EV2A-x4035b,d65b66b78a8a3415,COc1cccc(Cl)c1NC(=O)N1CCC[C@H](C(N)=O)C1,O=C(Nc1ccccc1)N1CCCCC1,4.465918205168407,train,scaffold,123
A71EV2A-x4202a,e52148f553a4c100,NC(=O)[C@H]1CCCN(C(=O)[C@H]2CCc3cccc(Br)c32)C1,O=C([C@H]1CCc2ccccc21)N1CCCCC1,4.479401524821051,train,scaffold,123
A71EV2A-x4202b,e52148f553a4c100,NC(=O)[C@H]1CCCN(C(=O)[C@H]2CCc3cccc(Br)c32)C1,O=C([C@H]1CCc2ccccc21)N1CCCCC1,4.479401524821051,train,scaffold,123
A71EV2A-x4290a,363699fc796e6143,CSc1c(Br)cccc1CC(=O)N1CCC[C@H](C(N)=O)C1,O=C(Cc1ccccc1)N1CCCCC1,4.472492797097293,test,scaffold,123
A71EV2A-x4291a,92871daa8b55e436,Cc1cc(C)c(CC(=O)N2CCC[C@H](C(N)=O)C2)c(=O)[nH]1,O=C(Cc1ccc[nH]c1=O)N1CCCCC1,4.306273051076353,train,scaffold,123
A71EV2A-x4295a,95968f4c28c03817,COc1ccccc1[C@@H](O)CN1C[C@@H](C(N)=O)CC1=O,O=C1CCCN1CCc1ccccc1,5.276902343492681,train,scaffold,123
A71EV2A-x4298a,52ac48ebce6a2263,COc1cccc(NC(=O)N2CCC[C@H](C(N)=O)C2)n1,O=C(Nc1ccccn1)N1CCCCC1,5.072431269429168,train,scaffold,123
A71EV2A-x4305a,d1b9e7a1f93e0997,CC(C)Oc1ccccc1NC(=O)N1CCC[C@H](C(N)=O)C1,O=C(Nc1ccccc1)N1CCCCC1,4.877787213913532,train,scaffold,123
A71EV2A-x4306a,8b98fa7c5cda24d0,NC(=O)[C@H]1CCCN(C(=O)Nc2ccccc2OCC(F)(F)F)C1,O=C(Nc1ccccc1)N1CCCCC1,5.15661038833037,train,scaffold,123
A71EV2A-x4308a,9f2012a8d6b3cf32,NC(=O)[C@H]1CCCN(C(=O)Nc2cc3c(cc2Cl)OCO3)C1,O=C(Nc1ccc2c(c1)OCO2)N1CCCCC1,4.6271423700874985,validation,scaffold,123
A71EV2A-x4309a,b183e6b9a86e987f,CCS(=O)(=O)c1ccc(OC)c(NC(=O)N2CCC[C@H](C(N)=O)C2)c1,O=C(Nc1ccccc1)N1CCCCC1,4.09366495819491,train,scaffold,123
A71EV2A-x4309b,b183e6b9a86e987f,CCS(=O)(=O)c1ccc(OC)c(NC(=O)N2CCC[C@H](C(N)=O)C2)c1,O=C(Nc1ccccc1)N1CCCCC1,4.09366495819491,train,scaffold,123
A71EV2A-x4310a,30ae145256761649,COc1c(NC(=O)N2CCC[C@H](C(N)=O)C2)cccc1C(F)(F)F,O=C(Nc1ccccc1)N1CCCCC1,5.032452023781138,train,scaffold,123
A71EV2A-x4310b,30ae145256761649,COc1c(NC(=O)N2CCC[C@H](C(N)=O)C2)cccc1C(F)(F)F,O=C(Nc1ccccc1)N1CCCCC1,5.032452023781138,train,scaffold,123
A71EV2A-x4311a,b29b3347aefa370d,CC(C)(C)c1ccccc1NC(=O)N1CCC[C@H](C(N)=O)C1,O=C(Nc1ccccc1)N1CCCCC1,4.916961547867879,train,scaffold,123
A71EV2A-x4312a,a4f757ff4bd38986,NC(=O)[C@H]1CC(=O)N(Cc2cccc3c2OCC3)C1,O=C1CCCN1Cc1cccc2c1OCC2,5.0762380391713,train,scaffold,123
A71EV2A-x4313a,32f66b06e39480cb,COc1ccccc1[C@H](C)CN1C[C@@H](C(N)=O)CC1=O,O=C1CCCN1CCc1ccccc1,4.917407524166997,train,scaffold,123
A71EV2A-x4316a,8a9cd2b40177d3cb,COc1cccc2c1CC[C@H]2N1C[C@@H](C(N)=O)CCC1=O,O=C1CCCCN1[C@@H]1CCc2ccccc21,4.789637072991269,train,scaffold,123
A71EV2A-x4319a,9fb926acb21e2b86,NC(=O)[C@H]1CCCN(C(=O)Cc2ccccc2OC(F)F)C1,O=C(Cc1ccccc1)N1CCCCC1,4.2296663664747784,test,scaffold,123
A71EV2A-x4320a,e8ec34acf21e920a,NC(=O)[C@H]1CCCN(C(=O)Cc2ccc3c(c2)CCC(=O)N3)C1,O=C1CCc2cc(CC(=O)N3CCCCC3)ccc2N1,4.349692476868063,train,scaffold,123
A71EV2A-x4321a,6123bf323f9af8e8,N#CCc1ccccc1CC(=O)N1CCC[C@H](C(N)=O)C1,O=C(Cc1ccccc1)N1CCCCC1,5.101757238648579,test,scaffold,123
A71EV2A-x4321b,6123bf323f9af8e8,N#CCc1ccccc1CC(=O)N1CCC[C@H](C(N)=O)C1,O=C(Cc1ccccc1)N1CCCCC1,5.101757238648579,test,scaffold,123
A71EV2A-x4322a,3fc48a3a7fe17432,CC(=O)Nc1ccccc1CC(=O)N1CCC[C@H](C(N)=O)C1,O=C(Cc1ccccc1)N1CCCCC1,4.265200170411153,test,scaffold,123
A71EV2A-x4334a,3d9a6f73991da5cb,CSc1cccc(CC(=O)N2CCC[C@H](C(N)=O)C2)c1,O=C(Cc1ccccc1)N1CCCCC1,4.1650303504723505,test,scaffold,123
A71EV2A-x4334b,3d9a6f73991da5cb,CSc1cccc(CC(=O)N2CCC[C@H](C(N)=O)C2)c1,O=C(Cc1ccccc1)N1CCCCC1,4.1650303504723505,test,scaffold,123
A71EV2A-x4336a,c5c87dc44e5c0fd5,NC(=O)[C@H]1CCCN(C(=O)Cc2cccc(Cl)c2Cl)C1,O=C(Cc1ccccc1)N1CCCCC1,4.065026720650614,test,scaffold,123
A71EV2A-x4341a,451b042451982fae,NC(=O)[C@H]1CCCN(C(=O)Cc2cccc3sccc23)C1,O=C(Cc1cccc2sccc12)N1CCCCC1,3.9387751065420744,train,scaffold,123
A71EV2A-x4344a,e1d02e63a0c23381,NC(=O)[C@H]1CCCN(C(=O)Cc2cccc3c2CCC3)C1,O=C(Cc1cccc2c1CCC2)N1CCCCC1,3.9502403164313624,validation,scaffold,123
A71EV2A-x4347a,d77f37aabeec3eaf,COc1ncccc1CC(=O)N1CCC[C@H](C(N)=O)C1,O=C(Cc1cccnc1)N1CCCCC1,4.286509456906058,train,scaffold,123
A71EV2A-x4351a,b571b53e19c29075,NC(=O)C[C@H]1CCCN(c2ncnc3ccccc23)C1,c1ccc2c(N3CCCCC3)ncnc2c1,4.959254335737151,train,scaffold,123
A71EV2A-x4368a,e07fd86a43f50d88,COCc1ccccc1CC(=O)N1CCC[C@H](C(N)=O)C1,O=C(Cc1ccccc1)N1CCCCC1,4.576757218249551,test,scaffold,123
A71EV2A-x4372a,e132fd3091ddbb85,NC(=O)[C@H]1CCCN(C(=O)Cc2cccnc2O)C1,O=C(Cc1cccnc1)N1CCCCC1,5.153756287657022,train,scaffold,123
A71EV2A-x4374a,a66d97d8e36af137,NC(=O)[C@H]1CCCN(C(=O)Cc2ccccc2CO)C1,O=C(Cc1ccccc1)N1CCCCC1,4.345773777137761,test,scaffold,123
A71EV2A-x4374b,a66d97d8e36af137,NC(=O)[C@H]1CCCN(C(=O)Cc2ccccc2CO)C1,O=C(Cc1ccccc1)N1CCCCC1,4.345773777137761,test,scaffold,123
A71EV2A-x4381a,c7bcc0777eb6ffa3,NC(=O)[C@H]1CCCN(C(=O)Cc2cc(C(F)(F)F)ccc2C(F)(F)F)C1,O=C(Cc1ccccc1)N1CCCCC1,3.806800765395556,test,scaffold,123
A71EV2A-x4203a,0a1c4a3a5e2a0718,COc1cc(Cl)ccc1CC(=O)N1CCC[C@H](C(N)=O)C1,O=C(Cc1ccccc1)N1CCCCC1,4.018634490921456,test,scaffold,123
A71EV2A-x4207a,2f430e43c57597b4,COc1ccccc1[C@@H](NC(C)=O)C(=O)N1CCC[C@H](C(N)=O)C1,O=C(Cc1ccccc1)N1CCCCC1,5.238439218136987,test,scaffold,123
A71EV2A-x4207b,2f430e43c57597b4,COc1ccccc1[C@@H](NC(C)=O)C(=O)N1CCC[C@H](C(N)=O)C1,O=C(Cc1ccccc1)N1CCCCC1,5.238439218136987,test,scaffold,123
A71EV2A-x4209a,50ff5b64012057d2,COc1cccc(Cl)c1CC(=O)N1CCC[C@H](C(N)=O)C1,O=C(Cc1ccccc1)N1CCCCC1,4.37828501116997,test,scaffold,123
A71EV2A-x4214a,2908bd7e63199081,COc1ccccc1S(=O)(=O)N1CCC[C@H](C(N)=O)C1,O=S(=O)(c1ccccc1)N1CCCCC1,5.161780778092374,train,scaffold,123
A71EV2A-x4214b,2908bd7e63199081,COc1ccccc1S(=O)(=O)N1CCC[C@H](C(N)=O)C1,O=S(=O)(c1ccccc1)N1CCCCC1,5.161780778092374,train,scaffold,123
A71EV2A-x4237a,2a042ed13640df7c,NC(=O)[C@H]1CCCN(C(=O)[C@@H](Cc2ccc(F)cc2)c2ccccc2)C1,O=C([C@@H](Cc1ccccc1)c1ccccc1)N1CCCCC1,5.478592246479633,train,scaffold,123
A71EV2A-x4237b,2a042ed13640df7c,NC(=O)[C@H]1CCCN(C(=O)[C@@H](Cc2ccc(F)cc2)c2ccccc2)C1,O=C([C@@H](Cc1ccccc1)c1ccccc1)N1CCCCC1,5.478592246479633,train,scaffold,123
A71EV2A-x4237c,2a042ed13640df7c,NC(=O)[C@H]1CCCN(C(=O)[C@@H](Cc2ccc(F)cc2)c2ccccc2)C1,O=C([C@@H](Cc1ccccc1)c1ccccc1)N1CCCCC1,5.478592246479633,train,scaffold,123
A71EV2A-x4237d,2a042ed13640df7c,NC(=O)[C@H]1CCCN(C(=O)[C@@H](Cc2ccc(F)cc2)c2ccccc2)C1,O=C([C@@H](Cc1ccccc1)c1ccccc1)N1CCCCC1,5.478592246479633,train,scaffold,123
A71EV2A-x4239a,de96858af2f58275,COc1cccc(Cl)c1CC(=O)N1C[C@H](C(N)=O)[C@H]2CCC[C@H]21,O=C(Cc1ccccc1)N1CC[C@H]2CCC[C@H]21,4.819608655063361,validation,scaffold,123
A71EV2A-x4260a,4041327c4a264834,NC(=O)[C@H]1CCCN(C(=O)[C@H]2CCOc3ccc(Cl)cc32)C1,O=C([C@H]1CCOc2ccccc21)N1CCCCC1,5.28547334915742,train,scaffold,123
A71EV2A-x4274a,8846489d880c1877,COc1cccnc1CN1CCC[C@H](C(N)=O)C1,c1ccc(CN2CCCCC2)nc1,5.576653344896242,train,scaffold,123
A71EV2A-x4274b,8846489d880c1877,COc1cccnc1CN1CCC[C@H](C(N)=O)C1,c1ccc(CN2CCCCC2)nc1,5.576653344896242,train,scaffold,123
A71EV2A-x4283a,d6092b98cda18ea7,COc1cccnc1CC(=O)N1CCC[C@H](C(N)=O)C1,O=C(Cc1ccccn1)N1CCCCC1,4.648165195719463,train,scaffold,123
A71EV2A-x4283b,d6092b98cda18ea7,COc1cccnc1CC(=O)N1CCC[C@H](C(N)=O)C1,O=C(Cc1ccccn1)N1CCCCC1,4.648165195719463,train,scaffold,123
A71EV2A-x4386a,eea0e4843aa0c232,CSc1ccccc1CC(=O)N1CCC[C@H](C(N)=O)C1,O=C(Cc1ccccc1)N1CCCCC1,5.393063563669464,test,scaffold,123
A71EV2A-x4388a,1907738be0e8545c,COc1ncc(Br)cc1CC(=O)N1CCC[C@H](C(N)=O)C1,O=C(Cc1cccnc1)N1CCCCC1,4.832067775571805,train,scaffold,123
A71EV2A-x4402a,7429515cd4091f89,Cc1cccc(N2CCCN(CCC(N)=O)C2=O)c1,O=C1NCCCN1c1ccccc1,4.9115465169214945,train,scaffold,123
A71EV2A-x4403a,e3b322d6d3a5f0c1,NC(=O)[C@H]1CCCN(C(=O)Cc2ccccc2CS(N)(=O)=O)C1,O=C(Cc1ccccc1)N1CCCCC1,4.135380979941972,test,scaffold,123
A71EV2A-x4406a,5d60b8eeb5db7f03,COc1ccccc1[C@H](O)CN1C[C@@H](C(N)=O)CCC1=O,O=C1CCCCN1CCc1ccccc1,5.212129340035951,train,scaffold,123
A71EV2A-x4409a,bfcb37d5dc6d9fe1,NC(=O)[C@H]1CCC(=O)N(C[C@H]2CCOc3ccccc32)C1,O=C1CCCCN1C[C@H]1CCOc2ccccc21,4.620443689892642,train,scaffold,123
A71EV2A-x4416a,f87c6c41659133ae,NC(=O)[C@H]1CCCN(C(=O)[C@]2(Cc3ccc(F)cc3)CCCCO2)C1,O=C(N1CCCCC1)[C@]1(Cc2ccccc2)CCCCO1,4.609064892896621,train,scaffold,123
A71EV2A-x4418a,20b1c2efbde48a31,COc1ncccc1NC(=O)N1CC[C@H](C(N)=O)C1,O=C(Nc1cccnc1)N1CCCC1,4.618016608302379,validation,scaffold,123
A71EV2A-x4426a,b9bac7abb30b3092,C#C[C@H](NCCc1cocn1)c1nn(C)c2ccccc12,c1ccc2c(CNCCc3cocn3)n[nH]c2c1,4.716801953096995,validation,scaffold,123
A71EV2A-x4429a,d33109ce3ffbbefd,COc1ccc(C(F)(F)F)cc1NC(=O)N1CCC[C@H](C(N)=O)C1,O=C(Nc1ccccc1)N1CCCCC1,4.069229199277436,train,scaffold,123
A71EV2A-x4431a,cdc6cc8d70d6b19e,CSc1ccc(Br)cc1CC(=O)N1CCC[C@H](C(N)=O)C1,O=C(Cc1ccccc1)N1CCCCC1,6.504803930407411,test,scaffold,123
A71EV2A-x4445a,c45442ac0150e524,COc1ccccc1[C@H](C)C(=O)N1CCC[C@H](C(N)=O)C1,O=C(Cc1ccccc1)N1CCCCC1,5.415903931859735,test,scaffold,123
A71EV2A-x4445b,c45442ac0150e524,COc1ccccc1[C@H](C)C(=O)N1CCC[C@H](C(N)=O)C1,O=C(Cc1ccccc1)N1CCCCC1,5.415903931859735,test,scaffold,123
A71EV2A-x4447a,326d046d570f7829,Cn1cnc2c(NC(=O)N3CCC[C@H](C(N)=O)C3)cccc21,O=C(Nc1cccc2[nH]cnc12)N1CCCCC1,5.398637148380375,validation,scaffold,123
A71EV2A-x4447b,326d046d570f7829,Cn1cnc2c(NC(=O)N3CCC[C@H](C(N)=O)C3)cccc21,O=C(Nc1cccc2[nH]cnc12)N1CCCCC1,5.398637148380375,validation,scaffold,123
A71EV2A-x4449a,2f430e43c57597b4,COc1ccccc1[C@H](NC(C)=O)C(=O)N1CCC[C@H](C(N)=O)C1,O=C(Cc1ccccc1)N1CCCCC1,5.238439218136987,test,scaffold,123
A71EV2A-x4449b,2f430e43c57597b4,COc1ccccc1[C@H](NC(C)=O)C(=O)N1CCC[C@H](C(N)=O)C1,O=C(Cc1ccccc1)N1CCCCC1,5.238439218136987,test,scaffold,123
A71EV2A-x4451a,df19685ba471c4b0,NC(=O)[C@H]1CCCN(C(=O)[C@H](c2ccccc2)n2cccn2)C1,O=C([C@H](c1ccccc1)n1cccn1)N1CCCCC1,4.869666231504994,train,scaffold,123
A71EV2A-x4451b,df19685ba471c4b0,NC(=O)[C@H]1CCCN(C(=O)[C@H](c2ccccc2)n2cccn2)C1,O=C([C@H](c1ccccc1)n1cccn1)N1CCCCC1,4.869666231504994,train,scaffold,123
A71EV2A-x4456a,328885d87dd1a309,NC(=O)[C@H]1CCCN(C(=O)[C@@H]2CCc3cccc(O)c32)C1,O=C([C@@H]1CCc2ccccc21)N1CCCCC1,5.148337017678052,train,scaffold,123
A71EV2A-x4456b,328885d87dd1a309,NC(=O)[C@H]1CCCN(C(=O)[C@@H]2CCc3cccc(O)c32)C1,O=C([C@@H]1CCc2ccccc21)N1CCCCC1,5.148337017678052,train,scaffold,123
A71EV2A-x4461a,8c7669995ef3729e,NC(=O)[C@H]1CCCN(C(=O)Cc2ccncc2Cl)C1,O=C(Cc1ccncc1)N1CCCCC1,5.18523404082538,validation,scaffold,123
A71EV2A-x4463a,f811f95924d5b059,NC(=O)[C@H]1CCCN(C(=O)Cc2cccc3nsnc23)C1,O=C(Cc1cccc2nsnc12)N1CCCCC1,4.492392502728005,train,scaffold,123
A71EV2A-x4464a,02dd1f06d459c2fb,Cc1ncnc(C)c1CC(=O)N1CCC[C@H](C(N)=O)C1,O=C(Cc1cncnc1)N1CCCCC1,3.654064344980796,train,scaffold,123
A71EV2A-x4472a,af10c4fe94b160bf,NC(=O)[C@H]1CCCN(C(=O)[C@H]2CCc3snnc32)C1,O=C([C@H]1CCc2snnc21)N1CCCCC1,4.667561540084395,test,scaffold,123
A71EV2A-x4476a,f25ed8ad11ccd1c9,COc1ccccc1CC(=O)N1C[C@]2(C(N)=O)CC[C@H]1C2,O=C(Cc1ccccc1)N1CC2CC[C@H]1C2,4.6216971581255635,train,scaffold,123
A71EV2A-x4510a,81b7f515cba1e602,C[C@H](C(=O)N1CCC[C@H](C(N)=O)C1)c1cn(C)nc1C(F)(F)F,O=C(Cc1cn[nH]c1)N1CCCCC1,4.462842099070634,train,scaffold,123
A71EV2A-x4514a,7634b3098a676cdb,NC(=O)[C@H]1CCCN(C(=O)C2(c3ccoc3)CCC2)C1,O=C(N1CCCCC1)C1(c2ccoc2)CCC1,4.618930913825583,train,scaffold,123
A71EV2A-x4519a,6ecdc1ff9fa11920,NC(=O)[C@H]1CCCN(C(=O)Cc2ncc3ccc(Br)cn23)C1,O=C(Cc1ncc2ccccn12)N1CCCCC1,4.424218724311264,validation,scaffold,123
A71EV2A-x4519b,6ecdc1ff9fa11920,NC(=O)[C@H]1CCCN(C(=O)Cc2ncc3ccc(Br)cn23)C1,O=C(Cc1ncc2ccccn12)N1CCCCC1,4.424218724311264,validation,scaffold,123
A71EV2A-x4524a,b8aaa3e6ccec636d,COc1cccc(NC(=O)N2CCC[C@H](C(N)=O)C2)c1Cl,O=C(Nc1ccccc1)N1CCCCC1,4.612661045864782,train,scaffold,123
A71EV2A-x4540a,3b5d8f6bfe5b3639,NC(=O)[C@H]1CCCN(C(=O)Cn2cc(Br)cc(Cl)c2=O)C1,O=C(Cn1ccccc1=O)N1CCCCC1,3.7253509633996433,train,scaffold,123
A71EV2A-x4547a,27d1e2c1d73a8b05,Cn1nc(CN2C[C@H](C(N)=O)CCC2=O)c2ccccc21,O=C1CCCCN1Cc1n[nH]c2ccccc12,5.116903441948165,train,scaffold,123
A71EV2A-x4554a,68e527a3d32c97df,COc1cccc(SC)c1NC(=O)N1CCC[C@H](C(N)=O)C1,O=C(Nc1ccccc1)N1CCCCC1,5.161195917717353,train,scaffold,123
A71EV2A-x4571a,81b7f515cba1e602,C[C@H](C(=O)N1CCC[C@H](C(N)=O)C1)c1cn(C)nc1C(F)(F)F,O=C(Cc1cn[nH]c1)N1CCCCC1,4.462842099070634,train,scaffold,123
A71EV2A-x4575a,7634b3098a676cdb,NC(=O)[C@H]1CCCN(C(=O)C2(c3ccoc3)CCC2)C1,O=C(N1CCCCC1)C1(c2ccoc2)CCC1,4.618930913825583,train,scaffold,123
A71EV2A-x4580a,6ecdc1ff9fa11920,NC(=O)[C@H]1CCCN(C(=O)Cc2ncc3ccc(Br)cn23)C1,O=C(Cc1ncc2ccccn12)N1CCCCC1,4.424218724311264,validation,scaffold,123
A71EV2A-x4580b,6ecdc1ff9fa11920,NC(=O)[C@H]1CCCN(C(=O)Cc2ncc3ccc(Br)cn23)C1,O=C(Cc1ncc2ccccn12)N1CCCCC1,4.424218724311264,validation,scaffold,123
A71EV2A-x4583a,83ec6abb91dc7519,CN1c2ccccc2C[C@@H]1C(=O)N1CCC[C@H](C(N)=O)C1,O=C([C@H]1Cc2ccccc2N1)N1CCCCC1,4.598941671349912,train,scaffold,123
A71EV2A-x4583b,83ec6abb91dc7519,CN1c2ccccc2C[C@@H]1C(=O)N1CCC[C@H](C(N)=O)C1,O=C([C@H]1Cc2ccccc2N1)N1CCCCC1,4.598941671349912,train,scaffold,123
A71EV2A-x4596a,b659add1e7ade706,NC(=O)[C@H]1CCC(=O)N(Cc2ccc3cc[nH]c3c2)C1,O=C1CCCCN1Cc1ccc2cc[nH]c2c1,4.611743840379951,validation,scaffold,123
A71EV2A-x4596b,b659add1e7ade706,NC(=O)[C@H]1CCC(=O)N(Cc2ccc3cc[nH]c3c2)C1,O=C1CCCCN1Cc1ccc2cc[nH]c2c1,4.611743840379951,validation,scaffold,123
A71EV2A-x4606a,8a235b2ffd7e0fbc,NC(=O)[C@H]1CCCN(C(=O)[C@@H]2SCc3cccnc32)C1,O=C([C@@H]1SCc2cccnc21)N1CCCCC1,4.60382166833978,train,scaffold,123
A71EV2A-x4606b,8a235b2ffd7e0fbc,NC(=O)[C@H]1CCCN(C(=O)[C@@H]2SCc3cccnc32)C1,O=C([C@@H]1SCc2cccnc21)N1CCCCC1,4.60382166833978,train,scaffold,123
A71EV2A-x4608a,4c5f4c9caa35ecb7,Cn1cc2c(n1)CCC[C@@H]2C(=O)N1CCC[C@H](C(N)=O)C1,O=C([C@H]1CCCc2n[nH]cc21)N1CCCCC1,3.7495909235288316,validation,scaffold,123
A71EV2A-x4654a,252e8c55addb4b1f,NC(=O)[C@H]1CCCN(C(=O)Nc2cccc3c2S(=O)(=O)CCC3)C1,O=C(Nc1cccc2c1S(=O)(=O)CCC2)N1CCCCC1,4.616184634019569,test,scaffold,123
A71EV2A-x4656a,5daa0f8d3f434bd8,NC(=O)[C@H]1CCCN(C(=O)Nc2ccccc2SC(F)F)C1,O=C(Nc1ccccc1)N1CCCCC1,4.325140144305149,train,scaffold,123
A71EV2A-x4661a,5a2acc7aabbbffbe,COc1ccccc1[C@H](C)N1C[C@@H](C(N)=O)CCC1=O,O=C1CCCCN1Cc1ccccc1,5.565980102355844,train,scaffold,123
A71EV2A-x4669a,284fb4ae8152422d,NC(=O)[C@H]1CCCN(C(=O)Cc2cc3c(cc2Cl)OCCO3)C1,O=C(Cc1ccc2c(c1)OCCO2)N1CCCCC1,4.037176387439713,train,scaffold,123
A71EV2A-x4669b,284fb4ae8152422d,NC(=O)[C@H]1CCCN(C(=O)Cc2cc3c(cc2Cl)OCCO3)C1,O=C(Cc1ccc2c(c1)OCCO2)N1CCCCC1,4.037176387439713,train,scaffold,123
A71EV2A-x4670a,ae93e4a11f3e1688,CSc1cccc(Br)c1CC(=O)N1CCC[C@H](C(N)=O)C1,O=C(Cc1ccccc1)N1CCCCC1,5.23959580735841,test,scaffold,123
A71EV2A-x4674a,64b629f5a66f5529,NC(=O)[C@H]1CCCN(C(=O)Nc2cccc3c2SCCC3)C1,O=C(Nc1cccc2c1SCCC2)N1CCCCC1,4.5141394746468695,validation,scaffold,123
A71EV2A-x4674b,64b629f5a66f5529,NC(=O)[C@H]1CCCN(C(=O)Nc2cccc3c2SCCC3)C1,O=C(Nc1cccc2c1SCCC2)N1CCCCC1,4.5141394746468695,validation,scaffold,123
A71EV2A-x4674c,64b629f5a66f5529,NC(=O)[C@H]1CCCN(C(=O)Nc2cccc3c2SCCC3)C1,O=C(Nc1cccc2c1SCCC2)N1CCCCC1,4.5141394746468695,validation,scaffold,123
A71EV2A-x4675a,3bbdec6dd0fd0506,CS(=O)(=O)c1ccccc1CC(=O)N1CCC[C@H](C(N)=O)C1,O=C(Cc1ccccc1)N1CCCCC1,4.018181392829336,test,scaffold,123
A71EV2A-x4684a,de734a87c6cf6b31,CSc1ccccc1N(C)C(=O)N1CC[C@H](C(N)=O)C1,O=C(Nc1ccccc1)N1CCCC1,4.640164517660112,train,scaffold,123
A71EV2A-x4689a,f1bd966dd0fc3e0f,CSc1cnccc1CC(=O)N1CCC[C@H](C(N)=O)C1,O=C(Cc1ccncc1)N1CCCCC1,4.407893372233542,validation,scaffold,123
A71EV2A-x4694a,8f31dfd851cab16d,CSc1ccccc1CN1C[C@H](C(N)=O)CCC1=O,O=C1CCCCN1Cc1ccccc1,4.6439741428068775,train,scaffold,123
A71EV2A-x4701a,25c2308c6de71c1a,CSCC1(CC(=O)N2CCC[C@H](C(N)=O)C2)CC1,O=C(CC1CC1)N1CCCCC1,4.0270354434741735,train,scaffold,123
A71EV2A-x4703a,93c78a64fbcfeeac,CSc1cn(C)nc1NC(=O)N1CCC[C@H](C(N)=O)C1,O=C(Nc1cc[nH]n1)N1CCCCC1,3.761033004441306,train,scaffold,123
A71EV2A-x4706a,683fb1336e56fe3c,NC(=O)[C@H]1CCCN(C(=O)C2CCSCC2)C1,O=C(C1CCSCC1)N1CCCCC1,4.603800652904264,train,scaffold,123
A71EV2A-x4707a,31f068247b43d2dd,NC(=O)[C@H]1CCCN(C(=O)CC2CSC2)C1,O=C(CC1CSC1)N1CCCCC1,4.607306606035202,train,scaffold,123
A71EV2A-x4708a,753e438d0480476e,NC(=O)[C@H]1CCCN(C(=O)C2(O)CCSCC2)C1,O=C(C1CCSCC1)N1CCCCC1,4.388276691992658,train,scaffold,123
A71EV2A-x4710a,6137aabf041dc07a,CSc1cccc(CN2C[C@H](C(N)=O)CCC2=O)c1,O=C1CCCCN1Cc1ccccc1,4.610891805164698,train,scaffold,123
A71EV2A-x4712a,87272f412801f712,CSc1ccccc1N(C)C(=O)N1CCC[C@H](C(N)=O)C1,O=C(Nc1ccccc1)N1CCCCC1,4.601955140820748,train,scaffold,123
A71EV2A-x4721a,f275c775bd8f28e0,CSc1ccccc1CC(=O)N1CCNC(=O)C1,O=C1CN(C(=O)Cc2ccccc2)CCN1,4.006123085058789,train,scaffold,123
A71EV2A-x4724a,a79ac70bf220ccf2,CSc1ccccc1CC(=O)N1CCC(F)(F)[C@H](C(N)=O)C1,O=C(Cc1ccccc1)N1CCCCC1,4.92096962924201,test,scaffold,123
A71EV2A-x4727a,232817c94ed70a69,CSc1c(NC(=O)N2CCC[C@H](C(N)=O)C2)c(C)nn1C,O=C(Nc1cn[nH]c1)N1CCCCC1,4.6073172842698655,train,scaffold,123
A71EV2A-x4735a,5a2dd330221a77b5,CSc1ccccc1CC(=O)N1CCC[C@@H]1c1cnc[nH]1,O=C(Cc1ccccc1)N1CCC[C@@H]1c1cnc[nH]1,4.853871964321762,train,scaffold,123
A71EV2A-x4736a,48cc85db8adf47cb,CSC[C@@H]1C[C@@H]1C(=O)N1CCC[C@H](C(N)=O)C1,O=C(C1CC1)N1CCCCC1,4.808721339045607,train,scaffold,123
A71EV2A-x4739a,7552a7254278a547,CSc1ccccc1CC(=O)N1CC[C@@H]2[C@H](C1)[C@H]2C(N)=O,O=C(Cc1ccccc1)N1CC[C@H]2C[C@H]2C1,4.558200508454535,train,scaffold,123
A71EV2A-x4745a,2d82d6b98b36fbee,CSc1ccccc1CC(=O)N1CCC[C@H](S(N)(=O)=O)C1,O=C(Cc1ccccc1)N1CCCCC1,4.603800652904264,test,scaffold,123
A71EV2A-x4746a,0256d52d0bccaff9,CSc1ccccc1CC(=O)N1CCC[C@H](C(F)F)C1,O=C(Cc1ccccc1)N1CCCCC1,3.883316455303125,test,scaffold,123
A71EV2A-x4751a,eea404b0012b35b8,CSc1ccccc1CC(=O)N1CCC[C@H](CF)C1,O=C(Cc1ccccc1)N1CCCCC1,4.015189894778023,test,scaffold,123
A71EV2A-x4753a,057feb6f215fc03e,CSc1ccccc1CC(=O)N1CCC[C@](F)(C(N)=O)C1,O=C(Cc1ccccc1)N1CCCCC1,3.8397825513691886,test,scaffold,123
A71EV2A-x4774a,2ac5089ca8183d7d,CSc1nccnc1CC(=O)N1CCC[C@H](C(N)=O)C1,O=C(Cc1cnccn1)N1CCCCC1,4.781195179900988,train,scaffold,123
A71EV2A-x4778a,854abaa24f61432a,COc1ccc(C(F)(F)F)cc1CC(=O)N1CCS[C@H](C(N)=O)C1,O=C(Cc1ccccc1)N1CCSCC1,4.828494707777949,validation,scaffold,123
A71EV2A-x4791a,ff370aacbf854ad9,CSc1ccccc1CC(=O)N1CCC[C@H]2C(=O)NC[C@H]21,O=C1NC[C@@H]2[C@H]1CCCN2C(=O)Cc1ccccc1,4.035167674220528,validation,scaffold,123
A71EV2A-x4794a,3304f6f73387e01f,CSc1ccccc1CC(=O)N1CCC[C@H](O)C1,O=C(Cc1ccccc1)N1CCCCC1,4.0254883072626715,test,scaffold,123
A71EV2A-x4809a,d766d7873f6d4949,CSc1ccccc1CC(=O)N1CCC[C@H](CCO)C1,O=C(Cc1ccccc1)N1CCCCC1,3.7794804346789226,test,scaffold,123
A71EV2A-x4812a,80ad35cdc9cc1377,CSc1cncnc1CC(=O)N1CCC[C@H](C(N)=O)C1,O=C(Cc1ccncn1)N1CCCCC1,4.176969771296364,train,scaffold,123
A71EV2A-x4824a,e2430604325a225a,CSc1ccccc1OC(=O)N1CCC[C@H](C(N)=O)C1,O=C(Oc1ccccc1)N1CCCCC1,5.8268386347140675,train,scaffold,123
A71EV2A-x4824b,e2430604325a225a,CSc1ccccc1OC(=O)N1CCC[C@H](C(N)=O)C1,O=C(Oc1ccccc1)N1CCCCC1,5.8268386347140675,train,scaffold,123
A71EV2A-x4826a,f087ef2dd2c0b6b0,CSc1ccncc1NC(=O)N1CCC[C@H](C(N)=O)C1,O=C(Nc1cccnc1)N1CCCCC1,5.452530294347775,train,scaffold,123
A71EV2A-x4826b,f087ef2dd2c0b6b0,CSc1ccncc1NC(=O)N1CCC[C@H](C(N)=O)C1,O=C(Nc1cccnc1)N1CCCCC1,5.452530294347775,train,scaffold,123
A71EV2A-x4827a,120eeb24e5c4cf97,CSc1ccncc1CC(=O)N1CCC[C@H](C(N)=O)C1,O=C(Cc1cccnc1)N1CCCCC1,5.534026193176526,train,scaffold,123
A71EV2A-x4827b,120eeb24e5c4cf97,CSc1ccncc1CC(=O)N1CCC[C@H](C(N)=O)C1,O=C(Cc1cccnc1)N1CCCCC1,5.534026193176526,train,scaffold,123
A71EV2A-x4829a,aec917c9f9a9d664,COc1ccc(Cl)cc1OC(=O)N1CCC[C@H](C(N)=O)C1,O=C(Oc1ccccc1)N1CCCCC1,5.262803072736122,train,scaffold,123
A71EV2A-x4829b,aec917c9f9a9d664,COc1ccc(Cl)cc1OC(=O)N1CCC[C@H](C(N)=O)C1,O=C(Oc1ccccc1)N1CCCCC1,5.262803072736122,train,scaffold,123
A71EV2A-x4840a,c9deb13f058a34db,NC(=O)c1ccccc1CC(=O)N1CCC[C@H](C(N)=O)C1,O=C(Cc1ccccc1)N1CCCCC1,3.660111973943557,test,scaffold,123
A71EV2A-x4843a,a49bca507467749a,COc1ccc(C(F)(F)F)cc1N(C)C(=O)N1CCC[C@H](C(N)=O)C1,O=C(Nc1ccccc1)N1CCCCC1,4.561127532480804,train,scaffold,123
A71EV2A-x4845a,edb679cb048ffe9e,COc1cc(Br)c(CC(=O)N2CCC[C@H](C(N)=O)C2)cc1OC,O=C(Cc1ccccc1)N1CCCCC1,3.7202298309212716,test,scaffold,123
A71EV2A-x4851a,ed81306aa4d528e3,CSc1c(F)cccc1NC(=O)N1CCC[C@H](C(N)=O)C1,O=C(Nc1ccccc1)N1CCCCC1,4.319967775442991,train,scaffold,123
A71EV2A-x4856a,dfac67b2cbadc88e,CSc1ccc(Br)cc1CC(=O)N1CC[C@H](C(N)=O)C1,O=C(Cc1ccccc1)N1CCCC1,4.166573738364501,train,scaffold,123
A71EV2A-x4873a,b8aaa3e6ccec636d,COc1cccc(NC(=O)N2CCC[C@H](C(N)=O)C2)c1Cl,O=C(Nc1ccccc1)N1CCCCC1,4.612661045864782,train,scaffold,123
A71EV2A-x4873b,b8aaa3e6ccec636d,COc1cccc(NC(=O)N2CCC[C@H](C(N)=O)C2)c1Cl,O=C(Nc1ccccc1)N1CCCCC1,4.612661045864782,train,scaffold,123
A71EV2A-x4883a,800b95ba9bf69f73,CSc1ncccc1NC(=O)N1CCC[C@H](C(N)=O)C1,O=C(Nc1cccnc1)N1CCCCC1,4.2209855861319525,train,scaffold,123
A71EV2A-x4883b,800b95ba9bf69f73,CSc1ncccc1NC(=O)N1CCC[C@H](C(N)=O)C1,O=C(Nc1cccnc1)N1CCCCC1,4.2209855861319525,train,scaffold,123
A71EV2A-x4885a,19716290d11c040c,CSc1ccccc1CC(=O)N1C[C@@H](C)C[C@H](C(N)=O)C1,O=C(Cc1ccccc1)N1CCCCC1,4.1315895194873935,test,scaffold,123
A71EV2A-x4885b,19716290d11c040c,CSc1ccccc1CC(=O)N1C[C@@H](C)C[C@H](C(N)=O)C1,O=C(Cc1ccccc1)N1CCCCC1,4.1315895194873935,test,scaffold,123
A71EV2A-x4894a,0aa6a72efce0102f,CSc1ccccc1CC(=O)N1CCC[C@](O)(C(N)=O)C1,O=C(Cc1ccccc1)N1CCCCC1,3.955966436496336,test,scaffold,123
A71EV2A-x4895a,0e0230ad9c86d357,C[C@H](C(=O)N1CCC[C@H](C(N)=O)C1)c1nc(F)ccc1Cl,O=C(Cc1ccccn1)N1CCCCC1,4.277445359017488,train,scaffold,123
A71EV2A-x4895b,0e0230ad9c86d357,C[C@H](C(=O)N1CCC[C@H](C(N)=O)C1)c1nc(F)ccc1Cl,O=C(Cc1ccccn1)N1CCCCC1,4.277445359017488,train,scaffold,123
A71EV2A-x4899a,c825a7357ae669a8,COc1ncccc1NS(=O)(=O)N1CCC[C@H](C(N)=O)C1,O=S(=O)(Nc1cccnc1)N1CCCCC1,4.601213898998983,train,scaffold,123
A71EV2A-x4899b,c825a7357ae669a8,COc1ncccc1NS(=O)(=O)N1CCC[C@H](C(N)=O)C1,O=S(=O)(Nc1cccnc1)N1CCCCC1,4.601213898998983,train,scaffold,123
A71EV2A-x4903a,aec917c9f9a9d664,COc1ccc(Cl)cc1OC(=O)N1CCC[C@H](C(N)=O)C1,O=C(Oc1ccccc1)N1CCCCC1,5.262803072736122,train,scaffold,123
A71EV2A-x4903b,aec917c9f9a9d664,COc1ccc(Cl)cc1OC(=O)N1CCC[C@H](C(N)=O)C1,O=C(Oc1ccccc1)N1CCCCC1,5.262803072736122,train,scaffold,123
A71EV2A-x4914a,9bc2592d48e6302e,CSc1cccnc1CC(=O)N1CCC[C@H](C(N)=O)C1,O=C(Cc1ccccn1)N1CCCCC1,5.097431091411007,train,scaffold,123
A71EV2A-x4918a,50cf69c217c3871a,CSc1ncccc1CC(=O)N1CCC[C@H](C(N)=O)C1,O=C(Cc1cccnc1)N1CCCCC1,5.072700933344527,train,scaffold,123
A71EV2A-x4922a,d0ab5da39772d03c,CSc1ccccc1N1C[C@@H](C(N)=O)CCC1=O,O=C1CCCCN1c1ccccc1,4.6020599913279625,train,scaffold,123
A71EV2A-x4924a,3537e03d082462b0,NC(=O)[C@H]1CCC(=O)N(Cc2cccc(F)c2)C1,O=C1CCCCN1Cc1ccccc1,4.255233465290414,train,scaffold,123
A71EV2A-x4963a,e9441c0d3b5fe468,COC[C@]12C[C@](C(N)=O)(CN1C(=O)Cc1ccccc1OC)C2,O=C(Cc1ccccc1)N1CC2CC1C2,4.028724151261895,train,scaffold,123
A71EV2A-x4963b,e9441c0d3b5fe468,COC[C@]12C[C@](C(N)=O)(CN1C(=O)Cc1ccccc1OC)C2,O=C(Cc1ccccc1)N1CC2CC1C2,4.028724151261895,train,scaffold,123
A71EV2A-x4974a,047b2ae0d6aa756c,Cn1ncc2ccc(CN3C[C@H](C(N)=O)CCC3=O)cc21,O=C1CCCCN1Cc1ccc2cn[nH]c2c1,4.026655009457717,train,scaffold,123
A71EV2A-x4977a,8042a51a0884d93f,CSc1ccc2ncccc2c1NC(=O)N1CCC[C@H](C(N)=O)C1,O=C(Nc1cccc2ncccc12)N1CCCCC1,6.128863936621021,validation,scaffold,123
A71EV2A-x4977b,8042a51a0884d93f,CSc1ccc2ncccc2c1NC(=O)N1CCC[C@H](C(N)=O)C1,O=C(Nc1cccc2ncccc12)N1CCCCC1,6.128863936621021,validation,scaffold,123
A71EV2A-x4979a,c996b3fc99f3ce75,NC(=O)[C@H]1CCCN(C(=O)Cc2ncncc2Cl)C1,O=C(Cc1ccncn1)N1CCCCC1,4.03673794170959,train,scaffold,123
A71EV2A-x4979b,c996b3fc99f3ce75,NC(=O)[C@H]1CCCN(C(=O)Cc2ncncc2Cl)C1,O=C(Cc1ccncn1)N1CCCCC1,4.03673794170959,train,scaffold,123
A71EV2A-x4986a,d9988f8e016399bc,CSc1ccc(N2CCCC2=O)cc1NC(=O)N1CCC[C@H](C(N)=O)C1,O=C(Nc1cccc(N2CCCC2=O)c1)N1CCCCC1,5.0622764945153795,test,scaffold,123
A71EV2A-x4935a,3659c34713af8b4f,CSc1cscc1CC(=O)N1CCC[C@H](C(N)=O)C1,O=C(Cc1ccsc1)N1CCCCC1,5.073475651835252,train,scaffold,123
A71EV2A-x4940a,0aa6a72efce0102f,CSc1ccccc1CC(=O)N1CCC[C@](O)(C(N)=O)C1,O=C(Cc1ccccc1)N1CCCCC1,3.955966436496336,test,scaffold,123
A71EV2A-x4943a,97bc504a55970e02,NC(=O)[C@H]1CCCN(C(=O)[C@H]2CCSc3ccccc32)C1,O=C([C@H]1CCSc2ccccc21)N1CCCCC1,4.826813731587726,train,scaffold,123
A71EV2A-x4943b,97bc504a55970e02,NC(=O)[C@H]1CCCN(C(=O)[C@H]2CCSc3ccccc32)C1,O=C([C@H]1CCSc2ccccc21)N1CCCCC1,4.826813731587726,train,scaffold,123
A71EV2A-x4954a,0295884419f1a8cb,CCc1ccsc1CN1C[C@@H](C(N)=O)CCC1=O,O=C1CCCCN1Cc1cccs1,4.668737062060432,train,scaffold,123
A71EV2A-x4992a,cfd8c015520363fe,Cn1cc(CC(=O)N2C[C@@H](C(N)=O)C[C@H]3C[C@H]32)cn1,O=C(Cc1cn[nH]c1)N1CCC[C@H]2C[C@H]21,4.608000737058194,train,scaffold,123
A71EV2A-x4994a,a8be6c42880b2cd5,Cn1nc(CC(=O)N2CC(C(N)=O)C2)c2ccccc21,O=C(Cc1n[nH]c2ccccc12)N1CCC1,4.610833915635467,train,scaffold,123
A71EV2A-x5015a,2d89aa283712e021,C=Cc1cccc(CC(=O)N2CCC[C@H](C(N)=O)C2)n1,O=C(Cc1ccccn1)N1CCCCC1,5.099072631333438,train,scaffold,123
A71EV2A-x5015b,2d89aa283712e021,C=Cc1cccc(CC(=O)N2CCC[C@H](C(N)=O)C2)n1,O=C(Cc1ccccn1)N1CCCCC1,5.099072631333438,train,scaffold,123
A71EV2A-x5022a,fee987451b94429a,CSc1nc2c(cc1NC(=O)N1CCC[C@H](C(N)=O)C1)CCCC2,O=C(Nc1cnc2c(c1)CCCC2)N1CCCCC1,4.217527375833714,validation,scaffold,123
A71EV2A-x5022b,fee987451b94429a,CSc1nc2c(cc1NC(=O)N1CCC[C@H](C(N)=O)C1)CCCC2,O=C(Nc1cnc2c(c1)CCCC2)N1CCCCC1,4.217527375833714,validation,scaffold,123
A71EV2A-x5036a,aed712055558441f,COc1cccc(CN2C[C@@H](C(N)=O)CCC2=O)c1,O=C1CCCCN1Cc1ccccc1,4.608183969818477,train,scaffold,123
A71EV2A-x5036b,aed712055558441f,COc1cccc(CN2C[C@@H](C(N)=O)CCC2=O)c1,O=C1CCCCN1Cc1ccccc1,4.608183969818477,train,scaffold,123
A71EV2A-x5039a,99fd61bd6784bc25,CSc1ncncc1CC(=O)N1CCC[C@H](C(N)=O)C1,O=C(Cc1cncnc1)N1CCCCC1,5.186217598084144,train,scaffold,123
A71EV2A-x5039b,99fd61bd6784bc25,CSc1ncncc1CC(=O)N1CCC[C@H](C(N)=O)C1,O=C(Cc1cncnc1)N1CCCCC1,5.186217598084144,train,scaffold,123
A71EV2A-x5052a,97f555f21f49ba3e,NC(=O)[C@@H]1CCC(=O)N([C@@H]2CCCc3ccccc32)C1,O=C1CCCCN1[C@@H]1CCCc2ccccc21,4.5934598195660445,train,scaffold,123
A71EV2A-x5079a,739b626a023977bb,NC(=O)[C@H]1CCCN(C(=O)Cc2cccnc2Cl)C1,O=C(Cc1cccnc1)N1CCCCC1,3.43690985073048,train,scaffold,123
A71EV2A-x5079b,739b626a023977bb,NC(=O)[C@H]1CCCN(C(=O)Cc2cccnc2Cl)C1,O=C(Cc1cccnc1)N1CCCCC1,3.43690985073048,train,scaffold,123
A71EV2A-x5081a,b782ef4d345c20e5,NC(=O)[C@H]1CCCN(C(=O)Cc2cncnc2Cl)C1,O=C(Cc1cncnc1)N1CCCCC1,4.037630664329979,train,scaffold,123
A71EV2A-x5081b,b782ef4d345c20e5,NC(=O)[C@H]1CCCN(C(=O)Cc2cncnc2Cl)C1,O=C(Cc1cncnc1)N1CCCCC1,4.037630664329979,train,scaffold,123
A71EV2A-x5082a,631e18642bc1e28d,N#Cc1cccc(CC(=O)N2CCC[C@H](C(N)=O)C2)n1,O=C(Cc1ccccn1)N1CCCCC1,4.625197671079573,train,scaffold,123
A71EV2A-x5082b,631e18642bc1e28d,N#Cc1cccc(CC(=O)N2CCC[C@H](C(N)=O)C2)n1,O=C(Cc1ccccn1)N1CCCCC1,4.625197671079573,train,scaffold,123
A71EV2A-x5090a,17bd239fc0f6136a,Cn1cc(NS(=O)(=O)N2CCC[C@H](C(N)=O)C2)cn1,O=S(=O)(Nc1cn[nH]c1)N1CCCCC1,5.738140147629213,train,scaffold,123
A71EV2A-x5106a,b8cdd87d33fa42ae,Cn1ccnc1[C@@H](c1ccccc1)N1C[C@@H](C(N)=O)CC1=O,O=C1CCCN1[C@H](c1ccccc1)c1ncc[nH]1,4.649751981665837,train,scaffold,123
A71EV2A-x5150a,17bd239fc0f6136a,Cn1cc(NS(=O)(=O)N2CCC[C@H](C(N)=O)C2)cn1,O=S(=O)(Nc1cn[nH]c1)N1CCCCC1,5.738140147629213,train,scaffold,123
A71EV2A-x5151a,78fe437df9cfc102,NC(=O)[C@H]1CCCN(C(=O)Cc2cccc3c2SCC3)C1,O=C(Cc1cccc2c1SCC2)N1CCCCC1,3.551812748385584,train,scaffold,123
A71EV2A-x5171a,2e9f03e59888a750,CSc1ccccc1CC(=O)N1C[C@H](C(N)=O)C[C@H](C(N)=O)C1,O=C(Cc1ccccc1)N1CCCCC1,5.207231875935455,test,scaffold,123
A71EV2A-x5171b,2e9f03e59888a750,CSc1ccccc1CC(=O)N1C[C@H](C(N)=O)C[C@H](C(N)=O)C1,O=C(Cc1ccccc1)N1CCCCC1,5.207231875935455,test,scaffold,123
A71EV2A-x5177a,508483ec56a3c249,CSc1ccccc1CC(=O)N1C[C@@H](C(N)=O)C[C@H]2C[C@H]21,O=C(Cc1ccccc1)N1CCC[C@H]2C[C@H]21,5.676463453677816,train,scaffold,123
A71EV2A-x5182a,6f3c2dc5cc765440,CSc1ccncc1NS(=O)(=O)N1CCC[C@H](C(N)=O)C1,O=S(=O)(Nc1cccnc1)N1CCCCC1,4.881756561812204,train,scaffold,123
A71EV2A-x5200a,9d043804fdb7475c,CSc1ccccc1CC(=O)N1C[C@H](C)C[C@H](C(N)=O)C1,O=C(Cc1ccccc1)N1CCCCC1,4.494060495927921,test,scaffold,123
A71EV2A-x5203a,346aae162782bf2f,CSc1ccc(Br)cc1CC(=O)N1CCC[C@H](C(N)=O)CC1,O=C(Cc1ccccc1)N1CCCCCC1,4.084730020129478,train,scaffold,123
A71EV2A-x5203b,346aae162782bf2f,CSc1ccc(Br)cc1CC(=O)N1CCC[C@H](C(N)=O)CC1,O=C(Cc1ccccc1)N1CCCCCC1,4.084730020129478,train,scaffold,123
A71EV2A-x5210a,fc5c80ff684ca4a2,NC(=O)[C@H]1CCC(=O)N([C@H]2CCCc3ccccc32)C1,O=C1CCCCN1[C@H]1CCCc2ccccc21,4.631937259138866,train,scaffold,123
A71EV2A-x5210b,fc5c80ff684ca4a2,NC(=O)[C@H]1CCC(=O)N([C@H]2CCCc3ccccc32)C1,O=C1CCCCN1[C@H]1CCCc2ccccc21,4.631937259138866,train,scaffold,123
A71EV2A-x5212a,2d9e6df00cda9724,N#Cc1ncncc1CC(=O)N1CCC[C@H](C(N)=O)C1,O=C(Cc1cncnc1)N1CCCCC1,4.424812155072339,train,scaffold,123
A71EV2A-x5213a,87615e3f986153fe,NC(=O)[C@H]1CCCN(C(=O)Cc2ccnc(Cl)n2)C1,O=C(Cc1ccncn1)N1CCCCC1,4.653647025549361,train,scaffold,123
A71EV2A-x5213b,87615e3f986153fe,NC(=O)[C@H]1CCCN(C(=O)Cc2ccnc(Cl)n2)C1,O=C(Cc1ccncn1)N1CCCCC1,4.653647025549361,train,scaffold,123
A71EV2A-x5221a,62195492c25bb8d4,NC(=O)[C@H]1CCCN(C(=O)Cc2cccc3ncsc23)C1,O=C(Cc1cccc2ncsc12)N1CCCCC1,3.9648133085158968,validation,scaffold,123
A71EV2A-x5226a,26148757a711e6f6,CNC(=O)c1oc2ccccc2c1CN1C[C@@H](C(N)=O)CCC1=O,O=C1CCCCN1Cc1coc2ccccc12,4.027340564735919,train,scaffold,123
A71EV2A-x5231a,f08e7dee0ceb4feb,CS[C@@H]1CCCC[C@H]1OC(=O)N1CCC[C@H](C(N)=O)C1,O=C(OC1CCCCC1)N1CCCCC1,3.5961527992975952,train,scaffold,123
A71EV2A-x5247a,0ea63e1a2e82f042,CSc1ccc(Br)cc1CC(=O)N1C[C@H](C(N)=O)CC[C@H]1C,O=C(Cc1ccccc1)N1CCCCC1,5.370420577541523,test,scaffold,123
A71EV2A-x5247b,0ea63e1a2e82f042,CSc1ccc(Br)cc1CC(=O)N1C[C@H](C(N)=O)CC[C@H]1C,O=C(Cc1ccccc1)N1CCCCC1,5.370420577541523,test,scaffold,123
A71EV2A-x5249a,5a0d46f82d8bcca3,CSc1cccc2c1N(C(=O)N1CCC[C@H](C(N)=O)C1)CCCO2,O=C(N1CCCCC1)N1CCCOc2ccccc21,3.9795272089559,train,scaffold,123
A71EV2A-x5261a,ed57039e80219e22,CSc1ccc2cnccc2c1NC(=O)N1CCC[C@H](C(N)=O)C1,O=C(Nc1cccc2cnccc12)N1CCCCC1,5.772572568212773,train,scaffold,123
A71EV2A-x5262a,b022bc1cdd4e325f,CSc1ccccc1CC(=O)N1C[C@H]2C[C@]1(CC(N)=O)C2,O=C(Cc1ccccc1)N1CC2CC1C2,4.051345937463026,train,scaffold,123
A71EV2A-x5262b,b022bc1cdd4e325f,CSc1ccccc1CC(=O)N1C[C@H]2C[C@]1(CC(N)=O)C2,O=C(Cc1ccccc1)N1CC2CC1C2,4.051345937463026,train,scaffold,123
A71EV2A-x5268a,19e7fe7a03297340,CSc1ccccc1CC(=O)N1C[C@H](C)C[C@H](C(N)=O)C1,O=C(Cc1ccccc1)N1CCCCC1,4.006585256974127,test,scaffold,123
A71EV2A-x5276a,d1df58ffe874e334,CSc1ccc(C2CC2)cc1CC(=O)N1CCC[C@H](C(N)=O)C1,O=C(Cc1cccc(C2CC2)c1)N1CCCCC1,5.5276774658141035,validation,scaffold,123
A71EV2A-x5277a,87228c124c19e9e0,NC(=O)[C@]12CN(C(=O)Cc3ccccc3Cl)C[C@H](C1)C2,O=C(Cc1ccccc1)N1CC2CC(C2)C1,4.0045909104114665,train,scaffold,123
A71EV2A-x5278a,6ec4d5005583242c,COc1ccc(Cl)cc1NS(=O)(=O)N1CCC[C@H](C(N)=O)C1,O=S(=O)(Nc1ccccc1)N1CCCCC1,3.989247537499024,train,scaffold,123
A71EV2A-x5283a,34abbfd71b58152a,CSc1ccc2scnc2c1NC(=O)N1CCC[C@H](C(N)=O)C1,O=C(Nc1cccc2scnc12)N1CCCCC1,5.775683273773221,train,scaffold,123
A71EV2A-x5283b,34abbfd71b58152a,CSc1ccc2scnc2c1NC(=O)N1CCC[C@H](C(N)=O)C1,O=C(Nc1cccc2scnc12)N1CCCCC1,5.775683273773221,train,scaffold,123
A71EV2A-x5288a,662cf78d34dad3ea,CCCSc1cccc(OC)c1NC(=O)N1CCC[C@H](C(N)=O)C1,O=C(Nc1ccccc1)N1CCCCC1,3.79526753551538,train,scaffold,123
A71EV2A-x5288b,662cf78d34dad3ea,CCCSc1cccc(OC)c1NC(=O)N1CCC[C@H](C(N)=O)C1,O=C(Nc1ccccc1)N1CCCCC1,3.79526753551538,train,scaffold,123
A71EV2A-x5289a,d3399b73768173e8,COc1cccc(SC(C)C)c1NC(=O)N1CCC[C@H](C(N)=O)C1,O=C(Nc1ccccc1)N1CCCCC1,5.313218576201494,train,scaffold,123
A71EV2A-x5289b,d3399b73768173e8,COc1cccc(SC(C)C)c1NC(=O)N1CCC[C@H](C(N)=O)C1,O=C(Nc1ccccc1)N1CCCCC1,5.313218576201494,train,scaffold,123
A71EV2A-x5317a,93988f6dd861d4e6,CNC(=O)[C@@H](c1cccc(C)c1)N1C[C@@H](C(N)=O)CC1=O,O=C1CCCN1Cc1ccccc1,4.5968794788241825,train,scaffold,123
A71EV2A-x5339a,3fa72ac9a9f9b6a0,CSc1ccc(Br)cc1CC(=O)N1C[C@H](C(N)=O)CC[C@@H]1C,O=C(Cc1ccccc1)N1CCCCC1,5.163175522827518,test,scaffold,123
A71EV2A-x5339b,3fa72ac9a9f9b6a0,CSc1ccc(Br)cc1CC(=O)N1C[C@H](C(N)=O)CC[C@@H]1C,O=C(Cc1ccccc1)N1CCCCC1,5.163175522827518,test,scaffold,123
A71EV2A-x5351a,1ebdf6d3bd16c475,NC(=O)[C@H]1CCCN(C(=O)OC2CCCCC2)C1,O=C(OC1CCCCC1)N1CCCCC1,4.042264201974706,train,scaffold,123
A71EV2A-x5359a,7c189aea850aef57,C=Cc1ccccc1CS(=O)(=O)N1CCC[C@H](C(N)=O)C1,O=S(=O)(Cc1ccccc1)N1CCCCC1,4.5951662833800615,train,scaffold,123
A71EV2A-x5366a,3fa72ac9a9f9b6a0,CSc1ccc(Br)cc1CC(=O)N1C[C@@H](C(N)=O)CC[C@H]1C,O=C(Cc1ccccc1)N1CCCCC1,5.163175522827518,test,scaffold,123
A71EV2A-x5366b,3fa72ac9a9f9b6a0,CSc1ccc(Br)cc1CC(=O)N1C[C@@H](C(N)=O)CC[C@H]1C,O=C(Cc1ccccc1)N1CCCCC1,5.163175522827518,test,scaffold,123
A71EV2A-x5383a,9420cbb4b331a8e7,CSc1ccccc1[C@@H](NC(C)=O)C(=O)N1CC[C@H](C(N)=O)C1,O=C(Cc1ccccc1)N1CCCC1,5.186061162833519,train,scaffold,123
A71EV2A-x5387a,1fc129a4d7626aff,CSc1ccccc1CC(=O)N1C[C@@H](O)C[C@H](C(N)=O)C1,O=C(Cc1ccccc1)N1CCCCC1,3.66094239119996,test,scaffold,123
A71EV2A-x5387b,1fc129a4d7626aff,CSc1ccccc1CC(=O)N1C[C@@H](O)C[C@H](C(N)=O)C1,O=C(Cc1ccccc1)N1CCCCC1,3.66094239119996,test,scaffold,123
A71EV2A-x5389a,d7345037da94d508,COc1cccc2c1N(C(=O)N1CCC[C@H](C(N)=O)C1)CCS2,O=C(N1CCCCC1)N1CCSc2ccccc21,4.29598340377612,train,scaffold,123
A71EV2A-x5398a,0e84819a9e1a93c0,COC[C@]1(C)C[C@H](C(N)=O)CN1C(=O)Cc1cc(Br)ccc1SC,O=C(Cc1ccccc1)N1CCCC1,5.510062512868513,train,scaffold,123
A71EV2A-x5403a,94ea28859025e9c3,CSc1ccc(SC(C)(C)C)cc1CC(=O)N1CCC[C@H](C(N)=O)C1,O=C(Cc1ccccc1)N1CCCCC1,5.1112214896446675,test,scaffold,123
A71EV2A-x5409a,989861e4e6276412,NC(=O)CC1CCN(C(=O)c2cccc(F)c2)CC1,O=C(c1ccccc1)N1CCCCC1,4.5977462809495115,train,scaffold,123
A71EV2A-x5409b,989861e4e6276412,NC(=O)CC1CCN(C(=O)c2cccc(F)c2)CC1,O=C(c1ccccc1)N1CCCCC1,4.5977462809495115,train,scaffold,123
A71EV2A-x5424a,78e771fa81718205,Cc1ccc(CC(=O)N2CCC[C@H](C(N)=O)C2)s1,O=C(Cc1cccs1)N1CCCCC1,4.633044431676764,train,scaffold,123
A71EV2A-x5424b,78e771fa81718205,Cc1ccc(CC(=O)N2CCC[C@H](C(N)=O)C2)s1,O=C(Cc1cccs1)N1CCCCC1,4.633044431676764,train,scaffold,123
A71EV2A-x5425a,c742772da9168ff2,NC(=O)[C@H]1CCCN(C(=O)Cc2ccsc2)C1,O=C(Cc1ccsc1)N1CCCCC1,4.589713631215067,train,scaffold,123
A71EV2A-x5425b,c742772da9168ff2,NC(=O)[C@H]1CCCN(C(=O)Cc2ccsc2)C1,O=C(Cc1ccsc1)N1CCCCC1,4.589713631215067,train,scaffold,123
A71EV2A-x5427a,f09b1aea1574f712,NC(=O)[C@H]1CCN(C(=O)Cc2c(Cl)cccc2Cl)C1,O=C(Cc1ccccc1)N1CCCC1,4.7544873321858505,train,scaffold,123
A71EV2A-x5431a,cc2745578fe4ded7,NC(=O)[C@H]1CCN(C(=O)[C@@H]2SCCc3sccc32)C1,O=C([C@@H]1SCCc2sccc21)N1CCCC1,4.430090742898188,validation,scaffold,123
A71EV2A-x5448a,6ed606513dfe7797,N#Cc1nccc(CC(=O)N2CCC[C@H](C(N)=O)C2)n1,O=C(Cc1ccncn1)N1CCCCC1,4.006352818021342,train,scaffold,123
A71EV2A-x5449a,c10f89c9c8e694bc,CSc1ccc(S(C)(=O)=O)cc1CC(=O)N1CCC[C@H](C(N)=O)C1,O=C(Cc1ccccc1)N1CCCCC1,5.609697925694327,test,scaffold,123
A71EV2A-x5449b,c10f89c9c8e694bc,CSc1ccc(S(C)(=O)=O)cc1CC(=O)N1CCC[C@H](C(N)=O)C1,O=C(Cc1ccccc1)N1CCCCC1,5.609697925694327,test,scaffold,123
A71EV2A-x5466a,b57cadabd7ee8683,C#Cc1ccc(C)c(OC(=O)N2CCC[C@H](C(N)=O)C2)c1,O=C(Oc1ccccc1)N1CCCCC1,3.8964015060220625,train,scaffold,123
A71EV2A-x5475a,ae024d23db76c83f,CSc1ccc2c(c1)[C@H](C(=O)N1CCC[C@H](C(N)=O)C1)CCO2,O=C([C@@H]1CCOc2ccccc21)N1CCCCC1,4.060454118763697,validation,scaffold,123
A71EV2A-x5475b,ae024d23db76c83f,CSc1ccc2c(c1)[C@H](C(=O)N1CCC[C@H](C(N)=O)C1)CCO2,O=C([C@@H]1CCOc2ccccc21)N1CCCCC1,4.060454118763697,validation,scaffold,123
A71EV2A-x5479a,e2e11496cdfc9f39,Cc1ccc2cccnc2c1OC(=O)N1CCC[C@H](C(N)=O)C1,O=C(Oc1cccc2cccnc12)N1CCCCC1,4.597502408486665,train,scaffold,123
A71EV2A-x5482a,ee5dc398b2f2c83e,Cc1cc2sccc2c(Cl)c1OC(=O)N1CCC[C@H](C(N)=O)C1,O=C(Oc1ccc2sccc2c1)N1CCCCC1,4.215114698485657,train,scaffold,123
A71EV2A-x5488a,52d36b249680b581,COC[C@H]1CC[C@H](C(N)=O)CN1C(=O)Cc1ccccc1SC,O=C(Cc1ccccc1)N1CCCCC1,4.011460574435142,test,scaffold,123
A71EV2A-x5494a,4f008d1666112a0e,CSc1ccc(Br)cc1CC(=O)N1CCC[C@H](C(N)=O)[C@@H]1C,O=C(Cc1ccccc1)N1CCCCC1,4.01122507362837,test,scaffold,123
A71EV2A-x5497a,37e8558a40f6c52b,CN(C)C(=O)[C@@H](c1ccccc1)N1C[C@@H](C(N)=O)CC1=O,O=C1CCCN1Cc1ccccc1,4.003097753980533,train,scaffold,123
A71EV2A-x5509a,942c6561c18d047f,CSc1ccc(-c2ccncc2)cc1CC(=O)N1CCC[C@H](C(N)=O)C1,O=C(Cc1cccc(-c2ccncc2)c1)N1CCCCC1,5.983523026568097,train,scaffold,123
A71EV2A-x5512a,6a91272bd031bc86,CSc1ccc(C(=O)Nc2ccncc2)cc1CC(=O)N1CCC[C@H](C(N)=O)C1,O=C(Nc1ccncc1)c1cccc(CC(=O)N2CCCCC2)c1,6.058292496038209,validation,scaffold,123
A71EV2A-x5512b,6a91272bd031bc86,CSc1ccc(C(=O)Nc2ccncc2)cc1CC(=O)N1CCC[C@H](C(N)=O)C1,O=C(Nc1ccncc1)c1cccc(CC(=O)N2CCCCC2)c1,6.058292496038209,validation,scaffold,123
A71EV2A-x5525a,c9c952c6872a4fab,CSc1ccc(-c2cc[nH]n2)cc1CC(=O)N1CCC[C@H](C(N)=O)C1,O=C(Cc1cccc(-c2cc[nH]n2)c1)N1CCCCC1,5.955905430140241,train,scaffold,123
A71EV2A-x5525b,c9c952c6872a4fab,CSc1ccc(-c2cc[nH]n2)cc1CC(=O)N1CCC[C@H](C(N)=O)C1,O=C(Cc1cccc(-c2cc[nH]n2)c1)N1CCCCC1,5.955905430140241,train,scaffold,123
A71EV2A-x5526a,2b52e164324daab2,CSc1ccc(-c2ccccc2)cc1CC(=O)N1CCC[C@H](C(N)=O)C1,O=C(Cc1cccc(-c2ccccc2)c1)N1CCCCC1,5.7575850142068425,train,scaffold,123
A71EV2A-x5533a,bd03e55d6ae77cbf,CSc1ccc(OC2CC2)cc1NC(=O)N1CCC[C@H](C(N)=O)C1,O=C(Nc1cccc(OC2CC2)c1)N1CCCCC1,4.674438823846753,validation,scaffold,123
A71EV2A-x5544a,441a54610cfa1d86,CSc1ncnc(-c2cn[nH]c2)c1CC(=O)N1CCC[C@H](C(N)=O)C1,O=C(Cc1cncnc1-c1cn[nH]c1)N1CCCCC1,5.579850424620521,test,scaffold,123
A71EV2A-x5550a,42f909bda419a654,NC(=O)[C@H]1CCCN(C(=O)[C@H]2CC[C@H]2c2ccc(Cl)cc2)C1,O=C([C@H]1CC[C@H]1c1ccccc1)N1CCCCC1,4.000869458712629,train,scaffold,123
A71EV2A-x5556a,ca197730630f6413,C[C@@H](c1ccc(Cl)c(Br)c1)N1C[C@@H](C(N)=O)CCC1=O,O=C1CCCCN1Cc1ccccc1,4.041436116778033,train,scaffold,123
A71EV2A-x5559a,bd322f94fdead98f,N#Cc1ccc(Br)cc1OC(=O)N1CCC[C@H](C(N)=O)C1,O=C(Oc1ccccc1)N1CCCCC1,4.421371068072836,train,scaffold,123
A71EV2A-x5570a,33bafbf7366cbc59,NC(=O)[C@H]1CCN(C(=O)[C@@H]2CSc3ccccc32)C1,O=C([C@@H]1CSc2ccccc21)N1CCCC1,4.1290096443216555,train,scaffold,123
A71EV2A-x5572a,d82b7619981358fe,Cc1ccc2ccccc2c1N1C[C@@H](C(N)=O)CCC1=O,O=C1CCCCN1c1cccc2ccccc12,3.9425768354879955,train,scaffold,123
A71EV2A-x5581a,3b6ff0811acd28e5,CSc1ncnc(SC)c1CC(=O)N1CCC[C@H](C(N)=O)C1,O=C(Cc1cncnc1)N1CCCCC1,5.699017277769941,train,scaffold,123
A71EV2A-x5594a,4d210fe16f84b415,N#Cc1ccncc1OC(=O)N1CCC[C@H](C(N)=O)C1,O=C(Oc1cccnc1)N1CCCCC1,4.504331180271011,train,scaffold,123
A71EV2A-x5594b,4d210fe16f84b415,N#Cc1ccncc1OC(=O)N1CCC[C@H](C(N)=O)C1,O=C(Oc1cccnc1)N1CCCCC1,4.504331180271011,train,scaffold,123
A71EV2A-x5598a,7374d8a220a59cd9,CSc1ccc(N2CCOCC2)cc1NC(=O)N1CCC[C@H](C(N)=O)C1,O=C(Nc1cccc(N2CCOCC2)c1)N1CCCCC1,4.924868863339022,train,scaffold,123
A71EV2A-x5598b,7374d8a220a59cd9,CSc1ccc(N2CCOCC2)cc1NC(=O)N1CCC[C@H](C(N)=O)C1,O=C(Nc1cccc(N2CCOCC2)c1)N1CCCCC1,4.924868863339022,train,scaffold,123
A71EV2A-x5599a,31342836bd87e1b9,Cc1ccc2c(c1OC(=O)N1CCC[C@H](C(N)=O)C1)CCC2,O=C(Oc1cccc2c1CCC2)N1CCCCC1,4.479326279665005,train,scaffold,123
A71EV2A-x5599b,31342836bd87e1b9,Cc1ccc2c(c1OC(=O)N1CCC[C@H](C(N)=O)C1)CCC2,O=C(Oc1cccc2c1CCC2)N1CCCCC1,4.479326279665005,train,scaffold,123
A71EV2A-x5604a,5561f4e911b75020,CSc1ccc(-n2cccn2)cc1CC(=O)N1CCC[C@H](C(N)=O)C1,O=C(Cc1cccc(-n2cccn2)c1)N1CCCCC1,6.017614181634599,train,scaffold,123
A71EV2A-x5608a,96b0ffff7bec1d8c,NC(=O)[C@H]1CCC(=O)N(Cc2ccsc2)C1,O=C1CCCCN1Cc1ccsc1,3.774068781319247,train,scaffold,123
A71EV2A-x5608b,96b0ffff7bec1d8c,NC(=O)[C@H]1CCC(=O)N(Cc2ccsc2)C1,O=C1CCCCN1Cc1ccsc1,3.774068781319247,train,scaffold,123
A71EV2A-x5635a,e987c3bf4632d687,NC(=O)[C@H]1CCC(=O)N(Cc2cc(F)cnc2C(F)(F)F)C1,O=C1CCCCN1Cc1cccnc1,4.315546325758652,validation,scaffold,123
A71EV2A-x5635b,e987c3bf4632d687,NC(=O)[C@H]1CCC(=O)N(Cc2cc(F)cnc2C(F)(F)F)C1,O=C1CCCCN1Cc1cccnc1,4.315546325758652,validation,scaffold,123
A71EV2A-x5665a,cf0652fe6aa032cd,NC(=O)[C@H]1CCC(=O)N([C@@H](CC(F)(F)F)c2cc(Cl)cc(Cl)c2)C1,O=C1CCCCN1Cc1ccccc1,4.327996747928408,train,scaffold,123
A71EV2A-x5666a,bbe6c2485865838c,CSc1ncnc(N2CCc3ccsc3C2)c1CC(=O)N1CCC[C@H](C(N)=O)C1,O=C(Cc1cncnc1N1CCc2ccsc2C1)N1CCCCC1,5.794648268341138,train,scaffold,123
A71EV2A-x5673a,d02ac8510148d746,C[C@@H](c1cccc(Cl)c1F)N1C[C@@H](C(N)=O)CCC1=O,O=C1CCCCN1Cc1ccccc1,4.632644078973981,train,scaffold,123
A71EV2A-x5676a,6179ae341fb02e44,CC[C@@H](c1ccc(Cl)c(Cl)c1)N1C[C@@H](C(N)=O)CCC1=O,O=C1CCCCN1Cc1ccccc1,4.012372581165862,train,scaffold,123
A71EV2A-x5687a,bd9580386a90c616,CSc1cccc2c1[C@H](C(=O)N1CCC[C@H](C(N)=O)C1)CC2,O=C([C@@H]1CCc2ccccc21)N1CCCCC1,6.105065909655473,train,scaffold,123
A71EV2A-x5699a,5c741c4fc97be2f3,CC[C@@H](c1cc(F)cc(Br)c1)N1C[C@@H](C(N)=O)CCC1=O,O=C1CCCCN1Cc1ccccc1,4.7121982700697735,train,scaffold,123
A71EV2A-x5705a,bce542bb76fe2bec,NC(=O)[C@H]1CCN(C(=O)[C@@H]2CCCN2C(=O)c2cccs2)C1,O=C([C@@H]1CCCN1C(=O)c1cccs1)N1CCCC1,5.012334272309165,train,scaffold,123
A71EV2A-x5705b,bce542bb76fe2bec,NC(=O)[C@H]1CCN(C(=O)[C@@H]2CCCN2C(=O)c2cccs2)C1,O=C([C@@H]1CCCN1C(=O)c1cccs1)N1CCCC1,5.012334272309165,train,scaffold,123
A71EV2A-x5721a,a5c2be0032ccd112,Cn1ncc2ccc(CN3C[C@@H](C(N)=O)CC(C)(C)C3=O)cc21,O=C1CCCCN1Cc1ccc2cn[nH]c2c1,4.005682847330363,train,scaffold,123
A71EV2A-x5721b,a5c2be0032ccd112,Cn1ncc2ccc(CN3C[C@@H](C(N)=O)CC(C)(C)C3=O)cc21,O=C1CCCCN1Cc1ccc2cn[nH]c2c1,4.005682847330363,train,scaffold,123
A71EV2A-x5728a,4228cf7ae1dcf033,NC(=O)[C@H]1CCN(C(=O)[C@@H]2CCOc3ccc(Cl)cc32)C1,O=C([C@@H]1CCOc2ccccc21)N1CCCC1,4.437172628708407,train,scaffold,123
A71EV2A-x5744a,eab288f9f9565c58,C[C@@H](c1ccc2[nH]ncc2c1)N1C[C@@H](C(N)=O)CCC1=O,O=C1CCCCN1Cc1ccc2[nH]ncc2c1,4.180071698767357,test,scaffold,123
A71EV2A-x5747a,9dfe5233d635fe19,C#C[C@@H]1CCCC[C@H]1OC(=O)N1CCC[C@H](C(N)=O)C1,O=C(OC1CCCCC1)N1CCCCC1,4.011869615687259,train,scaffold,123
A71EV2A-x5758a,85831b5a6d59eb4e,CSc1ccc(Br)cc1CC(=O)N1[C@H]2CC[C@H](C(N)=O)[C@@H]1CC2,O=C(Cc1ccccc1)N1[C@@H]2CCC[C@H]1CC2,4.022734028686543,train,scaffold,123
A71EV2A-x5758b,85831b5a6d59eb4e,CSc1ccc(Br)cc1CC(=O)N1[C@H]2CC[C@H](C(N)=O)[C@@H]1CC2,O=C(Cc1ccccc1)N1[C@@H]2CCC[C@H]1CC2,4.022734028686543,train,scaffold,123
A71EV2A-x5766a,a7fb3fc45713dbee,C[C@H]1CC(=O)N(Cc2ccc3cnn(C)c3c2)C[C@H]1C(N)=O,O=C1CCCCN1Cc1ccc2cn[nH]c2c1,4.207870191519494,train,scaffold,123
A71EV2A-x5777a,7575b7cce5bbdb89,C[C@@H]1CC(=O)N(Cc2ccc3cnn(C)c3c2)C[C@H]1C(N)=O,O=C1CCCCN1Cc1ccc2cn[nH]c2c1,4.76433957251824,train,scaffold,123
A71EV2A-x5777b,7575b7cce5bbdb89,C[C@@H]1CC(=O)N(Cc2ccc3cnn(C)c3c2)C[C@H]1C(N)=O,O=C1CCCCN1Cc1ccc2cn[nH]c2c1,4.76433957251824,train,scaffold,123
A71EV2A-x5779a,7dd8d49d222d9026,NC(=O)[C@H]1CCN(C(=O)Cn2cc(Br)cc(Cl)c2=O)C1,O=C(Cn1ccccc1=O)N1CCCC1,4.024899837282849,train,scaffold,123
A71EV2A-x5788a,99659ec4f5e17ebf,CSc1cccc(-n2ccnc2)c1CC(=O)N1CCC[C@H](C(N)=O)C1,O=C(Cc1ccccc1-n1ccnc1)N1CCCCC1,5.508866053332301,train,scaffold,123
A71EV2A-x5798a,5edc01f31e5f411d,NC(=O)[C@H]1C[C@H]2C[C@H]2N(C(=O)Cc2ccccc2Cl)C1,O=C(Cc1ccccc1)N1CCC[C@H]2C[C@H]21,4.476253533188435,train,scaffold,123
A71EV2A-x5798b,5edc01f31e5f411d,NC(=O)[C@H]1C[C@H]2C[C@H]2N(C(=O)Cc2ccccc2Cl)C1,O=C(Cc1ccccc1)N1CCC[C@H]2C[C@H]21,4.476253533188435,train,scaffold,123
A71EV2A-x5802a,e6b1a17341a242ff,NC(=O)[C@H]1C[C@@H]2C[C@@H]2N(C(=O)Cc2ccccc2Cl)C1,O=C(Cc1ccccc1)N1CCC[C@@H]2C[C@@H]21,4.5796822958876815,train,scaffold,123
A71EV2A-x5802b,e6b1a17341a242ff,NC(=O)[C@H]1C[C@@H]2C[C@@H]2N(C(=O)Cc2ccccc2Cl)C1,O=C(Cc1ccccc1)N1CCC[C@@H]2C[C@@H]21,4.5796822958876815,train,scaffold,123
A71EV2A-x5808a,7b8b62335b9a08ed,CSc1ncnc(N2CC(c3nncn3C)C2)c1CC(=O)N1CCC[C@H](C(N)=O)C1,O=C(Cc1cncnc1N1CC(c2nnc[nH]2)C1)N1CCCCC1,6.326170396191348,train,scaffold,123
A71EV2A-x5808b,7b8b62335b9a08ed,CSc1ncnc(N2CC(c3nncn3C)C2)c1CC(=O)N1CCC[C@H](C(N)=O)C1,O=C(Cc1cncnc1N1CC(c2nnc[nH]2)C1)N1CCCCC1,6.326170396191348,train,scaffold,123
A71EV2A-x5819a,1a8ca6c056a46e40,CSc1ccc(Br)cc1OC(=O)N1C[C@H](C(N)=O)CC[C@@H]1C,O=C(Oc1ccccc1)N1CCCCC1,4.757850080326607,train,scaffold,123
A71EV2A-x5819b,1a8ca6c056a46e40,CSc1ccc(Br)cc1OC(=O)N1C[C@H](C(N)=O)CC[C@@H]1C,O=C(Oc1ccccc1)N1CCCCC1,4.757850080326607,train,scaffold,123
A71EV2A-x5824a,8e5c7bda06f049b4,NC(=O)[C@H]1CCN(C(=O)Cn2c(=O)sc3ccc(Cl)cc32)C1,O=C(Cn1c(=O)sc2ccccc21)N1CCCC1,4.001740661576301,train,scaffold,123
A71EV2A-x5824b,8e5c7bda06f049b4,NC(=O)[C@H]1CCN(C(=O)Cn2c(=O)sc3ccc(Cl)cc32)C1,O=C(Cn1c(=O)sc2ccccc21)N1CCCC1,4.001740661576301,train,scaffold,123
A71EV2A-x5830a,29ed5aad4501bbb2,CSc1ccc(Br)cc1OC(=O)N1C[C@@H](C(N)=O)C[C@@H]2C[C@@H]21,O=C(Oc1ccccc1)N1CCC[C@@H]2C[C@@H]21,6.134970625328986,train,scaffold,123
A71EV2A-x5833a,a8a0ef1f1710be3a,CSc1ccc(-n2ccnc2)cc1CC(=O)N1CCC[C@H](C(N)=O)C1,O=C(Cc1cccc(-n2ccnc2)c1)N1CCCCC1,5.816743356703912,train,scaffold,123
A71EV2A-x5836a,db4fd58a17da6c85,CSc1ccc(-c2cn[nH]c2)cc1CC(=O)N1C[C@@H](C([NH3+])=O)C[C@@H]2C[C@@H]21,O=C(Cc1cccc(-c2cn[nH]c2)c1)N1CCC[C@@H]2C[C@@H]21,6.438312682607372,train,scaffold,123
A71EV2A-x5850a,f097426c90f2fddd,CSc1cccc2c1[C@@H](C(=O)N1CCC[C@H](C(N)=O)C1)CCC2,O=C([C@H]1CCCc2ccccc21)N1CCCCC1,4.913179132164633,train,scaffold,123
A71EV2A-x5854a,e53cbb0ee7f45851,CSc1ccc2ncccc2c1NC(=O)N1C[C@@H](C(N)=O)C[C@@H]2C[C@@H]21,O=C(Nc1cccc2ncccc12)N1CCC[C@@H]2C[C@@H]21,6.155618588158782,train,scaffold,123
A71EV2A-x5857a,5e4676c833f2a367,CSc1cccc(-c2ccc(C(F)(F)F)o2)c1CC(=O)N1CCC[C@H](C(N)=O)C1,O=C(Cc1ccccc1-c1ccco1)N1CCCCC1,5.785803993839482,train,scaffold,123
A71EV2A-x5864a,d450ba6305ee704c,CSc1ccc(-c2csc(C(F)F)c2)cc1CC(=O)N1CCC[C@H](C(N)=O)C1,O=C(Cc1cccc(-c2ccsc2)c1)N1CCCCC1,6.104588372500485,train,scaffold,123
A71EV2A-x5868a,e5e149caef564aba,CC(C)[C@@H](c1cc(Cl)cc(Br)c1)N1C[C@@H](C(N)=O)CCC1=O,O=C1CCCCN1Cc1ccccc1,4.564352412519983,train,scaffold,123
A71EV2A-x5877a,ffa1741169b73d83,COc1ncc(-c2ccc(SC)c(CC(=O)N3CCC[C@H](C(N)=O)C3)c2)cc1C#N,O=C(Cc1cccc(-c2cccnc2)c1)N1CCCCC1,5.612933991649193,train,scaffold,123
A71EV2A-x5879a,90a96626ad099c7f,CSc1ccc(-c2cc(C)c(=O)n(C)c2)cc1CC(=O)N1CCC[C@H](C(N)=O)C1,O=C(Cc1cccc(-c2ccc(=O)[nH]c2)c1)N1CCCCC1,6.031014087429405,train,scaffold,123
A71EV2A-x5879b,90a96626ad099c7f,CSc1ccc(-c2cc(C)c(=O)n(C)c2)cc1CC(=O)N1CCC[C@H](C(N)=O)C1,O=C(Cc1cccc(-c2ccc(=O)[nH]c2)c1)N1CCCCC1,6.031014087429405,train,scaffold,123
A71EV2A-x5884a,c9c0213643b6d3ea,CSc1cccc(-c2ccc(C(F)(F)F)cc2C#N)c1CC(=O)N1CCC[C@H](C(N)=O)C1,O=C(Cc1ccccc1-c1ccccc1)N1CCCCC1,5.656918950334414,test,scaffold,123
A71EV2A-x5891a,e2eb9a9d1317261f,CSc1ccc(Br)cc1[C@@H](NC(=O)OC(C)(C)C)C(=O)N1CC[C@H](C(N)=O)C1,O=C(Cc1ccccc1)N1CCCC1,4.616253373468555,train,scaffold,123
A71EV2A-x5992a,05b5e5e4a8f56a79,CSc1ccccc1CC(=O)N1C[C@@H](C(N)=O)CC[C@@H]1CO,O=C(Cc1ccccc1)N1CCCCC1,4.599655204790009,test,scaffold,123
A71EV2A-x5992b,05b5e5e4a8f56a79,CSc1ccccc1CC(=O)N1C[C@@H](C(N)=O)CC[C@@H]1CO,O=C(Cc1ccccc1)N1CCCCC1,4.599655204790009,test,scaffold,123
A71EV2A-x5995a,f097426c90f2fddd,CSc1cccc2c1[C@H](C(=O)N1CCC[C@H](C(N)=O)C1)CCC2,O=C([C@@H]1CCCc2ccccc21)N1CCCCC1,4.913179132164633,train,scaffold,123
A71EV2A-x5995b,f097426c90f2fddd,CSc1cccc2c1[C@H](C(=O)N1CCC[C@H](C(N)=O)C1)CCC2,O=C([C@@H]1CCCc2ccccc21)N1CCCCC1,4.913179132164633,train,scaffold,123
A71EV2A-x6021a,2a636f9295542a7f,CNc1ncnc(SC)c1CC(=O)N1CCC[C@H](C(N)=O)C1,O=C(Cc1cncnc1)N1CCCCC1,5.471985787685622,train,scaffold,123
A71EV2A-x6025a,fda375bf6a065b1e,CSc1ccc(-c2cccc3cnn(C)c23)cc1CC(=O)N1CCC[C@H](C(N)=O)C1,O=C(Cc1cccc(-c2cccc3cn[nH]c23)c1)N1CCCCC1,4.852511447271943,train,scaffold,123
A71EV2A-x6027a,c0fe6642779ff167,C=C(C)c1cccc(SC)c1CC(=O)N1CCC[C@H](C(N)=O)C1,O=C(Cc1ccccc1)N1CCCCC1,5.435913722030655,test,scaffold,123
A71EV2A-x6028a,0a0f5a9ff303591f,CSc1cccc(-c2cn(C)c(=O)c3ccccc23)c1CC(=O)N1CCC[C@H](C(N)=O)C1,O=C(Cc1ccccc1-c1c[nH]c(=O)c2ccccc12)N1CCCCC1,6.086272291520818,train,scaffold,123
A71EV2A-x6032a,a8ee4bbd6299160a,CSc1ccc(-c2cncc(C)c2C)cc1CC(=O)N1CCC[C@H](C(N)=O)C1,O=C(Cc1cccc(-c2cccnc2)c1)N1CCCCC1,5.401951923140469,train,scaffold,123
A71EV2A-x6035a,4c4dd371dcba7bf5,CSc1ccc(-c2cncc3ccccc23)cc1CC(=O)N1CCC[C@H](C(N)=O)C1,O=C(Cc1cccc(-c2cncc3ccccc23)c1)N1CCCCC1,5.484126156288321,validation,scaffold,123
A71EV2A-x6714a,186e800b90c7ee0c,NC(=O)[C@H]1CCC(=O)N(c2cc3cnccc3c(F)c2F)C1,O=C1CCCCN1c1ccc2ccncc2c1,4.801706220928761,train,scaffold,123
A71EV2A-x6726a,e5e40ac7eb2b2170,CSc1ccccc1[C@H](NC(=O)CC1CC1)C(=O)N1CC[C@H](C(N)=O)C1,O=C(CC1CC1)N[C@H](C(=O)N1CCCC1)c1ccccc1,4.287343084176254,train,scaffold,123
A71EV2A-x6730a,2bd3b96effeea6fe,Cc1sc([C@H](C)N2C[C@@H](C(N)=O)CCC2=O)nc1-c1ccco1,O=C1CCCCN1Cc1nc(-c2ccco2)cs1,4.604279969816917,train,scaffold,123
A71EV2A-x6736a,2b00aacaa90ee55d,COc1ncccc1-c1ccc(SC)c(CC(=O)N2CCC[C@H](C(N)=O)C2)c1,O=C(Cc1cccc(-c2cccnc2)c1)N1CCCCC1,5.926316446103106,train,scaffold,123
A71EV2A-x6738a,d597fbaa418280b9,CCC1(CC)CCN(c2ncnc(SC)c2CC(=O)N2CCC[C@H](C(N)=O)C2)C1,O=C(Cc1cncnc1N1CCCC1)N1CCCCC1,6.266038858073333,validation,scaffold,123
A71EV2A-x6739a,23ec9a8fb6dd08a0,CSc1ccc(C(=O)N2Cc3nccc(C)c3C2)cc1CC(=O)N1CCC[C@H](C(N)=O)C1,O=C(Cc1cccc(C(=O)N2Cc3cccnc3C2)c1)N1CCCCC1,5.732131922180389,train,scaffold,123
A71EV2A-x6746a,1d3d5ed485772259,CSc1ccc(-c2ccncc2)cc1NC(=O)N1C[C@@H](C(N)=O)C[C@@H]2C[C@@H]21,O=C(Nc1cccc(-c2ccncc2)c1)N1CCC[C@@H]2C[C@@H]21,5.742028204896328,train,scaffold,123
A71EV2A-x6769a,0d402f2d7eec8ef1,CSc1ccc(-c2cc(C#N)ncc2F)cc1CC(=O)N1CCC[C@H](C(N)=O)C1,O=C(Cc1cccc(-c2ccncc2)c1)N1CCCCC1,5.682717212000788,train,scaffold,123
A71EV2A-x6778a,775ef1dac100488d,CSc1ccc(-c2cccnc2C(C)C)cc1CC(=O)N1CCC[C@H](C(N)=O)C1,O=C(Cc1cccc(-c2cccnc2)c1)N1CCCCC1,5.6330261065597185,train,scaffold,123
A71EV2A-x6791a,d5f8d67c5cdd241c,CSc1ccc(-c2ccnc(N(C)C)c2)cc1CC(=O)N1CCC[C@H](C(N)=O)C1,O=C(Cc1cccc(-c2ccncc2)c1)N1CCCCC1,6.212710086334884,train,scaffold,123
A71EV2A-x6802a,054e06deddd06074,CSc1ncnc(N2CCN(c3ccccn3)CC2)c1CC(=O)N1CCC[C@H](C(N)=O)C1,O=C(Cc1cncnc1N1CCN(c2ccccn2)CC1)N1CCCCC1,6.486226948852135,train,scaffold,123
A71EV2A-x6808a,b5720d6bb6d2ac94,CSc1ncnc(N2Cc3ccccc3C2)c1CC(=O)N1CCC[C@H](C(N)=O)C1,O=C(Cc1cncnc1N1Cc2ccccc2C1)N1CCCCC1,6.006913143117045,train,scaffold,123
A71EV2A-x6816a,ba5422eeacd934ce,CSc1ccccc1[C@@H](NC(=O)Cn1cccn1)C(=O)N1CC[C@H](C(N)=O)C1,O=C(Cn1cccn1)N[C@@H](C(=O)N1CCCC1)c1ccccc1,4.730497044785864,train,scaffold,123
A71EV2A-x6816b,ba5422eeacd934ce,CSc1ccccc1[C@@H](NC(=O)Cn1cccn1)C(=O)N1CC[C@H](C(N)=O)C1,O=C(Cn1cccn1)N[C@@H](C(=O)N1CCCC1)c1ccccc1,4.730497044785864,train,scaffold,123
A71EV2A-x6818a,a8d4a8e1a63687f8,CSc1ccccc1[C@@H](NC(=O)CC(F)(F)F)C(=O)N1CC[C@H](C(N)=O)C1,O=C(Cc1ccccc1)N1CCCC1,4.15694990903351,train,scaffold,123
A71EV2A-x6819a,25a83a3cf8b2c808,CSc1ccccc1[C@@H](NC(=O)Cc1ccccc1)C(=O)N1CC[C@H](C(N)=O)C1,O=C(Cc1ccccc1)N[C@@H](C(=O)N1CCCC1)c1ccccc1,4.505347154054938,train,scaffold,123
A71EV2A-x6821a,ace8df1ae89875b1,CSc1ccccc1[C@@H](NC(=O)CNC(C)=O)C(=O)N1CC[C@H](C(N)=O)C1,O=C(Cc1ccccc1)N1CCCC1,5.199617314652804,train,scaffold,123
A71EV2A-x6827a,0d2488c6b279c5c6,CSc1ccc(C2=CC[NH2+]CC2)cc1CC(=O)N1CCC[C@H](C(N)=O)C1,O=C(Cc1cccc(C2=CC[NH2+]CC2)c1)N1CCCCC1,6.359785941635829,train,scaffold,123
A71EV2A-x6832a,a7203ed047c6e3b1,CSc1ncnc(N2CCC[C@@H]2C(N)=O)c1CC(=O)N1CCC[C@H](C(N)=O)C1,O=C(Cc1cncnc1N1CCCC1)N1CCCCC1,7.714442690992226,validation,scaffold,123
A71EV2A-x6838a,5747d1aa66c9dbe8,CSc1ncnc(N2CCCC2)c1CC(=O)N1C[C@@H](C([NH3+])=O)C[C@@H]2C[C@@H]21,O=C(Cc1cncnc1N1CCCC1)N1CCC[C@@H]2C[C@@H]21,6.5697284843589205,train,scaffold,123
A71EV2A-x6844a,dc299c81767d3f6e,CCOC(=O)N[C@H](C(=O)N1CC[C@H](C(N)=O)C1)c1ccccc1SC,O=C(Cc1ccccc1)N1CCCC1,4.606251898190906,train,scaffold,123
A71EV2A-x6847a,71a6ccbd5ca9eb1a,CSc1ccccc1[C@@H](NC(=O)OC(C)(C)C)C(=O)N1CC[C@H](C(N)=O)C1,O=C(Cc1ccccc1)N1CCCC1,4.621638788259481,train,scaffold,123
A71EV2A-x6851a,71a6ccbd5ca9eb1a,CSc1ccccc1[C@H](NC(=O)OC(C)(C)C)C(=O)N1CC[C@H](C(N)=O)C1,O=C(Cc1ccccc1)N1CCCC1,4.621638788259481,train,scaffold,123
A71EV2A-x6853a,425897d5442f7e47,CCC(=O)N[C@@H](C(=O)N1CC[C@H](C(N)=O)C1)c1ccccc1SC,O=C(Cc1ccccc1)N1CCCC1,4.556507378095548,train,scaffold,123
A71EV2A-x6856a,428144ef1dd1ceb8,CSc1ccccc1[C@@H](NC(=O)Cc1cccnc1)C(=O)N1CC[C@H](C(N)=O)C1,O=C(Cc1cccnc1)N[C@@H](C(=O)N1CCCC1)c1ccccc1,4.6077519100900055,validation,scaffold,123
A71EV2A-x6877a,daaf37abf0816f22,CSc1ccc2ncccc2c1NC(=O)N1C[C@@H](C(N)=O)C[C@@H]2C[C@@H]21,O=C(Nc1cccc2ncccc12)N1CCC[C@@H]2C[C@@H]21,5.669481598088156,train,scaffold,123
A71EV2A-x6895a,9111d5a2802c8de5,CSc1ncnc(N2CC(CC3CCC3)C2)c1CC(=O)N1CCC[C@H](C(N)=O)C1,O=C(Cc1cncnc1N1CC(CC2CCC2)C1)N1CCCCC1,5.692662147010851,train,scaffold,123
A71EV2A-x6914a,ebb04df4e57085c6,CSc1ncnc(N(C)Cc2nn(C)cc2Cl)c1CC(=O)N1CCC[C@H](C(N)=O)C1,O=C(Cc1cncnc1NCc1cc[nH]n1)N1CCCCC1,7.150528408418002,validation,scaffold,123
A71EV2A-x6920a,2f676bde6a3caadc,CSc1ncnc(N2CC(C)C2)c1CC(=O)N1CCC[C@H](C(N)=O)C1,O=C(Cc1cncnc1N1CCC1)N1CCCCC1,6.526908295764941,train,scaffold,123
A71EV2A-x6925a,301804c693a25e3e,CSc1ccc(-c2cnnn2C)cc1CC(=O)N1CCC[C@H](C(N)=O)C1,O=C(Cc1cccc(-c2cnn[nH]2)c1)N1CCCCC1,5.437915347454481,train,scaffold,123
A71EV2A-x6932a,c7423669caa78167,CSc1ccc(Br)cc1OC(=O)N1C[C@H](C(N)=O)C[C@H]2C[C@H]21,O=C(Oc1ccccc1)N1CCC[C@H]2C[C@H]21,6.442779415416162,train,scaffold,123
A71EV2A-x6934a,c1d9a4611434280d,CSc1ccccc1[C@@H](NC(=O)C1CC1)C(=O)N1CC[C@H](C(N)=O)C1,O=C(N[C@@H](C(=O)N1CCCC1)c1ccccc1)C1CC1,4.612020519224207,train,scaffold,123
A71EV2A-x6938a,d74b0717d0289ebe,CSc1cccc(C2=CCCCC2)c1CC(=O)N1CCC[C@H](C(N)=O)C1,O=C(Cc1ccccc1C1=CCCCC1)N1CCCCC1,5.358458624958955,train,scaffold,123
A71EV2A-x6945a,a4a4f67d81a1f41b,CCn1nccc1C(=O)N[C@@H](C(=O)N1CC[C@H](C(N)=O)C1)c1ccccc1SC,O=C(N[C@@H](C(=O)N1CCCC1)c1ccccc1)c1ccn[nH]1,4.197688573451602,train,scaffold,123
A71EV2A-x6948a,569d1acc15888391,CSc1ccc(-c2cncc(S(C)(=O)=O)c2)cc1CC(=O)N1CCC[C@H](C(N)=O)C1,O=C(Cc1cccc(-c2cccnc2)c1)N1CCCCC1,5.687762124194347,train,scaffold,123
A71EV2A-x6948b,569d1acc15888391,CSc1ccc(-c2cncc(S(C)(=O)=O)c2)cc1CC(=O)N1CCC[C@H](C(N)=O)C1,O=C(Cc1cccc(-c2cccnc2)c1)N1CCCCC1,5.687762124194347,train,scaffold,123
A71EV2A-x6955a,70bb3329461239ea,CSc1cccc(-c2cc(C(F)(F)F)nn2C)c1CC(=O)N1CCC[C@H](C(N)=O)C1,O=C(Cc1ccccc1-c1ccn[nH]1)N1CCCCC1,5.150667872559956,train,scaffold,123
A71EV2A-x6955b,70bb3329461239ea,CSc1cccc(-c2cc(C(F)(F)F)nn2C)c1CC(=O)N1CCC[C@H](C(N)=O)C1,O=C(Cc1ccccc1-c1ccn[nH]1)N1CCCCC1,5.150667872559956,train,scaffold,123
A71EV2A-x6980a,daaf37abf0816f22,CSc1ccc2ncccc2c1NC(=O)N1C[C@@H](C(N)=O)C[C@H]2C[C@H]21,O=C(Nc1cccc2ncccc12)N1CCC[C@H]2C[C@H]21,5.669481598088156,train,scaffold,123
A71EV2A-x6991a,d7437fc5e7ecee64,CSc1ccccc1[C@@H](NC(=O)C1(C)CCC1)C(=O)N1CC[C@H](C(N)=O)C1,O=C(N[C@@H](C(=O)N1CCCC1)c1ccccc1)C1CCC1,4.6108664765966765,train,scaffold,123
A71EV2A-x7021a,25565e37f9828005,CSc1ccc(C2=CCOCC2)cc1OC(=O)N1C[C@@H](C(N)=O)C[C@@H]2C[C@@H]21,O=C(Oc1cccc(C2=CCOCC2)c1)N1CCC[C@@H]2C[C@@H]21,6.278226151900541,validation,scaffold,123
A71EV2A-x7002a,7179a0d509d6d64a,CSc1ccc(-c2cnco2)cc1OC(=O)N1C[C@H](C(N)=O)C[C@H]2C[C@H]21,O=C(Oc1cccc(-c2cnco2)c1)N1CCC[C@H]2C[C@H]21,6.622961397710664,test,scaffold,123
A71EV2A-x7008a,8506ecaf86fef980,CSc1ncnc(N2CCC(N(C)S(C)(=O)=O)CC2)c1CC(=O)N1CCC[C@H](C(N)=O)C1,O=C(Cc1cncnc1N1CCCCC1)N1CCCCC1,6.512183700381108,validation,scaffold,123
A71EV2A-x7011a,311dca8043fe27c4,CC[C@H]1CCCN1c1ncnc(SC)c1CC(=O)N1CCC[C@H](C(N)=O)C1,O=C(Cc1cncnc1N1CCCC1)N1CCCCC1,7.302627133357621,validation,scaffold,123
A71EV2A-x7015a,c3de25f5b39522b8,CSc1ncnc(N2CCc3ccccc3CC2)c1CC(=O)N1CCC[C@H](C(N)=O)C1,O=C(Cc1cncnc1N1CCc2ccccc2CC1)N1CCCCC1,6.483018872150272,validation,scaffold,123
A71EV2A-x7018a,a8e4c8c2cfd5f709,COC(=O)N1CCCN(c2ncnc(SC)c2CC(=O)N2CCC[C@H](C(N)=O)C2)CC1,O=C(Cc1cncnc1N1CCCNCC1)N1CCCCC1,5.745487997043694,train,scaffold,123
A71EV2A-x7024a,4d2474374707e2a7,CSc1ncnc(N2CCC3(CCCC3)C2)c1CC(=O)N1CCC[C@H](C(N)=O)C1,O=C(Cc1cncnc1N1CCC2(CCCC2)C1)N1CCCCC1,6.462158164196289,train,scaffold,123
A71EV2A-x7025a,59efe919954dd748,CSc1ncnc(N2CC[C@@H](OC(F)F)C2)c1CC(=O)N1CCC[C@H](C(N)=O)C1,O=C(Cc1cncnc1N1CCCC1)N1CCCCC1,6.048106607275539,validation,scaffold,123
A71EV2A-x7026a,4cfaeaffa0aa5789,CSc1ncnc(N2CC[C@H](C)C2)c1CC(=O)N1CCC[C@H](C(N)=O)C1,O=C(Cc1cncnc1N1CCCC1)N1CCCCC1,6.293489458676176,validation,scaffold,123
A71EV2A-x7026b,4cfaeaffa0aa5789,CSc1ncnc(N2CC[C@H](C)C2)c1CC(=O)N1CCC[C@H](C(N)=O)C1,O=C(Cc1cncnc1N1CCCC1)N1CCCCC1,6.293489458676176,validation,scaffold,123
A71EV2A-x7031a,1483221eee1ba14a,CSc1ncnc(N2CC[C@H](OC(F)F)C2)c1CC(=O)N1CCC[C@H](C(N)=O)C1,O=C(Cc1cncnc1N1CCCC1)N1CCCCC1,6.925751444530095,validation,scaffold,123
A71EV2A-x7032a,0f51de79fe67908e,CSc1ccc(-c2cccnc2)cc1OC(=O)N1C[C@@H](C(N)=O)C[C@H]2C[C@H]21,O=C(Oc1cccc(-c2cccnc2)c1)N1CCC[C@H]2C[C@H]21,6.025403843721281,train,scaffold,123
A71EV2A-x7035a,e65c81a59149f81b,CSc1ccccc1[C@@H](NC(=O)C(C)C)C(=O)N1CC[C@H](C(N)=O)C1,O=C(Cc1ccccc1)N1CCCC1,4.616633749466019,train,scaffold,123
A71EV2A-x7038a,d965a6c0a7687aa0,CSc1ccccc1[C@H](C(=O)N1CC[C@H](C(N)=O)C1)N1CCCC1=O,O=C([C@@H](c1ccccc1)N1CCCC1=O)N1CCCC1,7.194299872872455,train,scaffold,123
A71EV2A-x7043a,1f757462001d1c43,CSc1ncnc(N2CCn3nc4c(c3C2)CCC4)c1CC(=O)N1CCC[C@H](C(N)=O)C1,O=C(Cc1cncnc1N1CCn2nc3c(c2C1)CCC3)N1CCCCC1,5.601864484742403,train,scaffold,123
A71EV2A-x7043b,1f757462001d1c43,CSc1ncnc(N2CCn3nc4c(c3C2)CCC4)c1CC(=O)N1CCC[C@H](C(N)=O)C1,O=C(Cc1cncnc1N1CCn2nc3c(c2C1)CCC3)N1CCCCC1,5.601864484742403,train,scaffold,123
A71EV2A-x7044a,95f8000b127c104b,CSc1ccc(-c2ccnn2C2CCC2)cc1OC(=O)N1C[C@H](C(N)=O)C[C@H]2C[C@H]21,O=C(Oc1cccc(-c2ccnn2C2CCC2)c1)N1CCC[C@H]2C[C@H]21,6.6437811411974925,train,scaffold,123
A71EV2A-x7046a,06190c8a9740d91a,CSc1ccc(C2=CC[N@@H+](C)CC2)cc1OC(=O)N1C[C@@H](C(N)=O)C[C@H]2C[C@H]21,O=C(Oc1cccc(C2=CC[NH2+]CC2)c1)N1CCC[C@H]2C[C@H]21,6.4554495427646055,train,scaffold,123
A71EV2A-x7056a,9161f8d1c7c86e5d,CSc1ncnc(N2CCC3(CCC3)C2)c1CC(=O)N1CCC[C@H](C(N)=O)C1,O=C(Cc1cncnc1N1CCC2(CCC2)C1)N1CCCCC1,6.131209779277596,train,scaffold,123
A71EV2A-x7070a,f0aa238aff606b2f,CSc1ccc(-c2cccnc2)cc1OC(=O)N1C[C@@H](C(N)=O)C[C@@H]2C[C@@H]21,O=C(Oc1cccc(-c2cccnc2)c1)N1CCC[C@@H]2C[C@@H]21,6.615017621163278,validation,scaffold,123
A71EV2A-x7093a,b8cd2bda10be579e,CSc1ncnc(N2CC[C@@H](SC)C2)c1CC(=O)N1CCC[C@H](C(N)=O)C1,O=C(Cc1cncnc1N1CCCC1)N1CCCCC1,6.9071041930964325,validation,scaffold,123
A71EV2A-x7095a,1a12deeb7ef417dc,CSc1ncnc(N2CC(Oc3ccccc3Cl)C2)c1CC(=O)N1CCC[C@H](C(N)=O)C1,O=C(Cc1cncnc1N1CC(Oc2ccccc2)C1)N1CCCCC1,6.078663358532402,train,scaffold,123
A71EV2A-x7096a,f3cfc283fa417304,CSc1ncnc(N2CCC(C(=O)N(C(C)C)C(C)C)CC2)c1CC(=O)N1CCC[C@H](C(N)=O)C1,O=C(Cc1cncnc1N1CCCCC1)N1CCCCC1,6.225268032740376,validation,scaffold,123
A71EV2A-x7101a,0359f3f0b1fd9320,CSc1ncnc(N2CCC3(CCCCC3)C2)c1CC(=O)N1CCC[C@H](C(N)=O)C1,O=C(Cc1cncnc1N1CCC2(CCCCC2)C1)N1CCCCC1,6.388555177157266,train,scaffold,123
A71EV2A-x7127a,18d8a8b2f76034c0,CSc1ncnc(N2CCC[C@@H]2Cn2cccn2)c1CC(=O)N1CCC[C@H](C(N)=O)C1,O=C(Cc1cncnc1N1CCC[C@@H]1Cn1cccn1)N1CCCCC1,6.189334160880994,train,scaffold,123
A71EV2A-x7130a,f5158afbba7a890b,CSc1ncnc(N2CCn3ncc(C#N)c3C2)c1CC(=O)N1CCC[C@H](C(N)=O)C1,O=C(Cc1cncnc1N1CCn2nccc2C1)N1CCCCC1,6.13113891891355,train,scaffold,123
A71EV2A-x7132a,9a4aca46f2fb4c1f,CSc1ncnc(N2CCC[C@@H]2Cc2ccnn2C)c1CC(=O)N1CCC[C@H](C(N)=O)C1,O=C(Cc1cncnc1N1CCC[C@@H]1Cc1ccn[nH]1)N1CCCCC1,7.359361237098654,validation,scaffold,123
A71EV2A-x7135a,36fa5b3065855862,CSc1ncnc(N2CCC[C@@H]2C(C)C)c1CC(=O)N1CCC[C@H](C(N)=O)C1,O=C(Cc1cncnc1N1CCCC1)N1CCCCC1,7.7602217671416405,validation,scaffold,123
A71EV2A-x7147a,a2cc3ee9e574afd5,CSc1ncnc(N2CCC[C@@H]2CC(C)C)c1CC(=O)N1CCC[C@H](C(N)=O)C1,O=C(Cc1cncnc1N1CCCC1)N1CCCCC1,7.199879115817523,validation,scaffold,123
A71EV2A-x7151a,046d12ba99820a53,CSc1ncnc(N2CCc3cnc(C(C)C)nc3C2)c1CC(=O)N1CCC[C@H](C(N)=O)C1,O=C(Cc1cncnc1N1CCc2cncnc2C1)N1CCCCC1,5.912659591908459,train,scaffold,123
A71EV2A-x7154a,8692bcad9668f543,CSc1ncnc(N2CCC(N3CCOC3=O)CC2)c1CC(=O)N1CCC[C@H](C(N)=O)C1,O=C(Cc1cncnc1N1CCC(N2CCOC2=O)CC1)N1CCCCC1,5.923489528000301,train,scaffold,123
A71EV2A-x7161a,155ab0832fc2819d,COC[C@@H]1CCCN1c1ncnc(SC)c1CC(=O)N1CCC[C@H](C(N)=O)C1,O=C(Cc1cncnc1N1CCCC1)N1CCCCC1,5.028984985837811,validation,scaffold,123
A71EV2A-x7167a,d0282562005cb4c7,CSc1ccc(-c2ccnn2C(C)(C)C)cc1OC(=O)N1CCC[C@H](C(N)=O)C1,O=C(Oc1cccc(-c2ccn[nH]2)c1)N1CCCCC1,4.912085112444354,train,scaffold,123
A71EV2A-x7167b,d0282562005cb4c7,CSc1ccc(-c2ccnn2C(C)(C)C)cc1OC(=O)N1CCC[C@H](C(N)=O)C1,O=C(Oc1cccc(-c2ccn[nH]2)c1)N1CCCCC1,4.912085112444354,train,scaffold,123
A71EV2A-x7169a,7af787a2ef0e0e8e,CCC1(CC)CN(c2ncnc(SC)c2CC(=O)N2CCC[C@H](C(N)=O)C2)CCS1(=O)=O,O=C(Cc1cncnc1N1CCS(=O)(=O)CC1)N1CCCCC1,6.0703717346625785,train,scaffold,123
A71EV2A-x7170a,8603cf996a915368,CSc1ncnc(N2CCC(C#N)(CC(C)C)CC2)c1CC(=O)N1CCC[C@H](C(N)=O)C1,O=C(Cc1cncnc1N1CCCCC1)N1CCCCC1,6.265062352283818,validation,scaffold,123
A71EV2A-x7172a,6353934db0bc2e5e,CSc1ncnc(N(C)C2CCC2)c1CC(=O)N1CCC[C@H](C(N)=O)C1,O=C(Cc1cncnc1NC1CCC1)N1CCCCC1,6.323397411601913,train,scaffold,123
A71EV2A-x7175a,9de22659d08bd48d,COC[C@H]1CCCN1c1ncnc(SC)c1CC(=O)N1CCC[C@H](C(N)=O)C1,O=C(Cc1cncnc1N1CCCC1)N1CCCCC1,7.197280846039433,validation,scaffold,123
A71EV2A-x7176a,d4dd31fc770c334a,CSc1ncnc(N(C)Cc2cc(F)c(F)c(F)c2)c1CC(=O)N1CCC[C@H](C(N)=O)C1,O=C(Cc1cncnc1NCc1ccccc1)N1CCCCC1,6.244997927316081,train,scaffold,123
A71EV2A-x7184a,b626b9c351832f15,CSc1ccc(-c2ccncc2)cc1OC(=O)N1C[C@H](C(N)=O)C[C@H]2C[C@H]21,O=C(Oc1cccc(-c2ccncc2)c1)N1CCC[C@H]2C[C@H]21,6.058389757043434,train,scaffold,123
A71EV2A-x7190a,dfb4cc62f849ff47,CSc1ncnc(N2CC[C@H](C(=O)N3CCC(C)CC3)C2)c1CC(=O)N1CCC[C@H](C(N)=O)C1,O=C(Cc1cncnc1N1CC[C@H](C(=O)N2CCCCC2)C1)N1CCCCC1,6.08170819903569,validation,scaffold,123
A71EV2A-x7238a,8be56b73c8dfa261,CO[C@@H]1CCCN(c2ncnc(SC)c2CC(=O)N2CCC[C@H](C(N)=O)C2)C1,O=C(Cc1cncnc1N1CCCCC1)N1CCCCC1,6.170052776781682,validation,scaffold,123
A71EV2A-x7246a,261c3c08a53d2f48,CSc1ncnc(N2CCC[C@H](C(F)(F)F)C2)c1CC(=O)N1CCC[C@H](C(N)=O)C1,O=C(Cc1cncnc1N1CCCCC1)N1CCCCC1,6.211100724659235,validation,scaffold,123
A71EV2A-x7247a,baa66164c8050593,CSc1ncnc(N2CCC[C@H]2Cc2ccnn2C)c1CC(=O)N1CCC[C@H](C(N)=O)C1,O=C(Cc1cncnc1N1CCC[C@H]1Cc1ccn[nH]1)N1CCCCC1,5.214011302839139,train,scaffold,123
A71EV2A-x7250a,f86bfbfdc7c4d70d,CSc1ncnc(N2CCC[C@H](C)C2)c1CC(=O)N1CCC[C@H](C(N)=O)C1,O=C(Cc1cncnc1N1CCCCC1)N1CCCCC1,6.173854131618843,validation,scaffold,123
A71EV2A-x7251a,dfec45279946858f,CSc1ncnc(N(C)CC(C)(C)O)c1CC(=O)N1CCC[C@H](C(N)=O)C1,O=C(Cc1cncnc1)N1CCCCC1,6.134728951225614,train,scaffold,123
A71EV2A-x7254a,734ac9282a38e6e7,CSc1ncnc(N(C)CC2CCCC2)c1CC(=O)N1CCC[C@H](C(N)=O)C1,O=C(Cc1cncnc1NCC1CCCC1)N1CCCCC1,6.3046606911348375,test,scaffold,123
A71EV2A-x7256a,9508106fed3db623,CSc1ccc(-c2ccncc2)cc1CC(=O)N1C[C@@H](C(N)=O)C[C@@H]2C[C@@H]21,O=C(Cc1cccc(-c2ccncc2)c1)N1CCC[C@@H]2C[C@@H]21,6.743785006270056,train,scaffold,123
A71EV2A-x7257a,595d27605d70fcd8,CSc1ncnc(N2CCC[C@H]2CC(C)C)c1CC(=O)N1CCC[C@H](C(N)=O)C1,O=C(Cc1cncnc1N1CCCC1)N1CCCCC1,5.823789680118151,validation,scaffold,123
A71EV2A-x7259a,0e238598e4ce1f0c,CSc1ncnc(N2CCC[C@@H]2C2CC2)c1CC(=O)N1CCC[C@H](C(N)=O)C1,O=C(Cc1cncnc1N1CCC[C@@H]1C1CC1)N1CCCCC1,7.937951041727581,train,scaffold,123
A71EV2A-x7260a,15e95adea90289f8,CSc1ccc(-c2cc(C)nn2C)cc1OC(=O)N1CCC[C@H](C(N)=O)C1,O=C(Oc1cccc(-c2ccn[nH]2)c1)N1CCCCC1,5.436862866226505,train,scaffold,123
A71EV2A-x7261a,7159571c736cf071,CSc1ccc(-c2ccc(N3CCN(C)CC3)nc2)cc1OC(=O)N1CCC[C@H](C(N)=O)C1,O=C(Oc1cccc(-c2ccc(N3CCNCC3)nc2)c1)N1CCCCC1,6.646304383229654,train,scaffold,123
A71EV2A-x7263a,c961fd21aef84acb,CSc1ncnc(N2CC(C)(c3ccccc3F)C2)c1CC(=O)N1CCC[C@H](C(N)=O)C1,O=C(Cc1cncnc1N1CC(c2ccccc2)C1)N1CCCCC1,6.439151337818832,validation,scaffold,123
A71EV2A-x7284a,2af83ac7e6510492,CSc1ncnc(N2CCC3(CCCO3)CC2)c1CC(=O)N1CCC[C@H](C(N)=O)C1,O=C(Cc1cncnc1N1CCC2(CCCO2)CC1)N1CCCCC1,6.466683163263606,test,scaffold,123
A71EV2A-x7287a,8fa44691f4f429fa,CSc1ccc(-c2ocnc2C)cc1OC(=O)N1C[C@@H](C(N)=O)C[C@@H]2C[C@@H]21,O=C(Oc1cccc(-c2cnco2)c1)N1CCC[C@@H]2C[C@@H]21,5.964275769895213,train,scaffold,123
A71EV2A-x7297a,d7bfe0749f72aea6,CNC(=O)[C@@H]1CCN1c1ncnc(SC)c1CC(=O)N1CCC[C@H](C(N)=O)C1,O=C(Cc1cncnc1N1CCC1)N1CCCCC1,5.553061207453266,train,scaffold,123
A71EV2A-x7301a,24315f2be164f521,CSc1ccc(-c2cccnc2N)cc1OC(=O)N1CCC[C@H](C(N)=O)C1,O=C(Oc1cccc(-c2cccnc2)c1)N1CCCCC1,6.467825319983038,train,scaffold,123
A71EV2A-x7301b,24315f2be164f521,CSc1ccc(-c2cccnc2N)cc1OC(=O)N1CCC[C@H](C(N)=O)C1,O=C(Oc1cccc(-c2cccnc2)c1)N1CCCCC1,6.467825319983038,train,scaffold,123
A71EV2A-x7307a,990ee9d1d3c84bb8,CSc1ccc(C(=O)N(C)C2CCC(C)(C)CC2)cc1CC(=O)N1CCC[C@H](C(N)=O)C1,O=C(NC1CCCCC1)c1cccc(CC(=O)N2CCCCC2)c1,4.8542464945359285,train,scaffold,123
A71EV2A-x7309a,7da432869969f3e3,CSc1ncnc(N2CCC[C@@H]2C(=O)N(C)C)c1CC(=O)N1CCC[C@H](C(N)=O)C1,O=C(Cc1cncnc1N1CCCC1)N1CCCCC1,6.66771737227654,validation,scaffold,123
A71EV2A-x7316a,020442ad8b31d850,CSc1ncnc(N2CC[C@H](OC3CC3)C2)c1CC(=O)N1CCC[C@H](C(N)=O)C1,O=C(Cc1cncnc1N1CC[C@H](OC2CC2)C1)N1CCCCC1,7.159468716081884,train,scaffold,123
A71EV2A-x7317a,436a7b65a624f926,CSc1ncnc(N2C[C@H]3C[C@H]3C2)c1CC(=O)N1CCC[C@H](C(N)=O)C1,O=C(Cc1cncnc1N1C[C@H]2C[C@H]2C1)N1CCCCC1,6.558486174447746,validation,scaffold,123
A71EV2A-x7317b,436a7b65a624f926,CSc1ncnc(N2C[C@H]3C[C@H]3C2)c1CC(=O)N1CCC[C@H](C(N)=O)C1,O=C(Cc1cncnc1N1C[C@H]2C[C@H]2C1)N1CCCCC1,6.558486174447746,validation,scaffold,123
A71EV2A-x7318a,2f0bb12ec03937a6,CSc1ccc(C(=O)N2CC=CCC23CCC3)cc1CC(=O)N1CCC[C@H](C(N)=O)C1,O=C(Cc1cccc(C(=O)N2CC=CCC23CCC3)c1)N1CCCCC1,5.727326160448949,validation,scaffold,123
A71EV2A-x7321a,af30cfd55a1a752e,CC[C@H]1CS[C@H](C(N)=O)CN1C(=O)Oc1cc(Br)ccc1SC,O=C(Oc1ccccc1)N1CCSCC1,4.170150986564742,train,scaffold,123
A71EV2A-x7323a,e9455d39e2ceb0fe,CSc1ccc(-c2cn[nH]c2)cc1OC(=O)N1C[C@@H](C(N)=O)C[C@@H]2C[C@@H]21,O=C(Oc1cccc(-c2cn[nH]c2)c1)N1CCC[C@@H]2C[C@@H]21,6.7751410435308275,validation,scaffold,123
A71EV2A-x7333a,74e2d04a9c14e709,CSc1ncnc(N(C)CC(C)(F)F)c1CC(=O)N1CCC[C@H](C(N)=O)C1,O=C(Cc1cncnc1)N1CCCCC1,6.994328024624508,train,scaffold,123
A71EV2A-x7334a,680ffbd44debf029,CSc1ncnc(N2CC(O)C2)c1CC(=O)N1CCC[C@H](C(N)=O)C1,O=C(Cc1cncnc1N1CCC1)N1CCCCC1,6.426194047786621,train,scaffold,123
A71EV2A-x7334b,680ffbd44debf029,CSc1ncnc(N2CC(O)C2)c1CC(=O)N1CCC[C@H](C(N)=O)C1,O=C(Cc1cncnc1N1CCC1)N1CCCCC1,6.426194047786621,train,scaffold,123
A71EV2A-x7338a,046c0064564c04e3,CSc1ncnc(N(C)CCC(F)(F)F)c1CC(=O)N1CCC[C@H](C(N)=O)C1,O=C(Cc1cncnc1)N1CCCCC1,5.748786440007784,train,scaffold,123
A71EV2A-x7339a,1b9c621cda27bfbc,CSc1ncnc(N2CC[C@H]2C)c1CC(=O)N1CCC[C@H](C(N)=O)C1,O=C(Cc1cncnc1N1CCC1)N1CCCCC1,6.695497686202032,train,scaffold,123
A71EV2A-x7350a,b6e4af7fded95dd4,CSc1ccc(-c2ccccn2)cc1OC(=O)N1C[C@H](C(N)=O)C[C@H]2C[C@H]21,O=C(Oc1cccc(-c2ccccn2)c1)N1CCC[C@H]2C[C@H]21,6.770247859071493,train,scaffold,123
A71EV2A-x7350b,b6e4af7fded95dd4,CSc1ccc(-c2ccccn2)cc1OC(=O)N1C[C@H](C(N)=O)C[C@H]2C[C@H]21,O=C(Oc1cccc(-c2ccccn2)c1)N1CCC[C@H]2C[C@H]21,6.770247859071493,train,scaffold,123
A71EV2A-x7353a,5be9c26688141c7d,COC[C@@H]1CCN1c1ncnc(SC)c1CC(=O)N1CCC[C@H](C(N)=O)C1,O=C(Cc1cncnc1N1CCC1)N1CCCCC1,5.357972475219064,train,scaffold,123
A71EV2A-x7353b,5be9c26688141c7d,COC[C@@H]1CCN1c1ncnc(SC)c1CC(=O)N1CCC[C@H](C(N)=O)C1,O=C(Cc1cncnc1N1CCC1)N1CCCCC1,5.357972475219064,train,scaffold,123
A71EV2A-x7359a,6347226ba342900a,CSc1ccc(Br)cc1CC(=O)N1C[C@@H](C(N)=O)[C@@H]2C[C@@H]21,O=C(Cc1ccccc1)N1CC[C@@H]2C[C@@H]21,4.590066876668706,train,scaffold,123
A71EV2A-x7368a,7f3471ba32785d30,CSc1ccc(C2=CC[N@@H+](C)CC2)cc1OC(=O)N1C[C@@H](C(N)=O)C[C@@H]2C[C@@H]21,O=C(Oc1cccc(C2=CC[NH2+]CC2)c1)N1CCC[C@@H]2C[C@@H]21,6.6167895690531875,train,scaffold,123
A71EV2A-x7369a,8621cc82f1464fe0,CSc1ccc(C2=CC[N@@H+](C)CC2)cc1CC(=O)N1C[C@@H](C(N)=O)C[C@@H]2C[C@@H]21,O=C(Cc1cccc(C2=CC[NH2+]CC2)c1)N1CCC[C@@H]2C[C@@H]21,6.217987758487747,validation,scaffold,123
A71EV2A-x7369b,8621cc82f1464fe0,CSc1ccc(C2=CC[N@@H+](C)CC2)cc1CC(=O)N1C[C@@H](C(N)=O)C[C@@H]2C[C@@H]21,O=C(Cc1cccc(C2=CC[NH2+]CC2)c1)N1CCC[C@@H]2C[C@@H]21,6.217987758487747,validation,scaffold,123
A71EV2A-x7372a,436a7b65a624f926,CSc1ncnc(N2C[C@H]3C[C@H]3C2)c1CC(=O)N1CCC[C@H](C(N)=O)C1,O=C(Cc1cncnc1N1C[C@H]2C[C@H]2C1)N1CCCCC1,6.558486174447746,validation,scaffold,123
A71EV2A-x7379a,a70542a352ca2f62,CSc1ccc(-c2cn[nH]c2)cc1OC(=O)N1C[C@@H](C(N)=O)C[C@H]2C[C@H]21,O=C(Oc1cccc(-c2cn[nH]c2)c1)N1CCC[C@H]2C[C@H]21,5.626220997937759,validation,scaffold,123
A71EV2A-x7389a,680ffbd44debf029,CSc1ncnc(N2CC(O)C2)c1CC(=O)N1CCC[C@H](C(N)=O)C1,O=C(Cc1cncnc1N1CCC1)N1CCCCC1,6.426194047786621,train,scaffold,123
A71EV2A-x7410a,14943e3503a850d0,CSc1ccc(-c2cnn[nH]2)cc1OC(=O)N1C[C@@H](C(N)=O)C[C@@H]2C[C@@H]21,O=C(Oc1cccc(-c2cnn[nH]2)c1)N1CCC[C@@H]2C[C@@H]21,6.821074156272469,train,scaffold,123
A71EV2A-x7420a,73943e3344c56c30,CSc1ncnc(N2CCCC[C@@H]2C(C)C)c1CC(=O)N1CCC[C@H](C(N)=O)C1,O=C(Cc1cncnc1N1CCCCC1)N1CCCCC1,6.372178760973441,validation,scaffold,123
A71EV2A-x7424a,c40116b15c5b747b,CSc1ncnc(N(C)C2CCOCC2)c1CC(=O)N1CCC[C@H](C(N)=O)C1,O=C(Cc1cncnc1NC1CCOCC1)N1CCCCC1,5.7864475040867696,train,scaffold,123
A71EV2A-x7427a,0cbb67987fcf2602,CSc1ncnc(N2CC[C@H](C(=O)N(C)C)C2)c1CC(=O)N1CCC[C@H](C(N)=O)C1,O=C(Cc1cncnc1N1CCCC1)N1CCCCC1,5.974361680056222,validation,scaffold,123
A71EV2A-x7430a,4f5de6802fffcef2,CSc1ncnc(N2CCCC[C@H]2CO)c1CC(=O)N1CCC[C@H](C(N)=O)C1,O=C(Cc1cncnc1N1CCCCC1)N1CCCCC1,5.867264623808438,validation,scaffold,123
A71EV2A-x7432a,69369aa9f9720371,CCN(c1ncnc(SC)c1CC(=O)N1CCC[C@H](C(N)=O)C1)C(C)C,O=C(Cc1cncnc1)N1CCCCC1,5.941351132986486,train,scaffold,123
A71EV2A-x7433a,6c3e2394f9609b77,CSc1ncnc(N2CCC[C@H]2Cc2ccccc2)c1CC(=O)N1CCC[C@H](C(N)=O)C1,O=C(Cc1cncnc1N1CCC[C@H]1Cc1ccccc1)N1CCCCC1,5.138183874676179,train,scaffold,123
A71EV2A-x7436a,58b2517e1c2b94c4,CSc1ncnc(N(C)[C@@H](C)c2ccccc2)c1CC(=O)N1CCC[C@H](C(N)=O)C1,O=C(Cc1cncnc1NCc1ccccc1)N1CCCCC1,6.580678113068668,train,scaffold,123
A71EV2A-x7436b,58b2517e1c2b94c4,CSc1ncnc(N(C)[C@@H](C)c2ccccc2)c1CC(=O)N1CCC[C@H](C(N)=O)C1,O=C(Cc1cncnc1NCc1ccccc1)N1CCCCC1,6.580678113068668,train,scaffold,123
A71EV2A-x7442a,1b964396db986f8e,CSc1ccc(-c2ccccn2)cc1OC(=O)N1CCC[C@H](C(N)=O)C1,O=C(Oc1cccc(-c2ccccn2)c1)N1CCCCC1,6.363385275343752,train,scaffold,123
A71EV2A-x7445a,ebcdadd0a54126a2,CSc1ccc(-c2ccncc2)cc1CC(=O)N1C[C@H](C(N)=O)C[C@H]2C[C@H]21,O=C(Cc1cccc(-c2ccncc2)c1)N1CCC[C@H]2C[C@H]21,4.917388969413124,train,scaffold,123
A71EV2A-x7446a,61920963406b86c3,CCS(=O)(=O)N1CCN(c2ncnc(SC)c2CC(=O)N2CCC[C@H](C(N)=O)C2)[C@H](C)C1,O=C(Cc1cncnc1N1CCNCC1)N1CCCCC1,5.887521899626527,train,scaffold,123
A71EV2A-x7448a,ed82ca483c0294fc,CSc1cccc2c1[C@@H](C(=O)N1C[C@@H](C(N)=O)C[C@@H]3C[C@@H]31)CC2,O=C([C@H]1CCc2ccccc21)N1CCC[C@@H]2C[C@@H]21,6.317002294422829,test,scaffold,123
A71EV2A-x7459a,2a60f5de741bf6d9,CSc1ccc2ncccc2c1OC(=O)N1C[C@H](C(N)=O)C[C@@H]2C[C@@H]21,O=C(Oc1cccc2ncccc12)N1CCC[C@@H]2C[C@@H]21,6.223231835566202,train,scaffold,123
A71EV2A-x7461a,2a60f5de741bf6d9,CSc1ccc2ncccc2c1OC(=O)N1C[C@@H](C(N)=O)C[C@H]2C[C@H]21,O=C(Oc1cccc2ncccc12)N1CCC[C@H]2C[C@H]21,6.223231835566202,train,scaffold,123
A71EV2A-x7465a,b2609ffbcb65a921,CSc1ccc2ncccc2c1OC(=O)N1C[C@H](C(N)=O)C[C@H]2C[C@H]21,O=C(Oc1cccc2ncccc12)N1CCC[C@H]2C[C@H]21,6.55419279444554,train,scaffold,123
A71EV2A-x7465b,b2609ffbcb65a921,CSc1ccc2ncccc2c1OC(=O)N1C[C@H](C(N)=O)C[C@H]2C[C@H]21,O=C(Oc1cccc2ncccc12)N1CCC[C@H]2C[C@H]21,6.55419279444554,train,scaffold,123
A71EV2A-x7475a,463e7e9b84b453d4,CSc1ncnc(N2CCC[C@H]2C2CC2)c1CC(=O)N1CCC[C@H](C(N)=O)C1,O=C(Cc1cncnc1N1CCC[C@H]1C1CC1)N1CCCCC1,5.262032975642954,train,scaffold,123
A71EV2A-x7475b,463e7e9b84b453d4,CSc1ncnc(N2CCC[C@H]2C2CC2)c1CC(=O)N1CCC[C@H](C(N)=O)C1,O=C(Cc1cncnc1N1CCC[C@H]1C1CC1)N1CCCCC1,5.262032975642954,train,scaffold,123
A71EV2A-x7491a,66691066e400b0aa,CSc1ncnc(N2CCC[C@H]2C(C)C)c1CC(=O)N1CCC[C@H](C(N)=O)C1,O=C(Cc1cncnc1N1CCCC1)N1CCCCC1,5.331449457260316,validation,scaffold,123
A71EV2A-x7491b,66691066e400b0aa,CSc1ncnc(N2CCC[C@H]2C(C)C)c1CC(=O)N1CCC[C@H](C(N)=O)C1,O=C(Cc1cncnc1N1CCCC1)N1CCCCC1,5.331449457260316,validation,scaffold,123
A71EV2A-x7501a,5d95cc8681281b11,CSc1ncnc(N2CCC[C@H]2C)c1CC(=O)N1CCC[C@H](C(N)=O)C1,O=C(Cc1cncnc1N1CCCC1)N1CCCCC1,5.244486511545811,validation,scaffold,123
A71EV2A-x7501b,5d95cc8681281b11,CSc1ncnc(N2CCC[C@H]2C)c1CC(=O)N1CCC[C@H](C(N)=O)C1,O=C(Cc1cncnc1N1CCCC1)N1CCCCC1,5.244486511545811,validation,scaffold,123
A71EV2A-x7510a,c19b8e6c95426e64,CC[C@@H]1CCCN1c1ncnc(SC)c1CC(=O)N1CCC[C@H](C(N)=O)C1,O=C(Cc1cncnc1N1CCCC1)N1CCCCC1,5.359471394334077,validation,scaffold,123
A71EV2A-x7510b,c19b8e6c95426e64,CC[C@@H]1CCCN1c1ncnc(SC)c1CC(=O)N1CCC[C@H](C(N)=O)C1,O=C(Cc1cncnc1N1CCCC1)N1CCCCC1,5.359471394334077,validation,scaffold,123
A71EV2A-x7515a,b2609ffbcb65a921,CSc1ccc2ncccc2c1OC(=O)N1C[C@@H](C(N)=O)C[C@@H]2C[C@@H]21,O=C(Oc1cccc2ncccc12)N1CCC[C@@H]2C[C@@H]21,6.55419279444554,train,scaffold,123
A71EV2A-x7533a,d6565cda5bfbb429,CSc1ncnc(N2CCC[C@@H]2C)c1CC(=O)N1CCC[C@H](C(N)=O)C1,O=C(Cc1cncnc1N1CCCC1)N1CCCCC1,6.616555737163779,validation,scaffold,123
A71EV2A-x7533b,d6565cda5bfbb429,CSc1ncnc(N2CCC[C@@H]2C)c1CC(=O)N1CCC[C@H](C(N)=O)C1,O=C(Cc1cncnc1N1CCCC1)N1CCCCC1,6.616555737163779,validation,scaffold,123
A71EV2A-x7545a,d9abc36579c60fe5,CSc1ncnc(N(C)C)c1CC(=O)N1CCC[C@H](C(N)=O)C1,O=C(Cc1cncnc1)N1CCCCC1,6.393012805332465,train,scaffold,123
A71EV2A-x7545b,d9abc36579c60fe5,CSc1ncnc(N(C)C)c1CC(=O)N1CCC[C@H](C(N)=O)C1,O=C(Cc1cncnc1)N1CCCCC1,6.393012805332465,train,scaffold,123
A71EV2A-x7558a,7949318d25d24379,CSc1ccc(Br)cc1OC(=O)N1C[C@@H](C(N)=O)CC[C@H]1CO,O=C(Oc1ccccc1)N1CCCCC1,5.994964027913848,train,scaffold,123
A71EV2A-x7560a,f8c9f651c4e85d53,CSc1ncnc(N2CCCCCC2)c1CC(=O)N1CCC[C@H](C(N)=O)C1,O=C(Cc1cncnc1N1CCCCCC1)N1CCCCC1,7.1865084765696,train,scaffold,123
A71EV2A-x7560b,f8c9f651c4e85d53,CSc1ncnc(N2CCCCCC2)c1CC(=O)N1CCC[C@H](C(N)=O)C1,O=C(Cc1cncnc1N1CCCCCC1)N1CCCCC1,7.1865084765696,train,scaffold,123
A71EV2A-x7570a,3f6c00e74e5f4753,CSc1ncnc(N2CCC[C@@H]2c2ccccc2)c1CC(=O)N1CCC[C@H](C(N)=O)C1,O=C(Cc1cncnc1N1CCC[C@@H]1c1ccccc1)N1CCCCC1,7.13169634555566,train,scaffold,123
A71EV2A-x7576a,a5e7bb5763f9fc5f,CSc1ccc(-c2cc[nH]n2)cc1CC(=O)N1C[C@@H](C(N)=O)C[C@@H]2C[C@@H]21,O=C(Cc1cccc(-c2cc[nH]n2)c1)N1CCC[C@@H]2C[C@@H]21,6.340503680200894,train,scaffold,123
A71EV2A-x7576b,a5e7bb5763f9fc5f,CSc1ccc(-c2cc[nH]n2)cc1CC(=O)N1C[C@@H](C(N)=O)C[C@@H]2C[C@@H]21,O=C(Cc1cccc(-c2cc[nH]n2)c1)N1CCC[C@@H]2C[C@@H]21,6.340503680200894,train,scaffold,123
A71EV2A-x7580a,24b76b144d17e141,CSc1ncnc(N(C)C)c1CC(=O)N1C[C@@H](C(N)=O)C[C@H]2C[C@H]21,O=C(Cc1cncnc1)N1CCC[C@H]2C[C@H]21,6.073633599517659,validation,scaffold,123
A71EV2A-x7580b,24b76b144d17e141,CSc1ncnc(N(C)C)c1CC(=O)N1C[C@@H](C(N)=O)C[C@H]2C[C@H]21,O=C(Cc1cncnc1)N1CCC[C@H]2C[C@H]21,6.073633599517659,validation,scaffold,123
A71EV2A-x7589a,91c0dac12c0def17,COC(=O)N[C@H]1CCN(c2ncnc(SC)c2CC(=O)N2CCC[C@H](C(N)=O)C2)C1,O=C(Cc1cncnc1N1CCCC1)N1CCCCC1,7.2725450748210925,validation,scaffold,123
A71EV2A-x7597a,de0f4232ed0de445,CSc1ccc(-c2cc[nH]n2)cc1OC(=O)N1CCC[C@H](C(N)=O)C1,O=C(Oc1cccc(-c2cc[nH]n2)c1)N1CCCCC1,6.343392058545723,train,scaffold,123
A71EV2A-x7608a,c9c522fd452da373,CSc1ncnc(N(C)CC(F)(F)F)c1CC(=O)N1C[C@@H](C(N)=O)C[C@@H]2C[C@@H]21,O=C(Cc1cncnc1)N1CCC[C@@H]2C[C@@H]21,6.794695728715816,train,scaffold,123
A71EV2A-x7613a,13048e5ce6848590,CC[C@@H]1CS[C@H](C(N)=O)CN1C(=O)Oc1cc(Br)ccc1SC,O=C(Oc1ccccc1)N1CCSCC1,7.112683897314732,train,scaffold,123
A71EV2A-x7622a,5da5da1690f1ed86,CSc1ncnc(N2CCCC2)c1NC(=O)N1C[C@@H](C(N)=O)C[C@@H]2C[C@@H]21,O=C(Nc1cncnc1N1CCCC1)N1CCC[C@@H]2C[C@@H]21,5.928304705589599,train,scaffold,123
A71EV2A-x7631a,508483ec56a3c249,CSc1ccccc1CC(=O)N1C[C@@H](C(N)=O)C[C@@H]2C[C@@H]21,O=C(Cc1ccccc1)N1CCC[C@@H]2C[C@@H]21,5.676463453677816,train,scaffold,123
