complex_name,compound_group,smiles,experimental_pKD,exclusion_reasons
A71EV2A-x0152a,x0152a_x0152b,O=C1CN(C(=O)COc2ccccc2)CCN1,,missing_experimental_pKD;absent_from_official_affinity_reference;suspected_crystallographic_artefact
A71EV2A-x0152b,x0152a_x0152b,O=C1CN(C(=O)COc2ccccc2)CCN1,,missing_experimental_pKD;absent_from_official_affinity_reference;reference_pose_fails_posebusters
A71EV2A-x0188a,x0188a,CC[C@@H]1CN(S(=O)(=O)N(C)C)CCO1,,missing_experimental_pKD;absent_from_official_affinity_reference
A71EV2A-x0194a,x0194a,Fc1ccccc1CNC1CCOCC1,,missing_experimental_pKD;absent_from_official_affinity_reference
A71EV2A-x0202a,x0202a_x0202b,NS(=O)(=O)c1cnc2cccnn12,,missing_experimental_pKD;absent_from_official_affinity_reference
A71EV2A-x0202b,x0202a_x0202b,NS(=O)(=O)c1cnc2cccnn12,,missing_experimental_pKD;absent_from_official_affinity_reference;suspected_crystallographic_artefact
A71EV2A-x0207a,x0207a,Cc1cc(C(=O)NC[C@H]2CCOC2)on1,,missing_experimental_pKD;absent_from_official_affinity_reference
A71EV2A-x0228a,x0228a,CS(=O)(=O)N1CCC(O)CC1,,missing_experimental_pKD;absent_from_official_affinity_reference
A71EV2A-x0229a,x0229a_x0229b,CS(=O)(=O)Nc1ccc(CN)cc1,,missing_experimental_pKD;absent_from_official_affinity_reference;suspected_crystallographic_artefact
A71EV2A-x0229b,x0229a_x0229b,CS(=O)(=O)Nc1ccc(CN)cc1,,missing_experimental_pKD;absent_from_official_affinity_reference
A71EV2A-x0237a,x0237a,Cc1ccc(CNC(=O)C2CCC2)cn1,,missing_experimental_pKD;absent_from_official_affinity_reference
A71EV2A-x0239a,x0239a,CCC(=O)NCc1nnc2n1CCCC2,,missing_experimental_pKD;absent_from_official_affinity_reference
A71EV2A-x0269a,x0269a,O=C(N[C@H]1CCCNC1)c1ccccc1,,missing_experimental_pKD;absent_from_official_affinity_reference;suspected_crystallographic_artefact
A71EV2A-x0278b,x0278a_x0278b,N[C@H]1CCN(S(=O)(=O)c2ccccc2)C1,,missing_experimental_pKD;absent_from_official_affinity_reference
A71EV2A-x0278a,x0278a_x0278b,N[C@H]1CCN(S(=O)(=O)c2ccccc2)C1,,missing_experimental_pKD;absent_from_official_affinity_reference;suspected_crystallographic_artefact
A71EV2A-x0305a,x0305a,CNS(=O)(=O)c1cccc(C)c1F,,missing_experimental_pKD;absent_from_official_affinity_reference
A71EV2A-x0309a,x0309a,Cn1ccnc1-c1noc(C2CCC2)n1,,missing_experimental_pKD;absent_from_official_affinity_reference
A71EV2A-x0310a,x0310a,Cc1nn(C)c(C)c1NC(=O)CC#N,,missing_experimental_pKD;absent_from_official_affinity_reference
A71EV2A-x0332a,x0332a_x2458a,CNS(=O)(=O)c1ccccc1Cl,,missing_experimental_pKD;absent_from_official_affinity_reference
A71EV2A-x0333a,x0333a,CS(=O)(=O)NCCc1ccccc1,,missing_experimental_pKD;absent_from_official_affinity_reference;suspected_crystallographic_artefact
A71EV2A-x0351c,x0351a_x0351b_x0351c,CCS(=O)(=O)NCc1ccc2c(c1)OCO2,,missing_experimental_pKD;absent_from_official_affinity_reference;suspected_crystallographic_artefact
A71EV2A-x0351a,x0351a_x0351b_x0351c,CCS(=O)(=O)NCc1ccc2c(c1)OCO2,,missing_experimental_pKD;absent_from_official_affinity_reference
A71EV2A-x0351b,x0351a_x0351b_x0351c,CCS(=O)(=O)NCc1ccc2c(c1)OCO2,,missing_experimental_pKD;absent_from_official_affinity_reference
A71EV2A-x0354a,x0354a,C[C@]1(NC(=O)C2CC2)CCS(=O)(=O)C1,,missing_experimental_pKD;absent_from_official_affinity_reference
A71EV2A-x0359a,x0359a,CN(C)Cc1ccc(C#N)cc1,,missing_experimental_pKD;absent_from_official_affinity_reference
A71EV2A-x0365a,x0365a,Cn1ccc(NCc2ccccc2)n1,,missing_experimental_pKD;absent_from_official_affinity_reference
A71EV2A-x0375c,x0375a_x0375b_x0375c,COc1ccccc1NC(N)=S,,missing_experimental_pKD;absent_from_official_affinity_reference;suspected_crystallographic_artefact
A71EV2A-x0375a,x0375a_x0375b_x0375c,COc1ccccc1NC(N)=S,,missing_experimental_pKD;absent_from_official_affinity_reference
A71EV2A-x0375b,x0375a_x0375b_x0375c,COc1ccccc1NC(N)=S,,missing_experimental_pKD;absent_from_official_affinity_reference
A71EV2A-x0395a,x0395a_x0395b,CC(CO)(CO)NC(=O)Nc1ccccc1,,missing_experimental_pKD;absent_from_official_affinity_reference;suspected_crystallographic_artefact
A71EV2A-x0395b,x0395a_x0395b,CC(CO)(CO)NC(=O)Nc1ccccc1,,missing_experimental_pKD;absent_from_official_affinity_reference;suspected_crystallographic_artefact
A71EV2A-x0396a,x0396a,COCc1nnc(N)s1,,missing_experimental_pKD;absent_from_official_affinity_reference;suspected_crystallographic_artefact
A71EV2A-x0412a,x0412a,CCn1c(NC(C)=O)nc2ccccc21,,missing_experimental_pKD;absent_from_official_affinity_reference;suspected_crystallographic_artefact
A71EV2A-x0416a,x0416a,Cc1ccc(NC(=O)[C@@H]2CCCO2)nc1,,missing_experimental_pKD;absent_from_official_affinity_reference
A71EV2A-x0428a,x0428a_x2448a_x2448b,CN(C)S(=O)(=O)c1cccnc1,,missing_experimental_pKD;absent_from_official_affinity_reference
A71EV2A-x0432a,x0432a_x0900a,Nc1ccc(-c2ncno2)cc1,,missing_experimental_pKD;absent_from_official_affinity_reference;suspected_crystallographic_artefact
A71EV2A-x0437a,x0437a,CCNc1ccc(C)nn1,,missing_experimental_pKD;absent_from_official_affinity_reference
A71EV2A-x0443a,x0443a,Cc1cn2ccccc2n1,,missing_experimental_pKD;absent_from_official_affinity_reference
A71EV2A-x0446a,x0446a,CNC(=O)c1cnc(C)s1,,missing_experimental_pKD;absent_from_official_affinity_reference
A71EV2A-x0450a,x0450a,CN(C)C(=O)c1ccc(F)cc1Br,,missing_experimental_pKD;absent_from_official_affinity_reference
A71EV2A-x0451a,x0451a_x3066a,CNC(=O)c1cn(C)c2ccccc12,,missing_experimental_pKD;absent_from_official_affinity_reference
A71EV2A-x0469a,x0469a,CC(C)N1CCN(c2ncccn2)CC1,,missing_experimental_pKD;absent_from_official_affinity_reference
A71EV2A-x0473a,x0473a,O=S(=O)(NC1CCCC1)C1CCOCC1,,missing_experimental_pKD;absent_from_official_affinity_reference
A71EV2A-x0486a,x0486a,CN(C)C(=O)Cn1ncc2ccccc21,,missing_experimental_pKD;absent_from_official_affinity_reference
A71EV2A-x0487a,x0487a,CC(=O)Nc1ccncc1C,,missing_experimental_pKD;absent_from_official_affinity_reference
A71EV2A-x0488a,x0488a,O=c1ccncn1CCO,,missing_experimental_pKD;absent_from_official_affinity_reference;suspected_crystallographic_artefact
A71EV2A-x0497a,x0497a,N#Cc1n[nH]c2ccccc12,,missing_experimental_pKD;absent_from_official_affinity_reference;suspected_crystallographic_artefact
A71EV2A-x0501a,x0501a_x0501b,COc1ccccc1-c1nnco1,,missing_experimental_pKD;absent_from_official_affinity_reference
A71EV2A-x0501b,x0501a_x0501b,COc1ccccc1-c1nnco1,,missing_experimental_pKD;absent_from_official_affinity_reference
A71EV2A-x0514b,x0514a_x0514b,COc1ccc2sc(N)nc2c1,,missing_experimental_pKD;absent_from_official_affinity_reference;suspected_crystallographic_artefact
A71EV2A-x0514a,x0514a_x0514b,COc1ccc2sc(N)nc2c1,,missing_experimental_pKD;absent_from_official_affinity_reference
A71EV2A-x0515c,x0515a_x0515b_x0515c,COC(=O)c1ccncc1N,,missing_experimental_pKD;absent_from_official_affinity_reference;suspected_crystallographic_artefact;reference_pose_fails_posebusters
A71EV2A-x0515a,x0515a_x0515b_x0515c,COC(=O)c1ccncc1N,,missing_experimental_pKD;absent_from_official_affinity_reference
A71EV2A-x0515b,x0515a_x0515b_x0515c,COC(=O)c1ccncc1N,,missing_experimental_pKD;absent_from_official_affinity_reference
A71EV2A-x0517a,x0517a,CCn1cc(C(=O)NCc2ccc(F)cc2)cn1,,missing_experimental_pKD;absent_from_official_affinity_reference
A71EV2A-x0525a,x0525a,O=c1ccc(OC(F)F)c[nH]1,,missing_experimental_pKD;absent_from_official_affinity_reference
A71EV2A-x0526a,x0526a,Cc1nccn1-c1cccnc1,,missing_experimental_pKD;absent_from_official_affinity_reference
A71EV2A-x0528a,x0528a_x0528b,CN1CC[C@@H](Oc2cccc(F)c2)C1=O,,missing_experimental_pKD;absent_from_official_affinity_reference
A71EV2A-x0528b,x0528a_x0528b,CN1CC[C@@H](Oc2cccc(F)c2)C1=O,,missing_experimental_pKD;absent_from_official_affinity_reference;suspected_crystallographic_artefact
A71EV2A-x0540a,x0540a,N#Cc1ccc(CNCc2ccc(F)cc2)cc1,,missing_experimental_pKD;absent_from_official_affinity_reference
A71EV2A-x0541a,x0541a,Cc1noc(C)c1C[C@@H](C)C(=O)N(C)C,,missing_experimental_pKD;absent_from_official_affinity_reference
A71EV2A-x0554b,x0554a_x0554b,CC(=O)Nc1cccc2cc[nH]c12,,missing_experimental_pKD;absent_from_official_affinity_reference
A71EV2A-x0554a,x0554a_x0554b,CC(=O)Nc1cccc2cc[nH]c12,,missing_experimental_pKD;absent_from_official_affinity_reference
A71EV2A-x0556a,x0556a,Cn1cc(N)c(C(=O)NC2CCC2)n1,,missing_experimental_pKD;absent_from_official_affinity_reference
A71EV2A-x0566a,x0566a,CNC(=O)c1cccc2cc[nH]c12,,missing_experimental_pKD;absent_from_official_affinity_reference
A71EV2A-x0571a,x0571a,COCc1cc(C(N)=O)no1,,missing_experimental_pKD;absent_from_official_affinity_reference
A71EV2A-x0586a,x0586a,CN1CCCc2ccc(S(N)(=O)=O)cc21,,missing_experimental_pKD;absent_from_official_affinity_reference
A71EV2A-x0691a,x0691a,CNc1ccccc1S(C)(=O)=O,,missing_experimental_pKD;absent_from_official_affinity_reference
A71EV2A-x0717a,x0717a,Cc1n[nH]c(C)c1S(=O)(=O)N(C)C,,missing_experimental_pKD;absent_from_official_affinity_reference
A71EV2A-x0719b,x0719a_x0719b,C[C@H](CS(N)(=O)=O)c1ccccc1,,missing_experimental_pKD;absent_from_official_affinity_reference;suspected_crystallographic_artefact
A71EV2A-x0719a,x0719a_x0719b,C[C@H](CS(N)(=O)=O)c1ccccc1,,missing_experimental_pKD;absent_from_official_affinity_reference
A71EV2A-x0732a,x0732a,Cc1cc(C)c(NC(=O)CO)c(C)c1,,missing_experimental_pKD;absent_from_official_affinity_reference
A71EV2A-x0739a,x0739a,Cc1ccc(OCC(=O)N2CCOCC2)c(C)c1,,missing_experimental_pKD;absent_from_official_affinity_reference
A71EV2A-x0812a,x0812a,Cn1nc(C(N)=O)c2ccccc21,,missing_experimental_pKD;absent_from_official_affinity_reference
A71EV2A-x0831a,x0831a,Nc1cccc(OCc2ccccc2)c1,,missing_experimental_pKD;absent_from_official_affinity_reference;suspected_crystallographic_artefact
A71EV2A-x0836a,x0836a_x0836b,COc1ccc([C@H](N)c2ccccc2)cc1,,missing_experimental_pKD;absent_from_official_affinity_reference
A71EV2A-x0836b,x0836a_x0836b,COc1ccc([C@H](N)c2ccccc2)cc1,,missing_experimental_pKD;absent_from_official_affinity_reference
A71EV2A-x0853a,x0853a,O=C(NC1CC1)c1ccc2c(c1)OCO2,,missing_experimental_pKD;absent_from_official_affinity_reference
A71EV2A-x0884a,x0884a_x2454a,CC(=O)Nc1cccc(NC(N)=O)c1,,missing_experimental_pKD;absent_from_official_affinity_reference
A71EV2A-x0900a,x0432a_x0900a,Nc1ccc(-c2ncno2)cc1,,missing_experimental_pKD;absent_from_official_affinity_reference;suspected_crystallographic_artefact
A71EV2A-x0911a,x0911a,CN(C(=O)[C@H]1CCNC1)c1ccccc1,,missing_experimental_pKD;absent_from_official_affinity_reference
A71EV2A-x0922a,x0922a,Cc1ccccc1OCC(=O)N(C)C,,missing_experimental_pKD;absent_from_official_affinity_reference
A71EV2A-x0926a,x0926a,COCC(=O)N1CCC[C@H](C(N)=O)C1,,missing_experimental_pKD;absent_from_official_affinity_reference
A71EV2A-x1019a,x1019a,COc1cc(Br)ccc1CC(=O)O,,missing_experimental_pKD;absent_from_official_affinity_reference
A71EV2A-x1068b,x1068a_x1068b_x1068c,Nc1ncccn1,,missing_experimental_pKD;absent_from_official_affinity_reference;suspected_crystallographic_artefact
A71EV2A-x1068a,x1068a_x1068b_x1068c,Nc1ncccn1,,missing_experimental_pKD;absent_from_official_affinity_reference
A71EV2A-x1068c,x1068a_x1068b_x1068c,Nc1ncccn1,,missing_experimental_pKD;absent_from_official_affinity_reference;suspected_crystallographic_artefact
A71EV2A-x1080a,x1080a,CCC(=O)NO,,missing_experimental_pKD;absent_from_official_affinity_reference
A71EV2A-x1081a,x1081a_x1081b,O=C1NCCN1,,missing_experimental_pKD;absent_from_official_affinity_reference;suspected_crystallographic_artefact
A71EV2A-x1081b,x1081a_x1081b,O=C1NCCN1,,missing_experimental_pKD;absent_from_official_affinity_reference;suspected_crystallographic_artefact
A71EV2A-x1084a,x1084a,NC(=O)C1(N)CC1,,missing_experimental_pKD;absent_from_official_affinity_reference;suspected_crystallographic_artefact
A71EV2A-x1105a,x1105a_x1105b,c1ccc(-c2ccncc2)cc1,,missing_experimental_pKD;absent_from_official_affinity_reference;suspected_crystallographic_artefact
A71EV2A-x1105b,x1105a_x1105b,c1ccc(-c2ccncc2)cc1,,missing_experimental_pKD;absent_from_official_affinity_reference;suspected_crystallographic_artefact
A71EV2A-x1109a,x1109a,O=C(O)c1cnc(-c2ccccc2)s1,,missing_experimental_pKD;absent_from_official_affinity_reference;suspected_crystallographic_artefact
A71EV2A-x1128a,x1128a,Oc1nnc(-c2ccccc2)o1,,missing_experimental_pKD;absent_from_official_affinity_reference;suspected_crystallographic_artefact
A71EV2A-x1140a,x1140a_x1140b,O=C(CN1CCCC1)c1ccccc1Cl,,missing_experimental_pKD;absent_from_official_affinity_reference
A71EV2A-x1140b,x1140a_x1140b,O=C(CN1CCCC1)c1ccccc1Cl,,missing_experimental_pKD;absent_from_official_affinity_reference
A71EV2A-x1145b,x1145b,Fc1ccc(C[C@@H]2CCCNC2)cc1,,missing_experimental_pKD;absent_from_official_affinity_reference
A71EV2A-x1145a,x1145a,Fc1ccc(C[C@H]2CCCNC2)cc1,,missing_experimental_pKD;absent_from_official_affinity_reference;suspected_crystallographic_artefact
A71EV2A-x1146a,x1146a,Oc1cnc(-c2ccccc2)nc1,,missing_experimental_pKD;absent_from_official_affinity_reference;suspected_crystallographic_artefact
A71EV2A-x1148b,x1148a_x1148b,Brc1c[nH]cn1,,missing_experimental_pKD;absent_from_official_affinity_reference;suspected_crystallographic_artefact
A71EV2A-x1148a,x1148a_x1148b,Brc1c[nH]cn1,,missing_experimental_pKD;absent_from_official_affinity_reference
A71EV2A-x1180a,x1180a_x1180b,Clc1c[nH]cn1,,missing_experimental_pKD;absent_from_official_affinity_reference
A71EV2A-x1180b,x1180a_x1180b,Clc1c[nH]cn1,,missing_experimental_pKD;absent_from_official_affinity_reference
A71EV2A-x1209a,x1209a,Brc1ncc[nH]1,,missing_experimental_pKD;absent_from_official_affinity_reference
A71EV2A-x1255a,x1255a,COCCn1ccc(Br)cc1=O,,missing_experimental_pKD;absent_from_official_affinity_reference
A71EV2A-x1292a,x1292a,O=C(NC1CC1)c1ccccc1O,,missing_experimental_pKD;absent_from_official_affinity_reference
A71EV2A-x1293a,x1293a,Nc1nnc2ccccn12,,missing_experimental_pKD;absent_from_official_affinity_reference
A71EV2A-x1776a,x1776a,CC(=O)Nc1ccc(C(=O)[C@H](C)S)cc1,4.1807,covalent_ligand;reference_pose_fails_posebusters
A71EV2A-x1778a,x1778a,CC(=O)N1CCc2cc(C(=O)[C@H](C)S)ccc21,5.1514,covalent_ligand;reference_pose_fails_posebusters
A71EV2A-x2290a,x2290a,CNC(=O)c1nn(C)c2ccccc12,5.3762,reference_pose_fails_posebusters
A71EV2A-x2293a,x2293a,Cn1nc(C(=O)NC[C@@H]2Cc3ccccc3CN2)c2ccccc21,5.0414,reference_pose_fails_posebusters
A71EV2A-x2304a,x2304a,Cn1nc(C(=O)Nc2cn[nH]c2)c2ccccc21,4.7784,reference_pose_fails_posebusters
A71EV2A-x2339a,x2339a,Cn1nc(C(=O)NC2CC2)c2cc(F)ccc21,4.8874,reference_pose_fails_posebusters
A71EV2A-x2351a,x2351a,Cn1nc(C(N)=O)c2cc(F)ccc21,5.0507,reference_pose_fails_posebusters
A71EV2A-x2448a,x0428a_x2448a_x2448b,CN(C)S(=O)(=O)c1cccnc1,5.1075,reference_pose_fails_posebusters
A71EV2A-x2448b,x0428a_x2448a_x2448b,CN(C)S(=O)(=O)c1cccnc1,5.1075,reference_pose_fails_posebusters
A71EV2A-x2454a,x0884a_x2454a,CC(=O)Nc1cccc(NC(N)=O)c1,4.9431,reference_pose_fails_posebusters
A71EV2A-x2458a,x0332a_x2458a,CNS(=O)(=O)c1ccccc1Cl,6.0349,reference_pose_fails_posebusters
A71EV2A-x2513a,x2513a,COc1ccc(Cl)c2c1C(=O)C(=O)N2,4.6289,reference_pose_fails_posebusters
A71EV2A-x2629a,x2629a,COc1ccccc1NC(=O)Nc1cccnc1,4.7409,reference_pose_fails_posebusters
A71EV2A-x2846a,x2846a,Cn1nc(C(=O)NCCc2cocn2)c2ccccc21,,missing_experimental_pKD;absent_from_official_affinity_reference;reference_pose_fails_posebusters
A71EV2A-x2972a,x2972a,Cn1nc(C(=O)NCc2c[nH]cn2)c2ccccc21,,missing_experimental_pKD;absent_from_official_affinity_reference;reference_pose_fails_posebusters
A71EV2A-x3066a,x0451a_x3066a,CNC(=O)c1cn(C)c2ccccc12,4.8228,reference_pose_fails_posebusters
A71EV2A-x3186a,x3186a,COc1ccccc1CC(=O)N1CCC[C@H](C(N)=O)C1,4.1284,reference_pose_fails_posebusters
A71EV2A-x3188a,x3188a_x3189a_x3914a,Cn1cc2c(CC(=O)N3CCC[C@H](C(N)=O)C3)cccc2n1,,missing_experimental_pKD;absent_from_official_affinity_reference
A71EV2A-x3189a,x3188a_x3189a_x3914a,Cn1cc2c(CC(=O)N3CCC[C@H](C(N)=O)C3)cccc2n1,,missing_experimental_pKD;absent_from_official_affinity_reference
A71EV2A-x3194a,x3194a,Cc1cc(CC(=O)N2CCC[C@H](C(N)=O)C2)ccn1,,missing_experimental_pKD;absent_from_official_affinity_reference
A71EV2A-x3207a,x3207a,NC(=O)[C@H]1CCCN(C(=O)Cc2ccnc(N)c2)C1,,missing_experimental_pKD;absent_from_official_affinity_reference
A71EV2A-x3222a,x3222a,NC(=O)[C@H]1CCCN(C(=O)c2[nH]ncc2Br)C1,,missing_experimental_pKD;absent_from_official_affinity_reference
A71EV2A-x3223a,x3223a,NC(=O)[C@H]1CCCN(C(=O)c2ccnc3[nH]ncc23)C1,4.7878,reference_pose_fails_posebusters
A71EV2A-x3234a,x3234a,Cc1cc(C)c(Nc2ccn(C3COC3)n2)c(C)c1,5.0168,reference_pose_fails_posebusters
A71EV2A-x3280a,x3280a,Cn1nc(C(=O)NCC(F)(F)c2ccccn2)c2ccccc21,5.1681,reference_pose_fails_posebusters
A71EV2A-x3581a,x3581a,COc1ccccc1CC(=O)N1CC[C@H](C(N)=O)C1,,missing_experimental_pKD;absent_from_official_affinity_reference
A71EV2A-x3585a,x3585a,Cc1cc(NC(=O)N2CCC[C@H](C(N)=O)C2)c2cnn(C)c2c1,,missing_experimental_pKD;absent_from_official_affinity_reference
A71EV2A-x3618a,x3618a_x3618b,CCNC(=O)c1cccc(NC(=O)N2CCC[C@H](C(N)=O)C2)c1,,missing_experimental_pKD;absent_from_official_affinity_reference
A71EV2A-x3618b,x3618a_x3618b,CCNC(=O)c1cccc(NC(=O)N2CCC[C@H](C(N)=O)C2)c1,,missing_experimental_pKD;absent_from_official_affinity_reference
A71EV2A-x3521b,x3521b,N#C[C@H]1C[C@H](NC(=O)C2(c3ccc(Cl)cc3Cl)CCOCC2)C1,4.7265,suspected_crystallographic_artefact
A71EV2A-x3550b,x3550a_x3550b,COc1ccccc1CC(=O)N1C[C@@H](C(N)=O)CC[C@@H]1C,4.4113,suspected_crystallographic_artefact
A71EV2A-x3575a,x3575a,COc1c(C#N)cccc1CC(=O)N1CCC[C@H](C(N)=O)C1,,missing_experimental_pKD;absent_from_official_affinity_reference
A71EV2A-x3868a,x3868a,COc1ccccc1N(C)C(=O)N1CCC[C@H](C(N)=O)C1,,missing_experimental_pKD;absent_from_official_affinity_reference
A71EV2A-x3897a,x3897a,COc1ccncc1CC(=O)N1CCC[C@@H](C(N)=O)C1,,missing_experimental_pKD;absent_from_official_affinity_reference
A71EV2A-x3920a,x3201a_x3920a_x4347a,COc1ncccc1CC(=O)N1CCC[C@H](C(N)=O)C1,,missing_experimental_pKD;absent_from_official_affinity_reference
A71EV2A-x3938a,x3938a,C[C@]1(C(=O)N2CCC[C@H](C(N)=O)C2)CCCCO1,,missing_experimental_pKD;absent_from_official_affinity_reference
A71EV2A-x3963a,x3963a_x3963b_x4489a_x4489b,NC(=O)[C@H]1CCCN(C(=O)Cc2cccnc2N)C1,,missing_experimental_pKD;absent_from_official_affinity_reference
A71EV2A-x3963b,x3963a_x3963b_x4489a_x4489b,NC(=O)[C@H]1CCCN(C(=O)Cc2cccnc2N)C1,,missing_experimental_pKD;absent_from_official_affinity_reference
A71EV2A-x3977b,x3977a_x3977b,COc1ccccc1CC(=O)N(C)CCC(N)=O,4.9355,suspected_crystallographic_artefact
A71EV2A-x3981a,x3981a,NC(=O)[C@H]1CCCN(C(=O)[C@@H](CCc2ccccc2)c2ccccc2)C1,,missing_experimental_pKD;absent_from_official_affinity_reference
A71EV2A-x4012a,x4012a_x4012b,COc1ccccc1NC(=O)N1CCC[C@H](C(N)=O)C1,,missing_experimental_pKD;absent_from_official_affinity_reference
A71EV2A-x4012b,x4012a_x4012b,COc1ccccc1NC(=O)N1CCC[C@H](C(N)=O)C1,,missing_experimental_pKD;absent_from_official_affinity_reference
A71EV2A-x4017a,x4017a_x4017b,Cn1ncc2c(NC(=O)N3CCC[C@H](C(N)=O)C3)cccc21,,missing_experimental_pKD;absent_from_official_affinity_reference
A71EV2A-x4017b,x4017a_x4017b,Cn1ncc2c(NC(=O)N3CCC[C@H](C(N)=O)C3)cccc21,,missing_experimental_pKD;absent_from_official_affinity_reference
A71EV2A-x4292a,x4292a,NC(=O)[C@H]1CCCN(C(=O)Cc2cnccc2C(F)(F)F)C1,,missing_experimental_pKD;absent_from_official_affinity_reference
A71EV2A-x4303a,x4303a_x4303b,COc1ccc(S(C)(=O)=O)cc1NC(=O)N1CCC[C@H](C(N)=O)C1,,missing_experimental_pKD;absent_from_official_affinity_reference
A71EV2A-x4303b,x4303a_x4303b,COc1ccc(S(C)(=O)=O)cc1NC(=O)N1CCC[C@H](C(N)=O)C1,,missing_experimental_pKD;absent_from_official_affinity_reference
A71EV2A-x4304a,x4304a,COc1ccc(NS(C)(=O)=O)cc1NC(=O)N1CCC[C@H](C(N)=O)C1,,missing_experimental_pKD;absent_from_official_affinity_reference
A71EV2A-x4315a,x4315a,NC(=O)[C@H]1CCC(=O)N(Cc2cccc3c2OCO3)C1,,missing_experimental_pKD;absent_from_official_affinity_reference
A71EV2A-x4317a,x4317a,COc1ccccc1CC(=O)N1C[C@@H](C(N)=O)CC12CC2,,missing_experimental_pKD;absent_from_official_affinity_reference
A71EV2A-x4324a,x4324a,NC(=O)[C@H]1CCC(=O)N(Cc2cccc3c2OCC3)C1,,missing_experimental_pKD;absent_from_official_affinity_reference
A71EV2A-x4331a,x4331a_x4331b,CCc1ccccc1CC(=O)N1CCC[C@H](C(N)=O)C1,,missing_experimental_pKD;absent_from_official_affinity_reference
A71EV2A-x4331b,x4331a_x4331b,CCc1ccccc1CC(=O)N1CCC[C@H](C(N)=O)C1,,missing_experimental_pKD;absent_from_official_affinity_reference
A71EV2A-x4333a,x4333a,Cc1ncccc1CC(=O)N1CCC[C@H](C(N)=O)C1,,missing_experimental_pKD;absent_from_official_affinity_reference
A71EV2A-x4342a,x4342a,NC(=O)[C@H]1CCCN(C(=O)Cc2cccnc2C(F)(F)F)C1,,missing_experimental_pKD;absent_from_official_affinity_reference
A71EV2A-x4343a,x4343a_x4343b,NC(=O)[C@H]1CCCN(C(=O)Cc2ccnc(O)c2Br)C1,,missing_experimental_pKD;absent_from_official_affinity_reference
A71EV2A-x4343b,x4343a_x4343b,NC(=O)[C@H]1CCCN(C(=O)Cc2ccnc(O)c2Br)C1,,missing_experimental_pKD;absent_from_official_affinity_reference
A71EV2A-x4346a,x4346a,NC(=O)[C@H]1CCCN(C(=O)Cc2cccc3nonc23)C1,,missing_experimental_pKD;absent_from_official_affinity_reference
A71EV2A-x4350a,x4350a,Cc1cnccc1CC(=O)N1CCC[C@H](C(N)=O)C1,,missing_experimental_pKD;absent_from_official_affinity_reference
A71EV2A-x4365a,x4365a_x4365b,NC(=O)[C@H]1CCCN(C(=O)Cc2cccc3c2OCCO3)C1,,missing_experimental_pKD;absent_from_official_affinity_reference
A71EV2A-x4365b,x4365a_x4365b,NC(=O)[C@H]1CCCN(C(=O)Cc2cccc3c2OCCO3)C1,,missing_experimental_pKD;absent_from_official_affinity_reference
A71EV2A-x4373a,x4373a,NC(=O)[C@H]1CCCN(C(=O)Cc2cccc3c2OCO3)C1,,missing_experimental_pKD;absent_from_official_affinity_reference
A71EV2A-x4380a,x4380a,NC(=O)[C@H]1CCCN(C(=O)Cc2cc(F)ccc2Cl)C1,,missing_experimental_pKD;absent_from_official_affinity_reference
A71EV2A-x4254a,x4254a,NC(=O)[C@H]1CCCN(C(=O)[C@H]2Cc3cccc(Cl)c32)C1,,missing_experimental_pKD;absent_from_official_affinity_reference
A71EV2A-x4390a,x4390a,COc1ccccc1CCN1C[C@H](C(N)=O)CCC1=O,,missing_experimental_pKD;absent_from_official_affinity_reference
A71EV2A-x4415a,x4415a,COc1ccc(C#N)cc1NC(=O)N1CCC[C@H](C(N)=O)C1,,missing_experimental_pKD;absent_from_official_affinity_reference
A71EV2A-x4420a,x4420a,NC(=O)[C@H]1CCC(=O)N(Cc2cc(Cl)c3c[nH]nc3c2)C1,,missing_experimental_pKD;absent_from_official_affinity_reference
A71EV2A-x4421a,x4421a,COc1ccncc1CC(=O)N1CC[C@H](C(N)=O)C1,,missing_experimental_pKD;absent_from_official_affinity_reference
A71EV2A-x4423a,x4423a,COc1ccncc1CC(=O)N1CCC[C@H](CCO)C1,,missing_experimental_pKD;absent_from_official_affinity_reference
A71EV2A-x4467a,x4467a,NC(=O)[C@H]1CCCN(C(=O)C2(n3cccn3)CCCC2)C1,,missing_experimental_pKD;absent_from_official_affinity_reference
A71EV2A-x4489a,x3963a_x3963b_x4489a_x4489b,NC(=O)[C@H]1CCCN(C(=O)Cc2cccnc2N)C1,,missing_experimental_pKD;absent_from_official_affinity_reference
A71EV2A-x4489b,x3963a_x3963b_x4489a_x4489b,NC(=O)[C@H]1CCCN(C(=O)Cc2cccnc2N)C1,,missing_experimental_pKD;absent_from_official_affinity_reference
A71EV2A-x4490a,x4490a_x4546a,NC(=O)[C@H]1CCC(=O)N(Cc2cccc3cc[nH]c23)C1,,missing_experimental_pKD;absent_from_official_affinity_reference
A71EV2A-x4494a,x4494a,C[C@@H](C(=O)N1CCC[C@H](C(N)=O)C1)c1noc2ccccc12,,missing_experimental_pKD;absent_from_official_affinity_reference
A71EV2A-x4496a,x4496a,NC(=O)[C@H]1CCCN(C(=O)C2(c3ccnn3C(F)(F)F)CC2)C1,,missing_experimental_pKD;absent_from_official_affinity_reference
A71EV2A-x4509a,x4509a_x4570a,C[C@H](C(=O)N1CCC[C@H](C(N)=O)C1)c1cncc(F)c1,,missing_experimental_pKD;absent_from_official_affinity_reference
A71EV2A-x4516a,x4516a_x4541a_x4541b,NC(=O)[C@H]1CCCN(C(=O)C(F)(F)c2cnsc2Cl)C1,,missing_experimental_pKD;absent_from_official_affinity_reference
A71EV2A-x4526a,x4526a,C[C@H](C(=O)N1CCC[C@H](C(N)=O)C1)c1cccs1,,missing_experimental_pKD;absent_from_official_affinity_reference
A71EV2A-x4528a,x4528a_x4872a,NC(=O)[C@H]1CCCN(C(=O)CN2CCOc3ccc(Cl)cc32)C1,,missing_experimental_pKD;absent_from_official_affinity_reference
A71EV2A-x4537a,x4537a,NC(=O)[C@H]1CCC(=O)N(Cc2csc3ccccc23)C1,,missing_experimental_pKD;absent_from_official_affinity_reference
A71EV2A-x4538a,x4538a,NC(=O)[C@H]1CCCN(C(=O)C(F)(F)c2cccc(F)c2Br)C1,,missing_experimental_pKD;absent_from_official_affinity_reference
A71EV2A-x4541a,x4516a_x4541a_x4541b,NC(=O)[C@H]1CCCN(C(=O)C(F)(F)c2cnsc2Cl)C1,,missing_experimental_pKD;absent_from_official_affinity_reference
A71EV2A-x4541b,x4516a_x4541a_x4541b,NC(=O)[C@H]1CCCN(C(=O)C(F)(F)c2cnsc2Cl)C1,,missing_experimental_pKD;absent_from_official_affinity_reference
A71EV2A-x4544a,x4544a,CS(=O)(=O)c1ccc(Br)cc1CC(=O)N1CCC[C@H](C(N)=O)C1,,missing_experimental_pKD;absent_from_official_affinity_reference
A71EV2A-x4546a,x4490a_x4546a,NC(=O)[C@H]1CCC(=O)N(Cc2cccc3cc[nH]c23)C1,,missing_experimental_pKD;absent_from_official_affinity_reference
A71EV2A-x4559a,x4559a_x4559b,Cc1ccc2c(ccn2CC(=O)N2CCC[C@H](C(N)=O)C2)c1,,missing_experimental_pKD;absent_from_official_affinity_reference
A71EV2A-x4559b,x4559a_x4559b,Cc1ccc2c(ccn2CC(=O)N2CCC[C@H](C(N)=O)C2)c1,,missing_experimental_pKD;absent_from_official_affinity_reference
A71EV2A-x4563a,x4563a,NC(=O)[C@H]1CCC(=O)N(c2ccccc2)C1,,missing_experimental_pKD;absent_from_official_affinity_reference
A71EV2A-x4570a,x4509a_x4570a,C[C@H](C(=O)N1CCC[C@H](C(N)=O)C1)c1cncc(F)c1,,missing_experimental_pKD;absent_from_official_affinity_reference
A71EV2A-x4586a,x4586a,C[C@@H](C(=O)N1CCC[C@H](C(N)=O)C1)c1cccs1,,missing_experimental_pKD;absent_from_official_affinity_reference
A71EV2A-x4596c,x4596a_x4596b_x4596c,NC(=O)[C@H]1CCC(=O)N(Cc2ccc3cc[nH]c3c2)C1,4.6117,suspected_crystallographic_artefact
A71EV2A-x4611a,x4611a_x4611b,NC(=O)[C@H]1CCC(=O)N(Cc2noc3ccccc23)C1,,missing_experimental_pKD;absent_from_official_affinity_reference
A71EV2A-x4611b,x4611a_x4611b,NC(=O)[C@H]1CCC(=O)N(Cc2noc3ccccc23)C1,,missing_experimental_pKD;absent_from_official_affinity_reference
A71EV2A-x4644a,x4644a_x4644b,NC(=O)[C@H]1CCCN(C(=O)Cc2ccc(F)c(F)c2Br)C1,,missing_experimental_pKD;absent_from_official_affinity_reference
A71EV2A-x4644b,x4644a_x4644b,NC(=O)[C@H]1CCCN(C(=O)Cc2ccc(F)c(F)c2Br)C1,,missing_experimental_pKD;absent_from_official_affinity_reference
A71EV2A-x4650a,x4650a,NC(=O)[C@H]1CCCN(C(=O)Cc2ccccc2C(F)(F)F)C1,,missing_experimental_pKD;absent_from_official_affinity_reference
A71EV2A-x4673a,x4673a_x4673b,NC(=O)[C@H]1CCCN(C(=O)Cc2cc3c(cc2Br)OCO3)C1,,missing_experimental_pKD;absent_from_official_affinity_reference
A71EV2A-x4673b,x4673a_x4673b,NC(=O)[C@H]1CCCN(C(=O)Cc2cc3c(cc2Br)OCO3)C1,,missing_experimental_pKD;absent_from_official_affinity_reference
A71EV2A-x4695a,x4695a,CSc1ccccc1CN1C[C@@H](C(N)=O)CCC1=O,,missing_experimental_pKD;absent_from_official_affinity_reference
A71EV2A-x4711a,x4711a,CSc1cccc(CN2C[C@@H](C(N)=O)CCC2=O)c1,,missing_experimental_pKD;absent_from_official_affinity_reference
A71EV2A-x4715a,x4715a_x4715b,CSc1ccccc1CC(=O)N1CC(O)C1,,missing_experimental_pKD;absent_from_official_affinity_reference
A71EV2A-x4715b,x4715a_x4715b,CSc1ccccc1CC(=O)N1CC(O)C1,,missing_experimental_pKD;absent_from_official_affinity_reference
A71EV2A-x4742a,x4742a_x4742b,NC(=O)[C@H]1CCCN(C(=O)[C@@H]2CCSc3ccccc32)C1,,missing_experimental_pKD;absent_from_official_affinity_reference
A71EV2A-x4742b,x4742a_x4742b,NC(=O)[C@H]1CCCN(C(=O)[C@@H]2CCSc3ccccc32)C1,,missing_experimental_pKD;absent_from_official_affinity_reference
A71EV2A-x4748a,x4748a,CSc1ccccc1CC(=O)N1CCO[C@H](C(N)=O)C1,,missing_experimental_pKD;absent_from_official_affinity_reference
A71EV2A-x4752a,x4752a,CSc1ccccc1CC(=O)N1CCc2nccc(O)c2C1,,missing_experimental_pKD;absent_from_official_affinity_reference
A71EV2A-x4771a,x4771a,CSc1ccccc1CC(=O)N1CCc2nc[nH]c(=O)c2C1,,missing_experimental_pKD;absent_from_official_affinity_reference
A71EV2A-x4777a,x4777a,COc1ccc(C(F)(F)F)cc1CC(=O)N1CCS[C@@H](C(N)=O)C1,,missing_experimental_pKD;absent_from_official_affinity_reference
A71EV2A-x4784a,x4784a,NC(=O)[C@H]1CCCN(C(=O)C[C@@H]2CSCCS2)C1,4.618,reference_pose_fails_posebusters
A71EV2A-x4786a,x4786a,NC(=O)[C@H]1CCCN(C(=O)[C@@H]2CCSC2)C1,,missing_experimental_pKD;absent_from_official_affinity_reference
A71EV2A-x4798a,x4798a,CSc1ccccc1CC(=O)N1CC[C@](O)(c2c[nH]nn2)C1,4.0174,reference_pose_fails_posebusters
A71EV2A-x4806a,x4806a_x4806b,NC(=O)[C@H]1CCCN(C(=O)[C@H]2CSc3ccccc32)C1,,missing_experimental_pKD;absent_from_official_affinity_reference
A71EV2A-x4806b,x4806a_x4806b,NC(=O)[C@H]1CCCN(C(=O)[C@H]2CSc3ccccc32)C1,,missing_experimental_pKD;absent_from_official_affinity_reference
A71EV2A-x4836a,x4836a,CC(=O)N1c2ccccc2C[C@@H]1C(=O)N1CCC[C@H](C(N)=O)C1,,missing_experimental_pKD;absent_from_official_affinity_reference
A71EV2A-x4838a,x3989a_x4838a,NC(=O)[C@H]1CCN(C(=O)Cc2cc(C(F)(F)F)ccc2Cl)C1,,missing_experimental_pKD;absent_from_official_affinity_reference
A71EV2A-x4839a,x4839a_x4980a,Cn1ncc2ccc(CN3C[C@@H](C(N)=O)CCC3=O)cc21,,missing_experimental_pKD;absent_from_official_affinity_reference
A71EV2A-x4846a,x4846a,CSc1ccccc1C(=O)N1CCC[C@H](C(N)=O)C1,,missing_experimental_pKD;absent_from_official_affinity_reference
A71EV2A-x4847a,x4847a,NC(=O)[C@H]1CCC(=O)N(Cc2cccc3[nH]ccc23)C1,,missing_experimental_pKD;absent_from_official_affinity_reference
A71EV2A-x4855a,x4855a,CSc1ccccc1NC(=O)N1CC[C@H](C(N)=O)C1,,missing_experimental_pKD;absent_from_official_affinity_reference
A71EV2A-x4872a,x4528a_x4872a,NC(=O)[C@H]1CCCN(C(=O)CN2CCOc3ccc(Cl)cc32)C1,,missing_experimental_pKD;absent_from_official_affinity_reference
A71EV2A-x4874a,x4874a_x4874b,C[C@H](C(=O)N1CCC[C@H](C(N)=O)C1)c1ccn[nH]1,,missing_experimental_pKD;absent_from_official_affinity_reference
A71EV2A-x4874b,x4874a_x4874b,C[C@H](C(=O)N1CCC[C@H](C(N)=O)C1)c1ccn[nH]1,,missing_experimental_pKD;absent_from_official_affinity_reference
A71EV2A-x4877a,x4877a_x4877b,NC(=O)[C@H]1CCCN(C(=O)[C@H]2SCCc3sccc32)C1,,missing_experimental_pKD;absent_from_official_affinity_reference
A71EV2A-x4877b,x4877a_x4877b,NC(=O)[C@H]1CCCN(C(=O)[C@H]2SCCc3sccc32)C1,,missing_experimental_pKD;absent_from_official_affinity_reference
A71EV2A-x4880a,x4880a_x4880b,NC(=O)[C@H]1CCC(=O)N(Cc2ccc3[nH]ccc3c2)C1,,missing_experimental_pKD;absent_from_official_affinity_reference
A71EV2A-x4880b,x4880a_x4880b,NC(=O)[C@H]1CCC(=O)N(Cc2ccc3[nH]ccc3c2)C1,,missing_experimental_pKD;absent_from_official_affinity_reference
A71EV2A-x4882a,x4882a_x4882b,NC(=O)[C@H]1CCCN(C(=O)Cc2cc(F)c(F)cc2Br)C1,,missing_experimental_pKD;absent_from_official_affinity_reference
A71EV2A-x4882b,x4882a_x4882b,NC(=O)[C@H]1CCCN(C(=O)Cc2cc(F)c(F)cc2Br)C1,,missing_experimental_pKD;absent_from_official_affinity_reference
A71EV2A-x4908a,x4908a,NC(=O)[C@H]1CCCN(C(=O)Cc2cccc3ccoc23)C1,,missing_experimental_pKD;absent_from_official_affinity_reference
A71EV2A-x4921a,x4921a,NC(=O)[C@H]1CCC(=O)N(Cc2cccc(Cl)c2)C1,,missing_experimental_pKD;absent_from_official_affinity_reference
A71EV2A-x4926a,x4926a,Cc1nc2c(CN3C[C@@H](C(N)=O)CCC3=O)c(F)ccc2[nH]1,,missing_experimental_pKD;absent_from_official_affinity_reference
A71EV2A-x4928a,x4928a,Cc1cccc(CN2C[C@@H](C(N)=O)CCC2=O)c1,,missing_experimental_pKD;absent_from_official_affinity_reference
A71EV2A-x4934a,x4934a,NC(=O)[C@H]1CCC(=O)N(Cc2ccccc2-c2cccnc2)C1,,missing_experimental_pKD;absent_from_official_affinity_reference
A71EV2A-x4967a,x4967a_x4967b_x4967c,COc1ccncc1CC(=O)N1C[C@@H](C(N)=O)C[C@@H]2CCCC[C@H]21,,missing_experimental_pKD;absent_from_official_affinity_reference
A71EV2A-x4967b,x4967a_x4967b_x4967c,COc1ccncc1CC(=O)N1C[C@@H](C(N)=O)C[C@@H]2CCCC[C@H]21,,missing_experimental_pKD;absent_from_official_affinity_reference
A71EV2A-x4967c,x4967a_x4967b_x4967c,COc1ccncc1CC(=O)N1C[C@@H](C(N)=O)C[C@@H]2CCCC[C@H]21,,missing_experimental_pKD;absent_from_official_affinity_reference
A71EV2A-x4980a,x4839a_x4980a,Cn1ncc2ccc(CN3C[C@@H](C(N)=O)CCC3=O)cc21,,missing_experimental_pKD;absent_from_official_affinity_reference
A71EV2A-x4986b,x4986a_x4986b,CSc1ccc(N2CCCC2=O)cc1NC(=O)N1CCC[C@H](C(N)=O)C1,5.0623,reference_pose_fails_posebusters
A71EV2A-x4947a,x4947a,CSc1ccccc1CC(=O)N1C[C@@H]2C[C@]2(C(N)=O)C1,,missing_experimental_pKD;absent_from_official_affinity_reference
A71EV2A-x4949a,x4949a,CSc1cc2c(cc1NC(=O)N1CCC[C@H](C(N)=O)C1)CCC(=O)N2,,missing_experimental_pKD;absent_from_official_affinity_reference;reference_pose_fails_posebusters
A71EV2A-x4959a,x4959a_x4959b,NC(=O)[C@H]1CCCN(C(=O)Nc2ccccc2SC2CC2)C1,,missing_experimental_pKD;absent_from_official_affinity_reference
A71EV2A-x4959b,x4959a_x4959b,NC(=O)[C@H]1CCCN(C(=O)Nc2ccccc2SC2CC2)C1,,missing_experimental_pKD;absent_from_official_affinity_reference
A71EV2A-x4998a,x4998a_x4998b,CSc1cscc1CC(=O)N1CC(C(N)=O)C1,,missing_experimental_pKD;absent_from_official_affinity_reference
A71EV2A-x4998b,x4998a_x4998b,CSc1cscc1CC(=O)N1CC(C(N)=O)C1,,missing_experimental_pKD;absent_from_official_affinity_reference
A71EV2A-x5016a,x5016a,C=Cc1ncccc1CC(=O)N1CCC[C@H](C(N)=O)C1,,missing_experimental_pKD;absent_from_official_affinity_reference
A71EV2A-x5028a,x5028a,CSc1ccccc1CC(=O)N1CC[C@H](CC(N)=O)C1,,missing_experimental_pKD;absent_from_official_affinity_reference
A71EV2A-x5065a,x5065a,CSc1ccccc1CCN1C[C@@H](C(N)=O)CC1=O,,missing_experimental_pKD;absent_from_official_affinity_reference
A71EV2A-x5073a,x5073a,NC(=O)[C@H]1CCC(=O)N([C@@H]2CCCc3ccccc32)C1,,missing_experimental_pKD;absent_from_official_affinity_reference
A71EV2A-x5091a,x5091a,Cc1cccc(N(C)C(=O)N2CC[C@H](C(N)=O)C2)c1,,missing_experimental_pKD;absent_from_official_affinity_reference
A71EV2A-x5104a,x5104a_x5200a_x5268a,CSc1ccccc1CC(=O)N1C[C@H](C)C[C@H](C(N)=O)C1,,missing_experimental_pKD;absent_from_official_affinity_reference
A71EV2A-x5219a,x5219a_x5219b,C[C@@H]1CCCC[C@H]1OC(=O)N1CCC[C@H](C(N)=O)C1,,missing_experimental_pKD;absent_from_official_affinity_reference
A71EV2A-x5219b,x5219a_x5219b,C[C@@H]1CCCC[C@H]1OC(=O)N1CCC[C@H](C(N)=O)C1,,missing_experimental_pKD;absent_from_official_affinity_reference
A71EV2A-x5222a,x5222a,Cc1[nH]c2cc(C#N)ccc2c1CCN1C[C@@H](C(N)=O)CCC1=O,,missing_experimental_pKD;absent_from_official_affinity_reference
A71EV2A-x5255a,x5255a,Cc1ccccc1CC(=O)N1C[C@H]2C[C@@](C(N)=O)(C1)C2,,missing_experimental_pKD;absent_from_official_affinity_reference
A71EV2A-x5258a,x5106a_x5258a,Cn1ccnc1[C@@H](c1ccccc1)N1C[C@@H](C(N)=O)CC1=O,,missing_experimental_pKD;absent_from_official_affinity_reference
A71EV2A-x5359b,x5359a_x5359b,C=Cc1ccccc1CS(=O)(=O)N1CCC[C@H](C(N)=O)C1,4.5952,suspected_crystallographic_artefact;reference_pose_fails_posebusters
A71EV2A-x5381a,x5381a_x5381b,CC[C@@H](c1cccc2cc[nH]c12)N1C[C@@H](C(N)=O)CCC1=O,,missing_experimental_pKD;absent_from_official_affinity_reference
A71EV2A-x5381b,x5381a_x5381b,CC[C@@H](c1cccc2cc[nH]c12)N1C[C@@H](C(N)=O)CCC1=O,,missing_experimental_pKD;absent_from_official_affinity_reference
A71EV2A-x5388a,x5388a,CSc1ccc(Br)cc1CC(=O)N1CC[C@](O)(C(N)=O)C1,,missing_experimental_pKD;absent_from_official_affinity_reference
A71EV2A-x5393a,x5393a,Cc1ccccc1CC(=O)N1CCC[C@H](C(N)=O)C1,,missing_experimental_pKD;absent_from_official_affinity_reference
A71EV2A-x5394a,x5394a_x5394b,NC(=O)[C@H]1CCCN(C(=O)Cc2ccccc2Cl)C1,,missing_experimental_pKD;absent_from_official_affinity_reference
A71EV2A-x5394b,x5394a_x5394b,NC(=O)[C@H]1CCCN(C(=O)Cc2ccccc2Cl)C1,,missing_experimental_pKD;absent_from_official_affinity_reference
A71EV2A-x5401a,x5401a,NC(=O)[C@H]1CCCN(C(=O)Oc2ccccc2)C1,,missing_experimental_pKD;absent_from_official_affinity_reference
A71EV2A-x5402a,x5402a,NC(=O)[C@H]1CCCN(C(=O)Oc2ccccc2F)C1,,missing_experimental_pKD;absent_from_official_affinity_reference
A71EV2A-x5431b,x5431a_x5431b,NC(=O)[C@H]1CCN(C(=O)[C@@H]2SCCc3sccc32)C1,4.4301,suspected_crystallographic_artefact
A71EV2A-x5452a,x5452a_x5452b,CSc1ccc2c(c1)[C@@H](C(=O)N1CCC[C@H](C(N)=O)C1)CCO2,,missing_experimental_pKD;absent_from_official_affinity_reference
A71EV2A-x5452b,x5452a_x5452b,CSc1ccc2c(c1)[C@@H](C(=O)N1CCC[C@H](C(N)=O)C1)CCO2,,missing_experimental_pKD;absent_from_official_affinity_reference
A71EV2A-x5460a,x5460a,NC(=O)[C@H]1CCC(=O)N(c2cccc3ccccc23)C1,,missing_experimental_pKD;absent_from_official_affinity_reference
A71EV2A-x5461a,x5461a,CSc1ccccc1[C@@H]([NH3+])C(=O)N1CC[C@H](C(N)=O)C1,,missing_experimental_pKD;absent_from_official_affinity_reference
A71EV2A-x5462a,x5462a,Cc1cccc2cccc(N3C[C@@H](C(N)=O)CCC3=O)c12,,missing_experimental_pKD;absent_from_official_affinity_reference
A71EV2A-x5489a,x5489a_x5489b,N#Cc1ccccc1CC(=O)N1CCC[C@H](C(N)=O)C1,,missing_experimental_pKD;absent_from_official_affinity_reference
A71EV2A-x5489b,x5489a_x5489b,N#Cc1ccccc1CC(=O)N1CCC[C@H](C(N)=O)C1,,missing_experimental_pKD;absent_from_official_affinity_reference
A71EV2A-x5539a,x5539a_x5539b,CCSc1ccccc1OC(=O)N1CCC[C@H](C(N)=O)C1,,missing_experimental_pKD;absent_from_official_affinity_reference
A71EV2A-x5539b,x5539a_x5539b,CCSc1ccccc1OC(=O)N1CCC[C@H](C(N)=O)C1,,missing_experimental_pKD;absent_from_official_affinity_reference
A71EV2A-x5576a,x5576a_x5576b,NC(=O)[C@H]1CCCN(C(=O)Oc2ccccc2N2CCCCC2)C1,,missing_experimental_pKD;absent_from_official_affinity_reference
A71EV2A-x5576b,x5576a_x5576b,NC(=O)[C@H]1CCCN(C(=O)Oc2ccccc2N2CCCCC2)C1,,missing_experimental_pKD;absent_from_official_affinity_reference
A71EV2A-x5584a,x5584a_x5584b,CN1CCc2cc(F)c(OC(=O)N3CCC[C@H](C(N)=O)C3)cc2C1,,missing_experimental_pKD;absent_from_official_affinity_reference
A71EV2A-x5584b,x5584a_x5584b,CN1CCc2cc(F)c(OC(=O)N3CCC[C@H](C(N)=O)C3)cc2C1,,missing_experimental_pKD;absent_from_official_affinity_reference
A71EV2A-x5727a,x5727a,Cc1ccc([C@H](c2nccn2C)N2C[C@@H](C(N)=O)CCC2=O)cc1,,missing_experimental_pKD;absent_from_official_affinity_reference
A71EV2A-x5753a,x5753a,CCn1ncc2c1C[C@@H](C(=O)N1CC[C@H](C(N)=O)C1)CC2,,missing_experimental_pKD;absent_from_official_affinity_reference
A71EV2A-x5764a,x5764a_x5764b,NC(=O)[C@H]1CCN(C(=O)[C@@H]2CCc3cccc(Br)c32)C1,,missing_experimental_pKD;absent_from_official_affinity_reference
A71EV2A-x5764b,x5764a_x5764b,NC(=O)[C@H]1CCN(C(=O)[C@@H]2CCc3cccc(Br)c32)C1,,missing_experimental_pKD;absent_from_official_affinity_reference
A71EV2A-x5793a,x5793a_x5793b,NC(=O)[C@H]1CCCN(C(=O)Nc2ccccc2Cl)C1,,missing_experimental_pKD;absent_from_official_affinity_reference
A71EV2A-x5793b,x5793a_x5793b,NC(=O)[C@H]1CCCN(C(=O)Nc2ccccc2Cl)C1,,missing_experimental_pKD;absent_from_official_affinity_reference
A71EV2A-x5822a,x5822a,NC(=O)[C@H]1CCN(C(=O)C2(c3ccc4c(c3)OCO4)CCOCC2)C1,,missing_experimental_pKD;absent_from_official_affinity_reference
A71EV2A-x5894a,x5894a,C[C@@H](c1nccc2ccccc12)N1C[C@@H](C(N)=O)CCC1=O,,missing_experimental_pKD;absent_from_official_affinity_reference
A71EV2A-x5898a,x5898a,Cn1ccnc1[C@@H](c1ccccc1)[N@H+]1C[C@H]2C[C@@](C(N)=O)(C1)C2,,missing_experimental_pKD;absent_from_official_affinity_reference
A71EV2A-x5949a,x5949a,CN(C)c1cccc2c1C[C@@H](C(=O)N1CC[C@H](C(N)=O)C1)S2,,missing_experimental_pKD;absent_from_official_affinity_reference
A71EV2A-x6776a,x6776a,CSc1ccccc1[C@@H](NC(=O)C[NH+](C)C)C(=O)N1CC[C@H](C(N)=O)C1,,missing_experimental_pKD;absent_from_official_affinity_reference
A71EV2A-x6794a,x6794a,CSc1cccc(-c2sccc2C2CC2)c1CC(=O)N1CCC[C@H](C(N)=O)C1,5.5086,reference_pose_fails_posebusters
A71EV2A-x6797a,x6797a,CCn1cc(C(=O)N[C@H](C(=O)N2CC[C@H](C(N)=O)C2)c2ccccc2SC)cn1,,missing_experimental_pKD;absent_from_official_affinity_reference
A71EV2A-x6841a,x6841a,CCOC(=O)N[C@@H](C(=O)N1CC[C@H](C(N)=O)C1)c1ccccc1SC,,missing_experimental_pKD;absent_from_official_affinity_reference
A71EV2A-x6944a,x6944a,CSc1ccccc1[C@@H](NC(=O)C1COC1)C(=O)N1CC[C@H](C(N)=O)C1,,missing_experimental_pKD;absent_from_official_affinity_reference
A71EV2A-x6973a,x6973a,COC(C)(C)C(=O)N[C@@H](C(=O)N1CC[C@H](C(N)=O)C1)c1ccccc1SC,,missing_experimental_pKD;absent_from_official_affinity_reference
A71EV2A-x7050a,x7050a,CSc1ncnc(N2CCc3ccsc3C2)c1CC(=O)N1C[C@@H](C(N)=O)C[C@@H]2C[C@@H]21,,missing_experimental_pKD;absent_from_official_affinity_reference
A71EV2A-x7071a,x7071a,CSc1ccccc1[C@@H](NS(C)(=O)=O)C(=O)N1CC[C@H](C(N)=O)C1,,missing_experimental_pKD;absent_from_official_affinity_reference
