official_compound_group_id,benchmark_smiles,experimental_pKD,structure_count,complex_names,metadata_identity_count,scaffold_count
020442ad8b31d850,"CSc1ncnc(N2CC[C@@H](OC3CC3)C2)c1CC(=O)N1CCC[C@H](C(N)=O)C1 |a:10,24|",7.159468716081884,1,A71EV2A-x7316a,1,1
0243d102810bd601,N#Cc1sccc1CC(=O)N1CCC[C@H](C(N)=O)C1 |a:14|,5.008444067750377,1,A71EV2A-x3450a,1,1
0256d52d0bccaff9,CSc1ccccc1CC(=O)N1CCC[C@H](C(F)F)C1 |&1:15|,3.883316455303125,1,A71EV2A-x4746a,1,1
0295884419f1a8cb,CCc1ccsc1CN1C[C@H](C(N)=O)CCC1=O |&1:10|,4.668737062060432,1,A71EV2A-x4954a,1,1
02dd1f06d459c2fb,Cc1ncnc(C)c1CC(=O)N1CCC[C@H](C(N)=O)C1 |a:15|,3.654064344980796,1,A71EV2A-x4464a,1,1
0359f3f0b1fd9320,CSc1ncnc(N2CCC3(CCCCC3)C2)c1CC(=O)N1CCC[C@H](C(N)=O)C1 |a:25|,6.388555177157266,1,A71EV2A-x7101a,1,1
046c0064564c04e3,CSc1ncnc(N(C)CCC(F)(F)F)c1CC(=O)N1CCC[C@H](C(N)=O)C1 |a:23|,5.748786440007784,1,A71EV2A-x7338a,1,1
046d12ba99820a53,CSc1ncnc(N2CCc3cnc(C(C)C)nc3C2)c1CC(=O)N1CCC[C@H](C(N)=O)C1 |a:28|,5.912659591908459,1,A71EV2A-x7151a,1,1
047b2ae0d6aa756c,Cn1ncc2ccc(CN3C[C@H](C(N)=O)CCC3=O)cc21 |o1:11|,4.026655009457717,1,A71EV2A-x4974a,1,1
054e06deddd06074,CSc1ncnc(N2CCN(c3ccccn3)CC2)c1CC(=O)N1CCC[C@H](C(N)=O)C1 |a:27|,6.486226948852135,1,A71EV2A-x6802a,1,1
057feb6f215fc03e,CSc1ccccc1CC(=O)N1CCC[C@](F)(C(N)=O)C1 |&1:15|,3.8397825513691886,1,A71EV2A-x4753a,1,1
05b5e5e4a8f56a79,"CSc1ccccc1CC(=O)N1C[C@H](C(N)=O)CC[C@H]1CO |o1:13,19|",4.599655204790009,2,A71EV2A-x5992a;A71EV2A-x5992b,1,1
06190c8a9740d91a,"CSc1ccc(C2=CCN(C)CC2)cc1OC(=O)N1C[C@H](C(N)=O)C[C@@H]2C[C@@H]21 |&1:20,25,27|",6.4554495427646055,1,A71EV2A-x7046a,1,1
076aad5f7db7a4e3,COCC(=O)Nc1c(Cl)cc(C)cc1OCc1ncccn1,4.858392228943246,2,A71EV2A-x3522a;A71EV2A-x3522b,1,1
0a0f5a9ff303591f,CSc1cccc(-c2cn(C)c(=O)c3ccccc23)c1CC(=O)N1CCC[C@H](C(N)=O)C1 |a:27|,6.086272291520818,1,A71EV2A-x6028a,1,1
0a1c4a3a5e2a0718,COc1cc(Cl)ccc1CC(=O)N1CCC[C@H](C(N)=O)C1 |a:16|,4.018634490921456,1,A71EV2A-x4203a,1,1
0aa6a72efce0102f,CSc1ccccc1CC(=O)N1CCC[C@](O)(C(N)=O)C1 |&1:15|,3.955966436496336,2,A71EV2A-x4894a;A71EV2A-x4940a,1,1
0cbb67987fcf2602,"CSc1ncnc(N2CC[C@H](C(=O)N(C)C)C2)c1CC(=O)N1CCC[C@H](C(N)=O)C1 |a:10,25|",5.974361680056222,1,A71EV2A-x7427a,1,1
0d2488c6b279c5c6,CSc1ccc(C2=CCNCC2)cc1CC(=O)N1CCC[C@H](C(N)=O)C1 |a:21|,6.359785941635829,1,A71EV2A-x6827a,1,1
0d402f2d7eec8ef1,CSc1ccc(-c2cc(C#N)ncc2F)cc1CC(=O)N1CCC[C@H](C(N)=O)C1 |a:24|,5.682717212000788,1,A71EV2A-x6769a,1,1
0d7986037ea98e97,COc1ccc(F)cc1CC(=O)N1CCC[C@H](C(N)=O)C1 |a:16|,4.2094239507757765,1,A71EV2A-x3546a,1,1
0e0230ad9c86d357,C[C@H](C(=O)N1CCC[C@H](C(N)=O)C1)c1nc(F)ccc1Cl |&1:1|,4.277445359017488,2,A71EV2A-x4895a;A71EV2A-x4895b,1,1
0e238598e4ce1f0c,"CSc1ncnc(N2CCC[C@@H]2C2CC2)c1CC(=O)N1CCC[C@H](C(N)=O)C1 |a:11,23|",7.937951041727581,1,A71EV2A-x7259a,1,1
0e84819a9e1a93c0,"COC[C@@]1(C)C[C@H](C(N)=O)CN1C(=O)Cc1cc(Br)ccc1SC |&1:3,6|",5.510062512868513,1,A71EV2A-x5398a,1,1
0ea63e1a2e82f042,"CSc1ccc(Br)cc1CC(=O)N1C[C@H](C(N)=O)CC[C@@H]1C |o1:14,20|",5.370420577541523,2,A71EV2A-x5247a;A71EV2A-x5247b,1,1
0f51de79fe67908e,"CSc1ccc(-c2cccnc2)cc1OC(=O)N1C[C@H](C(N)=O)C[C@@H]2C[C@@H]21 |&1:19,24,26|",6.025403843721281,1,A71EV2A-x7032a,1,1
0f563d422a57d1f1,Cc1cccc(N(CC(=O)N2CCCCC2)C(=O)N2CCC[C@H](C(N)=O)C2)c1 |a:22|,4.627087997029894,1,A71EV2A-x3908a,1,1
1089bdcdd55fca3e,COc1ncccc1NC(=O)N1CCC[C@H](C(N)=O)C1 |a:15|,4.487273331768478,2,A71EV2A-x4031a;A71EV2A-x4031b,1,1
120eeb24e5c4cf97,CSc1ccncc1CC(=O)N1CCC[C@H](C(N)=O)C1 |a:15|,5.534026193176526,2,A71EV2A-x4827a;A71EV2A-x4827b,1,1
13048e5ce6848590,"CC[C@H]1CS[C@H](C(N)=O)CN1C(=O)Oc1cc(Br)ccc1SC |o1:2,5|",7.112683897314732,1,A71EV2A-x7613a,1,1
1483221eee1ba14a,"CSc1ncnc(N2CC[C@H](OC(F)F)C2)c1CC(=O)N1CCC[C@H](C(N)=O)C1 |a:10,24|",6.925751444530095,1,A71EV2A-x7031a,1,1
14943e3503a850d0,"CSc1ccc(-c2cnn[nH]2)cc1OC(=O)N1C[C@H](C(N)=O)C[C@H]2C[C@H]21 |&1:18,23,25|",6.821074156272469,1,A71EV2A-x7410a,1,1
155ab0832fc2819d,"COC[C@@H]1CCCN1c1ncnc(SC)c1CC(=O)N1CCC[C@H](C(N)=O)C1 |a:3,23|",5.028984985837811,1,A71EV2A-x7161a,1,1
15a5001de38d54f4,Cn1nc(C(=O)NCCc2cscn2)c2ccccc21,5.337951414156192,1,A71EV2A-x3306a,1,1
15d23fde487dd4bd,Cc1cccc(CC(=O)N2CCC[C@H](C(N)=O)C2)c1 |&1:13|,4.290127690297292,2,A71EV2A-x4020a;A71EV2A-x4020b,1,1
15e95adea90289f8,CSc1ccc(-c2cc(C)nn2C)cc1OC(=O)N1CCC[C@H](C(N)=O)C1 |a:22|,5.436862866226505,1,A71EV2A-x7260a,1,1
17bd239fc0f6136a,Cn1cc(NS(=O)(=O)N2CCC[C@H](C(N)=O)C2)cn1 |a:12|,5.738140147629213,2,A71EV2A-x5090a;A71EV2A-x5150a,1,1
186e800b90c7ee0c,NC(=O)[C@H]1CCC(=O)N(c2cc3cnccc3c(F)c2F)C1 |&1:3|,4.801706220928761,1,A71EV2A-x6714a,1,1
18d8a8b2f76034c0,"CSc1ncnc(N2CCC[C@@H]2Cn2cccn2)c1CC(=O)N1CCC[C@H](C(N)=O)C1 |a:11,26|",6.189334160880994,1,A71EV2A-x7127a,1,1
1907738be0e8545c,COc1ncc(Br)cc1CC(=O)N1CCC[C@H](C(N)=O)C1 |a:16|,4.832067775571805,1,A71EV2A-x4388a,1,1
19716290d11c040c,"CSc1ccccc1CC(=O)N1C[C@H](C)C[C@H](C(N)=O)C1 |&1:13,&2:16|",4.1315895194873935,2,A71EV2A-x4885a;A71EV2A-x4885b,1,1
19e7fe7a03297340,"CSc1ccccc1CC(=O)N1C[C@H](C)C[C@H](C(N)=O)C1 |o1:13,16|",4.006585256974127,1,A71EV2A-x5268a,1,1
1a12deeb7ef417dc,CSc1ncnc(N2CC(Oc3ccccc3Cl)C2)c1CC(=O)N1CCC[C@H](C(N)=O)C1 |a:27|,6.078663358532402,1,A71EV2A-x7095a,1,1
1a8ca6c056a46e40,"CSc1ccc(Br)cc1OC(=O)N1C[C@H](C(N)=O)CC[C@@H]1C |o1:14,20|",4.757850080326607,2,A71EV2A-x5819a;A71EV2A-x5819b,1,1
1b964396db986f8e,CSc1ccc(-c2ccccn2)cc1OC(=O)N1CCC[C@H](C(N)=O)C1 |a:21|,6.363385275343752,1,A71EV2A-x7442a,1,1
1b9c621cda27bfbc,"CSc1ncnc(N2CC[C@H]2C)c1CC(=O)N1CCC[C@H](C(N)=O)C1 |a:10,20|",6.695497686202032,1,A71EV2A-x7339a,1,1
1d3d5ed485772259,"CSc1ccc(-c2ccncc2)cc1NC(=O)N1C[C@H](C(N)=O)C[C@H]2C[C@H]21 |&1:19,24,26|",5.742028204896328,1,A71EV2A-x6746a,1,1
1ebdf6d3bd16c475,NC(=O)[C@H]1CCCN(C(=O)OC2CCCCC2)C1 |a:3|,4.042264201974706,1,A71EV2A-x5351a,1,1
1f757462001d1c43,CSc1ncnc(N2CCn3nc4c(c3C2)CCC4)c1CC(=O)N1CCC[C@H](C(N)=O)C1 |a:27|,5.601864484742403,2,A71EV2A-x7043a;A71EV2A-x7043b,1,1
1f944c6601e40e94,COc1ccc2c(n1)[C@H](C(=O)N1CCC[C@H](C(N)=O)C1)CC2 |&1:8|,4.452380443994761,1,A71EV2A-x3954a,1,1
1f9ae6b84dd343fb,N#CC1CC(NC(=O)C2(c3ccc(Cl)cc3Cl)CCOCC2)C1,4.726469830785563,1,A71EV2A-x3521a,1,1
1fc129a4d7626aff,"CSc1ccccc1CC(=O)N1C[C@H](O)C[C@@H](C(N)=O)C1 |&1:13,16|",3.66094239119996,2,A71EV2A-x5387a;A71EV2A-x5387b,1,1
20093a0090e4e04b,O=C(NCCc1cocn1)N1CCc2ccccc21,5.162973800773931,1,A71EV2A-x3392a,1,1
20b1c2efbde48a31,COc1ncccc1NC(=O)N1CC[C@H](C(N)=O)C1 |a:14|,4.618016608302379,1,A71EV2A-x4418a,1,1
232817c94ed70a69,CSc1c(NC(=O)N2CCC[C@H](C(N)=O)C2)c(C)nn1C |a:11|,4.6073172842698655,1,A71EV2A-x4727a,1,1
239e09eaf5b9eebf,Cc1ccccc1NC(=O)c1cncc(C(N)=O)c1,4.632644078973981,1,A71EV2A-x3564a,1,1
23ec9a8fb6dd08a0,CSc1ccc(C(=O)N2Cc3nccc(C)c3C2)cc1CC(=O)N1CCC[C@H](C(N)=O)C1 |a:27|,5.732131922180389,1,A71EV2A-x6739a,1,1
24315f2be164f521,CSc1ccc(-c2cccnc2N)cc1OC(=O)N1CCC[C@H](C(N)=O)C1 |a:22|,6.467825319983038,2,A71EV2A-x7301a;A71EV2A-x7301b,1,1
24575441a47f1bf3,COc1ccccc1CC(=O)N(C)CCC(N)=O,4.935542010773082,1,A71EV2A-x3977a,1,1
24a3d0ad9d7e871d,COc1ccccc1CC(=O)N1CCO[C@@H](C(N)=O)C1 |a:15|,4.615695746966642,1,A71EV2A-x3663a,1,1
24b76b144d17e141,"CSc1ncnc(N(C)C)c1CC(=O)N1C[C@H](C(N)=O)C[C@@H]2C[C@@H]21 |&1:16,21,23|",6.073633599517659,2,A71EV2A-x7580a;A71EV2A-x7580b,1,1
24c0d288e68dd274,COc1cccc(Cl)c1CC(=O)N1CCC[C@H](C(N)=O)C1 |a:16|,4.78560502978966,1,A71EV2A-x3942a,1,1
252e8c55addb4b1f,NC(=O)[C@H]1CCCN(C(=O)Nc2cccc3c2S(=O)(=O)CCC3)C1 |a:3|,4.616184634019569,1,A71EV2A-x4654a,1,1
25565e37f9828005,"CSc1ccc(C2=CCOCC2)cc1OC(=O)N1C[C@H](C(N)=O)C[C@H]2C[C@H]21 |&1:19,24,26|",6.278226151900541,1,A71EV2A-x7021a,1,1
25a83a3cf8b2c808,CSc1ccccc1[C@H](NC(=O)Cc1ccccc1)C(=O)N1CC[C@H](C(N)=O)C1 |&1:8|,4.505347154054938,1,A71EV2A-x6819a,1,1
25c2308c6de71c1a,CSCC1(CC(=O)N2CCC[C@H](C(N)=O)C2)CC1 |a:11|,4.0270354434741735,1,A71EV2A-x4701a,1,1
26148757a711e6f6,CNC(=O)c1oc2ccccc2c1CN1C[C@H](C(N)=O)CCC1=O |&1:16|,4.027340564735919,1,A71EV2A-x5226a,1,1
261c3c08a53d2f48,"CSc1ncnc(N2CCC[C@H](C(F)(F)F)C2)c1CC(=O)N1CCC[C@H](C(N)=O)C1 |a:11,25|",6.211100724659235,1,A71EV2A-x7246a,1,1
263c98cedd38ca61,Cn1nc(C(=O)NCCc2ccc(S(C)(=O)=O)cc2)c2ccccc21,4.84887783952492,1,A71EV2A-x3324a,1,1
27d1e2c1d73a8b05,Cn1nc(CN2C[C@H](C(N)=O)CCC2=O)c2ccccc21 |&1:7|,5.116903441948165,1,A71EV2A-x4547a,1,1
284fb4ae8152422d,NC(=O)[C@H]1CCCN(C(=O)Cc2cc3c(cc2Cl)OCCO3)C1 |a:3|,4.037176387439713,2,A71EV2A-x4669a;A71EV2A-x4669b,1,1
2908bd7e63199081,COc1ccccc1S(=O)(=O)N1CCC[C@H](C(N)=O)C1 |a:15|,5.161780778092374,2,A71EV2A-x4214a;A71EV2A-x4214b,1,1
29ed5aad4501bbb2,"CSc1ccc(Br)cc1OC(=O)N1C[C@H](C(N)=O)C[C@@H]2C[C@@H]21 |&1:14,19,21|",6.134970625328986,1,A71EV2A-x5830a,1,1
2a042ed13640df7c,NC(=O)[C@H]1CCCN(C(=O)[C@H](Cc2ccc(F)cc2)c2ccccc2)C1 |&1:10|,5.478592246479633,4,A71EV2A-x4237a;A71EV2A-x4237b;A71EV2A-x4237c;A71EV2A-x4237d,1,1
2a60f5de741bf6d9,"CSc1ccc2ncccc2c1OC(=O)N1C[C@H](C(N)=O)C[C@@H]2C[C@@H]21 |o1:17,22,24|",6.223231835566202,2,A71EV2A-x7459a;A71EV2A-x7461a,2,2
2a636f9295542a7f,CNc1ncnc(SC)c1CC(=O)N1CCC[C@H](C(N)=O)C1 |a:17|,5.471985787685622,1,A71EV2A-x6021a,1,1
2ac5089ca8183d7d,CSc1nccnc1CC(=O)N1CCC[C@H](C(N)=O)C1 |a:15|,4.781195179900988,1,A71EV2A-x4774a,1,1
2af83ac7e6510492,CSc1ncnc(N2CCC3(CCCO3)CC2)c1CC(=O)N1CCC[C@H](C(N)=O)C1 |a:25|,6.466683163263606,1,A71EV2A-x7284a,1,1
2b00aacaa90ee55d,COc1ncccc1-c1ccc(SC)c(CC(=O)N2CCC[C@H](C(N)=O)C2)c1 |a:22|,5.926316446103106,1,A71EV2A-x6736a,1,1
2b52e164324daab2,CSc1ccc(-c2ccccc2)cc1CC(=O)N1CCC[C@H](C(N)=O)C1 |a:21|,5.7575850142068425,1,A71EV2A-x5526a,1,1
2bd3b96effeea6fe,"Cc1sc([C@H](C)N2C[C@H](C(N)=O)CCC2=O)nc1-c1ccco1 |&1:4,&2:8|",4.604279969816917,1,A71EV2A-x6730a,1,1
2d82d6b98b36fbee,CSc1ccccc1CC(=O)N1CCC[C@H](S(N)(=O)=O)C1 |&1:15|,4.603800652904264,1,A71EV2A-x4745a,1,1
2d89aa283712e021,C=Cc1cccc(CC(=O)N2CCC[C@H](C(N)=O)C2)n1 |a:14|,5.099072631333438,2,A71EV2A-x5015a;A71EV2A-x5015b,1,1
2d9e6df00cda9724,N#Cc1ncncc1CC(=O)N1CCC[C@H](C(N)=O)C1 |a:15|,4.424812155072339,1,A71EV2A-x5212a,1,1
2e9f03e59888a750,"CSc1ccccc1CC(=O)N1C[C@H](C(N)=O)C[C@H](C(N)=O)C1 |a:13,18|",5.207231875935455,2,A71EV2A-x5171a;A71EV2A-x5171b,1,1
2f0bb12ec03937a6,CSc1ccc(C(=O)N2CC=CCC23CCC3)cc1CC(=O)N1CCC[C@H](C(N)=O)C1 |a:26|,5.727326160448949,1,A71EV2A-x7318a,1,1
2f430e43c57597b4,COc1ccccc1[C@H](NC(C)=O)C(=O)N1CCC[C@H](C(N)=O)C1 |o1:8|,5.238439218136987,4,A71EV2A-x4207a;A71EV2A-x4207b;A71EV2A-x4449a;A71EV2A-x4449b,2,1
2f4ecaf1cc2e18b4,Cc1nc(C)c(CC(=O)N2CCC[C@H](C(N)=O)C2)[nH]1 |a:13|,5.409458546594426,1,A71EV2A-x3221a,1,1
2f676bde6a3caadc,CSc1ncnc(N2CC(C)C2)c1CC(=O)N1CCC[C@H](C(N)=O)C1 |a:20|,6.526908295764941,1,A71EV2A-x6920a,1,1
301804c693a25e3e,CSc1ccc(-c2cnnn2C)cc1CC(=O)N1CCC[C@H](C(N)=O)C1 |a:21|,5.437915347454481,1,A71EV2A-x6925a,1,1
30ae145256761649,COc1c(NC(=O)N2CCC[C@H](C(N)=O)C2)cccc1C(F)(F)F |a:11|,5.032452023781138,2,A71EV2A-x4310a;A71EV2A-x4310b,1,1
311dca8043fe27c4,"CC[C@H]1CCCN1c1ncnc(SC)c1CC(=O)N1CCC[C@H](C(N)=O)C1 |a:2,22|",7.302627133357621,1,A71EV2A-x7011a,1,1
31342836bd87e1b9,Cc1ccc2c(c1OC(=O)N1CCC[C@H](C(N)=O)C1)CCC2 |a:14|,4.479326279665005,2,A71EV2A-x5599a;A71EV2A-x5599b,1,1
31f068247b43d2dd,NC(=O)[C@H]1CCCN(C(=O)CC2CSC2)C1 |a:3|,4.607306606035202,1,A71EV2A-x4707a,1,1
326d046d570f7829,Cn1cnc2c(NC(=O)N3CCC[C@H](C(N)=O)C3)cccc21 |a:13|,5.398637148380375,2,A71EV2A-x4447a;A71EV2A-x4447b,1,1
328885d87dd1a309,NC(=O)[C@H]1CCCN(C(=O)[C@H]2CCc3cccc(O)c32)C1 |&1:10|,5.148337017678052,2,A71EV2A-x4456a;A71EV2A-x4456b,1,1
32f66b06e39480cb,"COc1ccccc1[C@H](C)CN1C[C@H](C(N)=O)CC1=O |&1:8,&2:13|",4.917407524166997,1,A71EV2A-x4313a,1,1
3304f6f73387e01f,CSc1ccccc1CC(=O)N1CCC[C@H](O)C1 |&1:15|,4.0254883072626715,1,A71EV2A-x4794a,1,1
33bafbf7366cbc59,NC(=O)[C@H]1CCN(C(=O)[C@H]2CSc3ccccc32)C1 |&1:9|,4.1290096443216555,1,A71EV2A-x5570a,1,1
346aae162782bf2f,CSc1ccc(Br)cc1CC(=O)N1CCC[C@H](C(N)=O)CC1 |&1:16|,4.084730020129478,2,A71EV2A-x5203a;A71EV2A-x5203b,1,1
34abbfd71b58152a,CSc1ccc2scnc2c1NC(=O)N1CCC[C@H](C(N)=O)C1 |a:18|,5.775683273773221,2,A71EV2A-x5283a;A71EV2A-x5283b,1,1
3537e03d082462b0,NC(=O)[C@H]1CCC(=O)N(Cc2cccc(F)c2)C1 |&1:3|,4.255233465290414,1,A71EV2A-x4924a,1,1
363699fc796e6143,CSc1c(Br)cccc1CC(=O)N1CCC[C@H](C(N)=O)C1 |a:16|,4.472492797097293,1,A71EV2A-x4290a,1,1
3659c34713af8b4f,CSc1cscc1CC(=O)N1CCC[C@H](C(N)=O)C1 |a:14|,5.073475651835252,1,A71EV2A-x4935a,1,1
36fa5b3065855862,"CSc1ncnc(N2CCC[C@@H]2C(C)C)c1CC(=O)N1CCC[C@H](C(N)=O)C1 |a:11,23|",7.7602217671416405,1,A71EV2A-x7135a,1,1
37e8558a40f6c52b,CN(C)C(=O)[C@@H](c1ccccc1)N1C[C@H](C(N)=O)CC1=O |o1:14|,4.003097753980533,1,A71EV2A-x5497a,1,1
3b5d8f6bfe5b3639,NC(=O)[C@H]1CCCN(C(=O)Cn2cc(Br)cc(Cl)c2=O)C1 |a:3|,3.7253509633996433,1,A71EV2A-x4540a,1,1
3b6ff0811acd28e5,CSc1ncnc(SC)c1CC(=O)N1CCC[C@H](C(N)=O)C1 |a:17|,5.699017277769941,1,A71EV2A-x5581a,1,1
3bbdec6dd0fd0506,CS(=O)(=O)c1ccccc1CC(=O)N1CCC[C@H](C(N)=O)C1 |a:17|,4.018181392829336,1,A71EV2A-x4675a,1,1
3c337daede36c1a7,O=C(NCCc1cocn1)c1ccccc1,5.093196163745395,1,A71EV2A-x3435a,1,1
3d9a6f73991da5cb,CSc1cccc(CC(=O)N2CCC[C@H](C(N)=O)C2)c1 |a:14|,4.1650303504723505,2,A71EV2A-x4334a;A71EV2A-x4334b,1,1
3f43c3a2f722d705,Cn1cnc(CCNC(=O)c2nn(C)c3ccccc23)c1,5.2372107018718905,1,A71EV2A-x3371a,1,1
3f6c00e74e5f4753,"CSc1ncnc(N2CCC[C@@H]2c2ccccc2)c1CC(=O)N1CCC[C@H](C(N)=O)C1 |a:11,26|",7.13169634555566,1,A71EV2A-x7570a,1,1
3fa72ac9a9f9b6a0,"CSc1ccc(Br)cc1CC(=O)N1C[C@H](C(N)=O)CC[C@H]1C |o1:14,20|",5.163175522827518,4,A71EV2A-x5339a;A71EV2A-x5339b;A71EV2A-x5366a;A71EV2A-x5366b,2,1
3fc48a3a7fe17432,CC(=O)Nc1ccccc1CC(=O)N1CCC[C@H](C(N)=O)C1 |a:17|,4.265200170411153,1,A71EV2A-x4322a,1,1
4041327c4a264834,NC(=O)[C@H]1CCCN(C(=O)[C@H]2CCOc3ccc(Cl)cc32)C1 |&1:10|,5.28547334915742,1,A71EV2A-x4260a,1,1
405fbac48f5085cc,NC(=O)[C@H]1CCCN(C(=O)Cc2ccnc(Cl)c2Br)C1 |&1:3|,4.162204305054052,1,A71EV2A-x3193a,1,1
4228cf7ae1dcf033,NC(=O)[C@H]1CCN(C(=O)[C@H]2CCOc3ccc(Cl)cc32)C1 |&1:9|,4.437172628708407,1,A71EV2A-x5728a,1,1
425897d5442f7e47,CCC(=O)N[C@H](C(=O)N1CC[C@H](C(N)=O)C1)c1ccccc1SC |&1:5|,4.556507378095548,1,A71EV2A-x6853a,1,1
428144ef1dd1ceb8,CSc1ccccc1[C@H](NC(=O)Cc1cccnc1)C(=O)N1CC[C@H](C(N)=O)C1 |&1:8|,4.6077519100900055,1,A71EV2A-x6856a,1,1
42d88796649485d0,C=CS(=O)(=O)N1CCC[C@H](C(N)=O)C1 |&1:9|,5.1938200260161125,1,A71EV2A-x3408a,1,1
42f909bda419a654,"NC(=O)[C@H]1CCCN(C(=O)[C@H]2CC[C@H]2c2ccc(Cl)cc2)C1 |&1:10,&2:13|",4.000869458712629,1,A71EV2A-x5550a,1,1
4307ec0592640d83,Cc1ccccc1NC(=O)N1CCC[C@H](C(N)=O)C1 |a:14|,4.386163320168128,1,A71EV2A-x3510a,1,1
436a7b65a624f926,"CSc1ncnc(N2C[C@H]3C[C@H]3C2)c1CC(=O)N1CCC[C@H](C(N)=O)C1 |&1:9,&2:11|",6.558486174447746,3,A71EV2A-x7317a;A71EV2A-x7317b;A71EV2A-x7372a,1,1
441a54610cfa1d86,CSc1ncnc(-c2cn[nH]c2)c1CC(=O)N1CCC[C@H](C(N)=O)C1 |a:20|,5.579850424620521,1,A71EV2A-x5544a,1,1
44d668a57037ad8b,COc1ccccc1CC(=O)N1CC[C@H](CC(N)=O)C1 |&1:14|,5.055150304924533,4,A71EV2A-x3694a;A71EV2A-x3694b;A71EV2A-x4032a;A71EV2A-x4032b,1,1
451b042451982fae,NC(=O)[C@H]1CCCN(C(=O)Cc2cccc3sccc23)C1 |a:3|,3.9387751065420744,1,A71EV2A-x4341a,1,1
463e7e9b84b453d4,"CSc1ncnc(N2CCC[C@H]2C2CC2)c1CC(=O)N1CCC[C@H](C(N)=O)C1 |a:11,23|",5.262032975642954,2,A71EV2A-x7475a;A71EV2A-x7475b,1,1
4740c81d926a25fc,COC[C@H](C)NC(=O)c1nn(C)c2ccccc12 |&1:3|,4.747146969020107,1,A71EV2A-x3176a,1,1
48cc85db8adf47cb,"CSC[C@H]1C[C@H]1C(=O)N1CCC[C@H](C(N)=O)C1 |&1:3,5|",4.808721339045607,1,A71EV2A-x4736a,1,1
49280d2c7a20d362,COc1ncccc1CC(=O)N1CCC[C@H](C(N)=O)C1 |&1:15|,4.324153048333832,1,A71EV2A-x3201a,1,1
49ec426e727c1f72,N#CCc1cccc(NC(=O)N2CCC[C@H](C(N)=O)C2)c1 |a:15|,5.356959172517914,1,A71EV2A-x3480a,1,1
4a021ffcf674df86,COc1ccc(Cl)cc1CC(=O)N1CCC[C@H](C(N)=O)C1 |a:16|,4.727236212379233,1,A71EV2A-x3940a,1,1
4a1d557eadbfa473,NC(=O)[C@H]1CCCN(C(=O)Nc2ccccc2F)C1 |a:3|,4.851286884122841,1,A71EV2A-x3612a,1,1
4c4dd371dcba7bf5,CSc1ccc(-c2cncc3ccccc23)cc1CC(=O)N1CCC[C@H](C(N)=O)C1 |a:25|,5.484126156288321,1,A71EV2A-x6035a,1,1
4c5f4c9caa35ecb7,Cn1cc2c(n1)CCC[C@H]2C(=O)N1CCC[C@H](C(N)=O)C1 |&1:9|,3.7495909235288316,1,A71EV2A-x4608a,1,1
4cfaeaffa0aa5789,"CSc1ncnc(N2CC[C@H](C)C2)c1CC(=O)N1CCC[C@H](C(N)=O)C1 |a:10,21|",6.293489458676176,2,A71EV2A-x7026a;A71EV2A-x7026b,1,1
4d210fe16f84b415,N#Cc1ccncc1OC(=O)N1CCC[C@H](C(N)=O)C1 |a:15|,4.504331180271011,2,A71EV2A-x5594a;A71EV2A-x5594b,1,1
4d2474374707e2a7,CSc1ncnc(N2CCC3(CCCC3)C2)c1CC(=O)N1CCC[C@H](C(N)=O)C1 |a:24|,6.462158164196289,1,A71EV2A-x7024a,1,1
4f008d1666112a0e,"CSc1ccc(Br)cc1CC(=O)N1CCC[C@H](C(N)=O)[C@@H]1C |o1:16,20|",4.01122507362837,1,A71EV2A-x5494a,1,1
4f5de6802fffcef2,"CSc1ncnc(N2CCCC[C@H]2CO)c1CC(=O)N1CCC[C@H](C(N)=O)C1 |a:12,23|",5.867264623808438,1,A71EV2A-x7430a,1,1
508099dce1acd5db,Cn1nc(C(=O)NCCc2cocn2)c2ccccc2c1=O,5.170374765613669,1,A71EV2A-x3419a,1,1
508483ec56a3c249,"CSc1ccccc1CC(=O)N1C[C@H](C(N)=O)C[C@H]2C[C@H]21 |o1:13,18,20|",5.676463453677816,2,A71EV2A-x5177a;A71EV2A-x7631a,2,2
50cf69c217c3871a,CSc1ncccc1CC(=O)N1CCC[C@H](C(N)=O)C1 |a:15|,5.072700933344527,1,A71EV2A-x4918a,1,1
50ff5b64012057d2,COc1cccc(Cl)c1CC(=O)N1CCC[C@H](C(N)=O)C1 |o1:16|,4.37828501116997,1,A71EV2A-x4209a,1,1
52ac48ebce6a2263,COc1cccc(NC(=O)N2CCC[C@H](C(N)=O)C2)n1 |a:14|,5.072431269429168,1,A71EV2A-x4298a,1,1
52d36b249680b581,"COC[C@H]1CC[C@H](C(N)=O)CN1C(=O)Cc1ccccc1SC |o1:3,6|",4.011460574435142,1,A71EV2A-x5488a,1,1
5561f4e911b75020,CSc1ccc(-n2cccn2)cc1CC(=O)N1CCC[C@H](C(N)=O)C1 |a:20|,6.017614181634599,1,A71EV2A-x5604a,1,1
55afabf1174c2e8d,COc1ncccc1CC(=O)N1CCC[C@H](C(N)=O)C1 |o1:15|,4.939681121858298,2,A71EV2A-x3849a;A71EV2A-x3869a,1,1
569d1acc15888391,CSc1ccc(-c2cncc(S(C)(=O)=O)c2)cc1CC(=O)N1CCC[C@H](C(N)=O)C1 |a:25|,5.687762124194347,2,A71EV2A-x6948a;A71EV2A-x6948b,1,1
5747d1aa66c9dbe8,"CSc1ncnc(N2CCCC2)c1CC(=O)N1C[C@H](C(N)=O)C[C@H]2C[C@H]21 |&1:18,23,25|",6.5697284843589205,1,A71EV2A-x6838a,1,1
585e2abf2c57cd64,"COc1ccccc1CC(=O)N1C[C@H](C(N)=O)CC[C@@H]1C |&1:13,19|",4.411260481653311,1,A71EV2A-x3550a,1,1
58b2517e1c2b94c4,"CSc1ncnc(N(C)[C@@H](C)c2ccccc2)c1CC(=O)N1CCC[C@H](C(N)=O)C1 |a:9,25|",6.580678113068668,2,A71EV2A-x7436a;A71EV2A-x7436b,1,1
595d27605d70fcd8,"CSc1ncnc(N2CCC[C@H]2CC(C)C)c1CC(=O)N1CCC[C@H](C(N)=O)C1 |a:11,24|",5.823789680118151,1,A71EV2A-x7257a,1,1
59efe919954dd748,"CSc1ncnc(N2CC[C@@H](OC(F)F)C2)c1CC(=O)N1CCC[C@H](C(N)=O)C1 |a:10,24|",6.048106607275539,1,A71EV2A-x7025a,1,1
5a0d46f82d8bcca3,CSc1cccc2c1N(C(=O)N1CCC[C@H](C(N)=O)C1)CCCO2 |a:15|,3.9795272089559,1,A71EV2A-x5249a,1,1
5a2acc7aabbbffbe,"COc1ccccc1[C@H](C)N1C[C@H](C(N)=O)CCC1=O |&1:8,&2:12|",5.565980102355844,1,A71EV2A-x4661a,1,1
5a2dd330221a77b5,CSc1ccccc1CC(=O)N1CCC[C@H]1c1cnc[nH]1 |&1:15|,4.853871964321762,1,A71EV2A-x4735a,1,1
5be9c26688141c7d,"COC[C@@H]1CCN1c1ncnc(SC)c1CC(=O)N1CCC[C@H](C(N)=O)C1 |a:3,22|",5.357972475219064,2,A71EV2A-x7353a;A71EV2A-x7353b,1,1
5c741c4fc97be2f3,"CC[C@H](c1cc(F)cc(Br)c1)N1C[C@H](C(N)=O)CCC1=O |&1:2,&2:13|",4.7121982700697735,1,A71EV2A-x5699a,1,1
5d60b8eeb5db7f03,"COc1ccccc1[C@H](O)CN1C[C@H](C(N)=O)CCC1=O |&1:8,&2:13|",5.212129340035951,1,A71EV2A-x4406a,1,1
5d95cc8681281b11,"CSc1ncnc(N2CCC[C@H]2C)c1CC(=O)N1CCC[C@H](C(N)=O)C1 |a:11,21|",5.244486511545811,2,A71EV2A-x7501a;A71EV2A-x7501b,1,1
5da5da1690f1ed86,"CSc1ncnc(N2CCCC2)c1NC(=O)N1C[C@H](C(N)=O)C[C@H]2C[C@H]21 |&1:18,23,25|",5.928304705589599,1,A71EV2A-x7622a,1,1
5daa0f8d3f434bd8,NC(=O)[C@H]1CCCN(C(=O)Nc2ccccc2SC(F)F)C1 |a:3|,4.325140144305149,1,A71EV2A-x4656a,1,1
5e1599b6a4662f25,COc1cccc(Cl)c1NC(=O)N1CC[C@H](C(N)=O)C1 |a:15|,4.612119831707907,2,A71EV2A-x3992a;A71EV2A-x3992b,1,1
5e4676c833f2a367,CSc1cccc(-c2ccc(C(F)(F)F)o2)c1CC(=O)N1CCC[C@H](C(N)=O)C1 |a:24|,5.785803993839482,1,A71EV2A-x5857a,1,1
5edc01f31e5f411d,"NC(=O)[C@H]1C[C@H]2C[C@H]2N(C(=O)Cc2ccccc2Cl)C1 |&1:3,5,7|",4.476253533188435,2,A71EV2A-x5798a;A71EV2A-x5798b,1,1
6123bf323f9af8e8,N#CCc1ccccc1CC(=O)N1CCC[C@H](C(N)=O)C1 |a:16|,5.101757238648579,2,A71EV2A-x4321a;A71EV2A-x4321b,1,1
6137aabf041dc07a,CSc1cccc(CN2C[C@H](C(N)=O)CCC2=O)c1 |o1:10|,4.610891805164698,1,A71EV2A-x4710a,1,1
6179ae341fb02e44,"CC[C@H](c1ccc(Cl)c(Cl)c1)N1C[C@H](C(N)=O)CCC1=O |&1:2,&2:13|",4.012372581165862,1,A71EV2A-x5676a,1,1
61920963406b86c3,"CCS(=O)(=O)N1CCN(c2ncnc(SC)c2CC(=O)N2CCC[C@H](C(N)=O)C2)[C@H](C)C1 |a:24,29|",5.887521899626527,1,A71EV2A-x7446a,1,1
62064f42a7d509bf,Cc1nn(C)c2cc(C(=O)NCCc3cocn3)ccc12,4.945173530861923,1,A71EV2A-x3410a,1,1
62195492c25bb8d4,NC(=O)[C@H]1CCCN(C(=O)Cc2cccc3ncsc23)C1 |a:3|,3.9648133085158968,1,A71EV2A-x5221a,1,1
62c9a44d0f3d85eb,Cc1ccc2c(C(=O)NCCc3cocn3)c[nH]c2c1,5.10808214227103,1,A71EV2A-x3568a,1,1
631e18642bc1e28d,N#Cc1cccc(CC(=O)N2CCC[C@H](C(N)=O)C2)n1 |a:14|,4.625197671079573,2,A71EV2A-x5082a;A71EV2A-x5082b,1,1
6347226ba342900a,"CSc1ccc(Br)cc1CC(=O)N1C[C@H](C(N)=O)[C@H]2C[C@H]21 |o1:14,18,20|",4.590066876668706,1,A71EV2A-x7359a,1,1
6353934db0bc2e5e,CSc1ncnc(N(C)C2CCC2)c1CC(=O)N1CCC[C@H](C(N)=O)C1 |a:21|,6.323397411601913,1,A71EV2A-x7172a,1,1
63f8794a77694094,COc1ccccc1CC(=O)N1CCN[C@H](C(N)=O)C1 |&1:15|,5.622664040174432,1,A71EV2A-x3901a,1,1
64b629f5a66f5529,NC(=O)[C@H]1CCCN(C(=O)Nc2cccc3c2SCCC3)C1 |a:3|,4.5141394746468695,3,A71EV2A-x4674a;A71EV2A-x4674b;A71EV2A-x4674c,1,1
64fb96f3053165a6,Cn1nc(C(=O)N[C@H]2CCOC2)c2ccccc21 |&1:7|,5.062339877849264,1,A71EV2A-x3178a,1,1
650f269952be0ac1,NC(=O)[C@H]1CCCN(C(=O)Cc2cc(C(F)(F)F)ccc2Cl)C1 |&1:3|,4.906948150425689,1,A71EV2A-x3208a,1,1
662cf78d34dad3ea,CCCSc1cccc(OC)c1NC(=O)N1CCC[C@H](C(N)=O)C1 |a:19|,3.79526753551538,2,A71EV2A-x5288a;A71EV2A-x5288b,1,1
66691066e400b0aa,"CSc1ncnc(N2CCC[C@H]2C(C)C)c1CC(=O)N1CCC[C@H](C(N)=O)C1 |a:11,23|",5.331449457260316,2,A71EV2A-x7491a;A71EV2A-x7491b,1,1
680ffbd44debf029,CSc1ncnc(N2CC(O)C2)c1CC(=O)N1CCC[C@H](C(N)=O)C1 |a:20|,6.426194047786621,3,A71EV2A-x7334a;A71EV2A-x7334b;A71EV2A-x7389a,1,1
683fb1336e56fe3c,NC(=O)[C@H]1CCCN(C(=O)C2CCSCC2)C1 |a:3|,4.603800652904264,1,A71EV2A-x4706a,1,1
68e527a3d32c97df,COc1cccc(SC)c1NC(=O)N1CCC[C@H](C(N)=O)C1 |a:17|,5.161195917717353,1,A71EV2A-x4554a,1,1
69369aa9f9720371,CCN(c1ncnc(SC)c1CC(=O)N1CCC[C@H](C(N)=O)C1)C(C)C |a:18|,5.941351132986486,1,A71EV2A-x7432a,1,1
6a91272bd031bc86,CSc1ccc(C(=O)Nc2ccncc2)cc1CC(=O)N1CCC[C@H](C(N)=O)C1 |a:24|,6.058292496038209,2,A71EV2A-x5512a;A71EV2A-x5512b,1,1
6c3e2394f9609b77,"CSc1ncnc(N2CCC[C@@H]2Cc2ccccc2)c1CC(=O)N1CCC[C@H](C(N)=O)C1 |a:11,27|",5.138183874676179,1,A71EV2A-x7433a,1,1
6ec4d5005583242c,COc1ccc(Cl)cc1NS(=O)(=O)N1CCC[C@H](C(N)=O)C1 |a:17|,3.989247537499024,1,A71EV2A-x5278a,1,1
6ecdc1ff9fa11920,NC(=O)[C@H]1CCCN(C(=O)Cc2ncc3ccc(Br)cn23)C1 |a:3|,4.424218724311264,4,A71EV2A-x4519a;A71EV2A-x4519b;A71EV2A-x4580a;A71EV2A-x4580b,1,1
6ed606513dfe7797,N#Cc1nccc(CC(=O)N2CCC[C@H](C(N)=O)C2)n1 |a:14|,4.006352818021342,1,A71EV2A-x5448a,1,1
6f3c2dc5cc765440,CSc1ccncc1NS(=O)(=O)N1CCC[C@H](C(N)=O)C1 |a:16|,4.881756561812204,1,A71EV2A-x5182a,1,1
6f9b6f11503a9f29,COc1cc(NC(=O)C[C@H](C)C(F)(F)F)n(C)n1 |&1:9|,4.632048101200719,2,A71EV2A-x1445a;A71EV2A-x1445b,1,1
70bb3329461239ea,CSc1cccc(-c2cc(C(F)(F)F)nn2C)c1CC(=O)N1CCC[C@H](C(N)=O)C1 |a:25|,5.150667872559956,2,A71EV2A-x6955a;A71EV2A-x6955b,1,1
7159571c736cf071,CSc1ccc(-c2ccc(N3CCN(C)CC3)nc2)cc1OC(=O)N1CCC[C@H](C(N)=O)C1 |a:28|,6.646304383229654,1,A71EV2A-x7261a,1,1
7179a0d509d6d64a,"CSc1ccc(-c2cnco2)cc1OC(=O)N1C[C@H](C(N)=O)C[C@H]2C[C@H]21 |&1:18,23,25|",6.622961397710664,1,A71EV2A-x7002a,1,1
71a6ccbd5ca9eb1a,CSc1ccccc1[C@H](NC(=O)OC(C)(C)C)C(=O)N1CC[C@H](C(N)=O)C1 |o1:8|,4.621638788259481,2,A71EV2A-x6847a;A71EV2A-x6851a,2,1
734ac9282a38e6e7,CSc1ncnc(N(C)CC2CCCC2)c1CC(=O)N1CCC[C@H](C(N)=O)C1 |a:23|,6.3046606911348375,1,A71EV2A-x7254a,1,1
7374d8a220a59cd9,CSc1ccc(N2CCOCC2)cc1NC(=O)N1CCC[C@H](C(N)=O)C1 |a:21|,4.924868863339022,2,A71EV2A-x5598a;A71EV2A-x5598b,1,1
73943e3344c56c30,"CSc1ncnc(N2CCCC[C@@H]2C(C)C)c1CC(=O)N1CCC[C@H](C(N)=O)C1 |a:12,24|",6.372178760973441,1,A71EV2A-x7420a,1,1
739b626a023977bb,NC(=O)[C@H]1CCCN(C(=O)Cc2cccnc2Cl)C1 |a:3|,3.43690985073048,2,A71EV2A-x5079a;A71EV2A-x5079b,1,1
7429515cd4091f89,Cc1cccc(N2CCCN(CCC(N)=O)C2=O)c1,4.9115465169214945,1,A71EV2A-x4402a,1,1
74e2d04a9c14e709,CSc1ncnc(N(C)CC(C)(F)F)c1CC(=O)N1CCC[C@H](C(N)=O)C1 |a:22|,6.994328024624508,1,A71EV2A-x7333a,1,1
753e438d0480476e,NC(=O)[C@H]1CCCN(C(=O)C2(O)CCSCC2)C1 |a:3|,4.388276691992658,1,A71EV2A-x4708a,1,1
7552a7254278a547,"CSc1ccccc1CC(=O)N1CC[C@H]2[C@H](C1)[C@H]2C(N)=O |&1:14,&2:15,&3:17|",4.558200508454535,1,A71EV2A-x4739a,1,1
7575b7cce5bbdb89,"C[C@H]1CC(=O)N(Cc2ccc3cnn(C)c3c2)C[C@@H]1C(N)=O |o1:1,18|",4.76433957251824,2,A71EV2A-x5777a;A71EV2A-x5777b,1,1
7634b3098a676cdb,NC(=O)[C@H]1CCCN(C(=O)C2(c3ccoc3)CCC2)C1 |a:3|,4.618930913825583,2,A71EV2A-x4514a;A71EV2A-x4575a,1,1
766c4dc988710422,"COc1ccccc1CC(=O)N1C[C@H](C)[C@@H](C(N)=O)C1 |&1:13,15|",5.303920706565589,1,A71EV2A-x3634a,1,1
7672e05ed8781e52,Cn1ncc(-c2cc(Cl)cc(Cl)c2)c1CC(=O)N1CCC[C@H](C(N)=O)C1 |&1:21|,4.958377726777354,1,A71EV2A-x3606a,1,1
775ef1dac100488d,CSc1ccc(-c2cccnc2C(C)C)cc1CC(=O)N1CCC[C@H](C(N)=O)C1 |a:24|,5.6330261065597185,1,A71EV2A-x6778a,1,1
78e771fa81718205,Cc1ccc(CC(=O)N2CCC[C@H](C(N)=O)C2)s1 |&1:12|,4.633044431676764,2,A71EV2A-x5424a;A71EV2A-x5424b,1,1
78fe437df9cfc102,NC(=O)[C@H]1CCCN(C(=O)Cc2cccc3c2SCC3)C1 |a:3|,3.551812748385584,1,A71EV2A-x5151a,1,1
7949318d25d24379,"CSc1ccc(Br)cc1OC(=O)N1C[C@H](C(N)=O)CC[C@@H]1CO |&1:14,20|",5.994964027913848,1,A71EV2A-x7558a,1,1
7af787a2ef0e0e8e,CCC1(CC)CN(c2ncnc(SC)c2CC(=O)N2CCC[C@H](C(N)=O)C2)CCS1(=O)=O |a:22|,6.0703717346625785,1,A71EV2A-x7169a,1,1
7b8b62335b9a08ed,CSc1ncnc(N2CC(c3nncn3C)C2)c1CC(=O)N1CCC[C@H](C(N)=O)C1 |a:25|,6.326170396191348,2,A71EV2A-x5808a;A71EV2A-x5808b,1,1
7c0c2314ef8b9fb5,Cc1cccc(CNC(=O)N2CCC[C@H](C(N)=O)C2)c1 |a:14|,4.967584368389079,2,A71EV2A-x3706a;A71EV2A-x3706b,1,1
7c189aea850aef57,C=Cc1ccccc1CS(=O)(=O)N1CCC[C@H](C(N)=O)C1 |a:16|,4.5951662833800615,1,A71EV2A-x5359a,1,1
7d49787be5f01045,COc1ccccc1CC(=O)N1CC[C@H](NC(N)=O)C1 |&1:14|,5.056011124926228,1,A71EV2A-x3685a,1,1
7da432869969f3e3,"CSc1ncnc(N2CCC[C@@H]2C(=O)N(C)C)c1CC(=O)N1CCC[C@H](C(N)=O)C1 |a:11,25|",6.66771737227654,1,A71EV2A-x7309a,1,1
7dd8d49d222d9026,NC(=O)[C@H]1CCN(C(=O)Cn2cc(Br)cc(Cl)c2=O)C1 |a:3|,4.024899837282849,1,A71EV2A-x5779a,1,1
7f3471ba32785d30,"CSc1ccc(C2=CCN(C)CC2)cc1OC(=O)N1C[C@H](C(N)=O)C[C@H]2C[C@H]21 |&1:20,25,27|",6.6167895690531875,1,A71EV2A-x7368a,1,1
7f7a7b2cf37411d9,COc1ccccc1[C@H](N)C(=O)N1CCC[C@H](C(N)=O)C1 |o1:8|,5.349983835684398,1,A71EV2A-x3890a,1,1
800b95ba9bf69f73,CSc1ncccc1NC(=O)N1CCC[C@H](C(N)=O)C1 |a:15|,4.2209855861319525,2,A71EV2A-x4883a;A71EV2A-x4883b,1,1
8042a51a0884d93f,CSc1ccc2ncccc2c1NC(=O)N1CCC[C@H](C(N)=O)C1 |a:19|,6.128863936621021,2,A71EV2A-x4977a;A71EV2A-x4977b,1,1
80ad35cdc9cc1377,CSc1cncnc1CC(=O)N1CCC[C@H](C(N)=O)C1 |a:15|,4.176969771296364,1,A71EV2A-x4812a,1,1
81b7f515cba1e602,C[C@H](C(=O)N1CCC[C@H](C(N)=O)C1)c1cn(C)nc1C(F)(F)F |&1:1|,4.462842099070634,2,A71EV2A-x4510a;A71EV2A-x4571a,1,1
81f5c5f76285c85c,Cc1nc2ccccc2n1CC(=O)N1CCC[C@H](C(N)=O)C1 |&1:17|,4.137777547252243,1,A71EV2A-x3225a,1,1
8297277e2a124276,Cc1cccc(NC(=O)N2CCC[C@H](C(N)=O)C2)c1 |a:13|,4.246416941107094,1,A71EV2A-x3054a,1,1
83ec6abb91dc7519,CN1c2ccccc2C[C@H]1C(=O)N1CCC[C@H](C(N)=O)C1 |&1:9|,4.598941671349912,2,A71EV2A-x4583a;A71EV2A-x4583b,1,1
8506ecaf86fef980,CSc1ncnc(N2CCC(N(C)S(C)(=O)=O)CC2)c1CC(=O)N1CCC[C@H](C(N)=O)C1 |a:27|,6.512183700381108,1,A71EV2A-x7008a,1,1
854abaa24f61432a,COc1ccc(C(F)(F)F)cc1CC(=O)N1CCS[C@H](C(N)=O)C1 |o1:19|,4.828494707777949,1,A71EV2A-x4778a,1,1
85831b5a6d59eb4e,"CSc1ccc(Br)cc1CC(=O)N1[C@H]2CC[C@H](C(N)=O)[C@@H]1CC2 |o1:13,16,20|",4.022734028686543,2,A71EV2A-x5758a;A71EV2A-x5758b,1,1
8603cf996a915368,CSc1ncnc(N2CCC(C#N)(CC(C)C)CC2)c1CC(=O)N1CCC[C@H](C(N)=O)C1 |a:27|,6.265062352283818,1,A71EV2A-x7170a,1,1
8621cc82f1464fe0,"CSc1ccc(C2=CCN(C)CC2)cc1CC(=O)N1C[C@H](C(N)=O)C[C@H]2C[C@H]21 |o1:20,25,27|",6.217987758487747,2,A71EV2A-x7369a;A71EV2A-x7369b,1,1
8692bcad9668f543,CSc1ncnc(N2CCC(N3CCOC3=O)CC2)c1CC(=O)N1CCC[C@H](C(N)=O)C1 |a:27|,5.923489528000301,1,A71EV2A-x7154a,1,1
87228c124c19e9e0,NC(=O)[C@]12CN(C(=O)Cc3ccccc3Cl)C[C@@H](C1)C2 |&1:3|,4.0045909104114665,1,A71EV2A-x5277a,1,1
87272f412801f712,CSc1ccccc1N(C)C(=O)N1CCC[C@H](C(N)=O)C1 |a:16|,4.601955140820748,1,A71EV2A-x4712a,1,1
87615e3f986153fe,NC(=O)[C@H]1CCCN(C(=O)Cc2ccnc(Cl)n2)C1 |a:3|,4.653647025549361,2,A71EV2A-x5213a;A71EV2A-x5213b,1,1
8846489d880c1877,COc1cccnc1CN1CCC[C@H](C(N)=O)C1 |a:13|,5.576653344896242,2,A71EV2A-x4274a;A71EV2A-x4274b,1,1
8a235b2ffd7e0fbc,NC(=O)[C@H]1CCCN(C(=O)[C@H]2SCc3cccnc32)C1 |&1:10|,4.60382166833978,2,A71EV2A-x4606a;A71EV2A-x4606b,1,1
8a9cd2b40177d3cb,"COc1cccc2c1CC[C@H]2N1C[C@H](C(N)=O)CCC1=O |&1:10,&2:13|",4.789637072991269,1,A71EV2A-x4316a,1,1
8b98fa7c5cda24d0,NC(=O)[C@H]1CCCN(C(=O)Nc2ccccc2OCC(F)(F)F)C1 |a:3|,5.15661038833037,1,A71EV2A-x4306a,1,1
8be56b73c8dfa261,"CO[C@@H]1CCCN(c2ncnc(SC)c2CC(=O)N2CCC[C@H](C(N)=O)C2)C1 |a:2,22|",6.170052776781682,1,A71EV2A-x7238a,1,1
8c6c8bff6fad9b92,COc1ccccc1CN1C[C@H](C(N)=O)CC1=O |&1:11|,4.62709189585908,1,A71EV2A-x3895a,1,1
8c7669995ef3729e,NC(=O)[C@H]1CCCN(C(=O)Cc2ccncc2Cl)C1 |a:3|,5.18523404082538,1,A71EV2A-x4461a,1,1
8daefaa017694b6d,Cn1cc2c(CC(=O)N3CCC[C@H](C(N)=O)C3)cccc2n1 |o1:12|,4.405607449624573,1,A71EV2A-x3914a,1,1
8e5c7bda06f049b4,NC(=O)[C@H]1CCN(C(=O)Cn2c(=O)sc3ccc(Cl)cc32)C1 |a:3|,4.001740661576301,2,A71EV2A-x5824a;A71EV2A-x5824b,1,1
8e74abbbc1e2b506,C[C@H](Cc1cocn1)NC(=O)c1nn(C)c2ccccc12 |&1:1|,4.9657785438458255,2,A71EV2A-x3379a;A71EV2A-x3593a,1,1
8f31dfd851cab16d,CSc1ccccc1CN1C[C@H](C(N)=O)CCC1=O |o1:11|,4.6439741428068775,1,A71EV2A-x4694a,1,1
8fa44691f4f429fa,"CSc1ccc(-c2ocnc2C)cc1OC(=O)N1C[C@H](C(N)=O)C[C@H]2C[C@H]21 |&1:19,24,26|",5.964275769895213,1,A71EV2A-x7287a,1,1
90a96626ad099c7f,CSc1ccc(-c2cc(C)c(=O)n(C)c2)cc1CC(=O)N1CCC[C@H](C(N)=O)C1 |a:24|,6.031014087429405,2,A71EV2A-x5879a;A71EV2A-x5879b,1,1
9111d5a2802c8de5,CSc1ncnc(N2CC(CC3CCC3)C2)c1CC(=O)N1CCC[C@H](C(N)=O)C1 |a:24|,5.692662147010851,1,A71EV2A-x6895a,1,1
9161f8d1c7c86e5d,CSc1ncnc(N2CCC3(CCC3)C2)c1CC(=O)N1CCC[C@H](C(N)=O)C1 |a:23|,6.131209779277596,1,A71EV2A-x7056a,1,1
91c0dac12c0def17,"COC(=O)N[C@H]1CCN(c2ncnc(SC)c2CC(=O)N2CCC[C@H](C(N)=O)C2)C1 |a:5,24|",7.2725450748210925,1,A71EV2A-x7589a,1,1
926393691e908dfb,Cn1ncc(C(=O)NCCc2cocn2)n1,5.5457146015143275,1,A71EV2A-x3436a,1,1
92871daa8b55e436,Cc1cc(C)c(CC(=O)N2CCC[C@H](C(N)=O)C2)c(=O)[nH]1 |a:13|,4.306273051076353,1,A71EV2A-x4291a,1,1
92fab65378bad946,COCC(=O)Nc1c(Cl)cc(C)cc1Oc1cccc(C(N)=O)c1,4.822657723022635,1,A71EV2A-x3488a,1,1
93988f6dd861d4e6,"CNC(=O)[C@@H](c1cccc(C)c1)N1C[C@H](C(N)=O)CC1=O |&1:4,14|",4.5968794788241825,1,A71EV2A-x5317a,1,1
93c78a64fbcfeeac,CSc1cn(C)nc1NC(=O)N1CCC[C@H](C(N)=O)C1 |a:15|,3.761033004441306,1,A71EV2A-x4703a,1,1
9420cbb4b331a8e7,CSc1ccccc1[C@H](NC(C)=O)C(=O)N1CC[C@H](C(N)=O)C1 |&1:8|,5.186061162833519,1,A71EV2A-x5383a,1,1
942c6561c18d047f,CSc1ccc(-c2ccncc2)cc1CC(=O)N1CCC[C@H](C(N)=O)C1 |a:21|,5.983523026568097,1,A71EV2A-x5509a,1,1
94ea28859025e9c3,CSc1ccc(SC(C)(C)C)cc1CC(=O)N1CCC[C@H](C(N)=O)C1 |a:20|,5.1112214896446675,1,A71EV2A-x5403a,1,1
9508106fed3db623,"CSc1ccc(-c2ccncc2)cc1CC(=O)N1C[C@H](C(N)=O)C[C@H]2C[C@H]21 |&1:19,24,26|",6.743785006270056,1,A71EV2A-x7256a,1,1
9528fac4c84c5d01,COc1ccccc1CN1C[C@H](C(N)=O)CCC1=O |&1:11|,4.956855685489159,2,A71EV2A-x3579a;A71EV2A-x4029a,1,1
95968f4c28c03817,"COc1ccccc1[C@H](O)CN1C[C@H](C(N)=O)CC1=O |&1:8,&2:13|",5.276902343492681,1,A71EV2A-x4295a,1,1
95f8000b127c104b,"CSc1ccc(-c2ccnn2C2CCC2)cc1OC(=O)N1C[C@H](C(N)=O)C[C@H]2C[C@H]21 |&1:22,27,29|",6.6437811411974925,1,A71EV2A-x7044a,1,1
96b0ffff7bec1d8c,NC(=O)[C@H]1CCC(=O)N(Cc2ccsc2)C1 |&1:3|,3.774068781319247,2,A71EV2A-x5608a;A71EV2A-x5608b,1,1
96d072e6942e7a5a,NC(=O)[C@H]1CCCN(C(=O)C(c2ccccc2)c2ccccc2)C1 |a:3|,5.179858685151659,1,A71EV2A-x3982a,1,1
97bc504a55970e02,NC(=O)[C@H]1CCCN(C(=O)[C@H]2CCSc3ccccc32)C1 |o1:10|,4.826813731587726,2,A71EV2A-x4943a;A71EV2A-x4943b,1,1
97f555f21f49ba3e,NC(=O)[C@H]1CCC(=O)N([C@@H]2CCCc3ccccc32)C1 |o1:3|,4.5934598195660445,1,A71EV2A-x5052a,1,1
989861e4e6276412,NC(=O)CC1CCN(C(=O)c2cccc(F)c2)CC1,4.5977462809495115,2,A71EV2A-x5409a;A71EV2A-x5409b,1,1
990ee9d1d3c84bb8,CSc1ccc(C(=O)N(C)C2CCC(C)(C)CC2)cc1CC(=O)N1CCC[C@H](C(N)=O)C1 |a:27|,4.8542464945359285,1,A71EV2A-x7307a,1,1
99659ec4f5e17ebf,CSc1cccc(-n2ccnc2)c1CC(=O)N1CCC[C@H](C(N)=O)C1 |a:20|,5.508866053332301,1,A71EV2A-x5788a,1,1
99fd61bd6784bc25,CSc1ncncc1CC(=O)N1CCC[C@H](C(N)=O)C1 |a:15|,5.186217598084144,2,A71EV2A-x5039a;A71EV2A-x5039b,1,1
9a4aca46f2fb4c1f,"CSc1ncnc(N2CCC[C@@H]2Cc2ccnn2C)c1CC(=O)N1CCC[C@H](C(N)=O)C1 |a:11,27|",7.359361237098654,1,A71EV2A-x7132a,1,1
9ab8403f1ab360e9,CO[C@H](C(=O)N1CCC[C@H](C(N)=O)C1)c1ccccc1C |&1:2|,4.928117992693875,1,A71EV2A-x3939a,1,1
9bc2592d48e6302e,CSc1cccnc1CC(=O)N1CCC[C@H](C(N)=O)C1 |a:15|,5.097431091411007,1,A71EV2A-x4914a,1,1
9bf6a7440cbef166,Cc1ccc2c(cnn2C)c1Nc1ccn([C@H]2CCNC2=O)n1 |&1:16|,4.937001727490601,1,A71EV2A-x3305a,1,1
9cb6fa1182eda42b,"NC(=O)[C@H]1CCCN(C(=O)[C@H]2CCNc3[nH]ncc32)C1 |&1:3,&2:10|",5.556193958463214,1,A71EV2A-x3218a,1,1
9cc82ea5d4066c71,COc1ccccc1[C@H](OC)C(=O)N1CCC[C@H](C(N)=O)C1 |o1:8|,5.523700643055132,2,A71EV2A-x3862a;A71EV2A-x3883a,2,1
9d043804fdb7475c,"CSc1ccccc1CC(=O)N1C[C@H](C)C[C@@H](C(N)=O)C1 |o1:13,16|",4.494060495927921,1,A71EV2A-x5200a,1,1
9de22659d08bd48d,"COC[C@H]1CCCN1c1ncnc(SC)c1CC(=O)N1CCC[C@H](C(N)=O)C1 |a:3,23|",7.197280846039433,1,A71EV2A-x7175a,1,1
9dfe5233d635fe19,"C#C[C@H]1CCCC[C@@H]1OC(=O)N1CCC[C@H](C(N)=O)C1 |o1:2,7|",4.011869615687259,1,A71EV2A-x5747a,1,1
9f2012a8d6b3cf32,NC(=O)[C@H]1CCCN(C(=O)Nc2cc3c(cc2Cl)OCO3)C1 |a:3|,4.6271423700874985,1,A71EV2A-x4308a,1,1
9fb926acb21e2b86,NC(=O)[C@H]1CCCN(C(=O)Cc2ccccc2OC(F)F)C1 |a:3|,4.2296663664747784,1,A71EV2A-x4319a,1,1
a1c8e3cc20424a43,NC(=O)[C@H]1CCCN(C(=O)[C@H](CN2CCCC2)c2ccccc2)C1 |&1:10|,5.024630533433036,1,A71EV2A-x3975a,1,1
a1ef8e1e78382458,"CO[C@H](C(=O)N1CCC[C@H](C(N)=O)C1)c1cccnc1 |&1:2,&2:9|",4.227015096629662,1,A71EV2A-x3937a,1,1
a2b96e8da0ba9653,CCN(CC1CC1)C(=O)c1cccc(CC(=O)N2CCC[C@H](C(N)=O)C2)c1 |a:21|,4.908336601699183,1,A71EV2A-x3944a,1,1
a2cc3ee9e574afd5,"CSc1ncnc(N2CCC[C@@H]2CC(C)C)c1CC(=O)N1CCC[C@H](C(N)=O)C1 |a:11,24|",7.199879115817523,1,A71EV2A-x7147a,1,1
a32ce34ed98c4f64,Cc1ccccc1CNC(=O)N1CCC[C@H](C(N)=O)C1 |a:15|,4.978810700930062,2,A71EV2A-x3616a;A71EV2A-x3616b,1,1
a3866ff4171e01eb,Cc1nn(C)c(C)c1CC(=O)N[C@H](CNC(=O)CCl)c1ccc2ccccc2c1 |&1:12|,4.660785023463071,1,A71EV2A-x1346a,1,1
a3b2d5b8fe9392b9,COc1ccc(CC(=O)N2CCC[C@H](C(N)=O)C2)c(OC)c1 |a:13|,4.635207042042172,2,A71EV2A-x3557a;A71EV2A-x3557b,1,1
a49bca507467749a,COc1ccc(C(F)(F)F)cc1N(C)C(=O)N1CCC[C@H](C(N)=O)C1 |a:20|,4.561127532480804,1,A71EV2A-x4843a,1,1
a4a4f67d81a1f41b,CCn1nccc1C(=O)N[C@H](C(=O)N1CC[C@H](C(N)=O)C1)c1ccccc1SC |&1:10|,4.197688573451602,1,A71EV2A-x6945a,1,1
a4e17d2f79241faf,COc1ccccc1CC(=O)N1CCCC[C@H](C(N)=O)C1 |&1:16|,4.952204384072568,2,A71EV2A-x3571a;A71EV2A-x3571b,1,1
a4f757ff4bd38986,NC(=O)[C@H]1CC(=O)N(Cc2cccc3c2OCC3)C1 |&1:3|,5.0762380391713,1,A71EV2A-x4312a,1,1
a5bda5233d57bdb2,COc1ccc(C(F)(F)F)cc1CC(=O)N1CCC[C@H](C(N)=O)C1 |a:19|,4.449959375475284,1,A71EV2A-x4028a,1,1
a5c2be0032ccd112,Cn1ncc2ccc(CN3C[C@H](C(N)=O)CC(C)(C)C3=O)cc21 |&1:11|,4.005682847330363,2,A71EV2A-x5721a;A71EV2A-x5721b,1,1
a5e7bb5763f9fc5f,"CSc1ccc(-c2cc[nH]n2)cc1CC(=O)N1C[C@H](C(N)=O)C[C@H]2C[C@H]21 |&1:18,23,25|",6.340503680200894,2,A71EV2A-x7576a;A71EV2A-x7576b,1,1
a66d97d8e36af137,NC(=O)[C@H]1CCCN(C(=O)Cc2ccccc2CO)C1 |a:3|,4.345773777137761,2,A71EV2A-x4374a;A71EV2A-x4374b,1,1
a70542a352ca2f62,"CSc1ccc(-c2cn[nH]c2)cc1OC(=O)N1C[C@H](C(N)=O)C[C@@H]2C[C@@H]21 |&1:18,23,25|",5.626220997937759,1,A71EV2A-x7379a,1,1
a7203ed047c6e3b1,CSc1ncnc(N2CCC[C@H]2C(N)=O)c1CC(=O)N1CCC[C@H](C(N)=O)C1 |&1:11|,7.714442690992226,1,A71EV2A-x6832a,1,1
a79ac70bf220ccf2,CSc1ccccc1CC(=O)N1CCC(F)(F)[C@H](C(N)=O)C1 |&1:17|,4.92096962924201,1,A71EV2A-x4724a,1,1
a7fb3fc45713dbee,"C[C@H]1CC(=O)N(Cc2ccc3cnn(C)c3c2)C[C@H]1C(N)=O |o1:1,18|",4.207870191519494,1,A71EV2A-x5766a,1,1
a89a0e5671303f42,Cc1nc2n(c1CC(=O)N1CCC[C@H](C(N)=O)C1)CCCC2 |&1:13|,5.221581099702723,1,A71EV2A-x3489a,1,1
a8a0ef1f1710be3a,CSc1ccc(-n2ccnc2)cc1CC(=O)N1CCC[C@H](C(N)=O)C1 |a:20|,5.816743356703912,1,A71EV2A-x5833a,1,1
a8be6c42880b2cd5,Cn1nc(CC(=O)N2CC(C(N)=O)C2)c2ccccc21,4.610833915635467,1,A71EV2A-x4994a,1,1
a8d4a8e1a63687f8,CSc1ccccc1[C@H](NC(=O)CC(F)(F)F)C(=O)N1CC[C@H](C(N)=O)C1 |&1:8|,4.15694990903351,1,A71EV2A-x6818a,1,1
a8e4c8c2cfd5f709,COC(=O)N1CCCN(c2ncnc(SC)c2CC(=O)N2CCC[C@H](C(N)=O)C2)CC1 |a:24|,5.745487997043694,1,A71EV2A-x7018a,1,1
a8ee4bbd6299160a,CSc1ccc(-c2cncc(C)c2C)cc1CC(=O)N1CCC[C@H](C(N)=O)C1 |a:23|,5.401951923140469,1,A71EV2A-x6032a,1,1
ace8df1ae89875b1,CSc1ccccc1[C@H](NC(=O)CNC(C)=O)C(=O)N1CC[C@H](C(N)=O)C1 |&1:8|,5.199617314652804,1,A71EV2A-x6821a,1,1
ad342f8ac7ce351c,COc1ccncc1CC(=O)N1CCC[C@H](C(N)=O)C1 |a:15|,4.7516996536545095,1,A71EV2A-x3548a,1,1
ae024d23db76c83f,CSc1ccc2c(c1)[C@H](C(=O)N1CCC[C@H](C(N)=O)C1)CCO2 |o1:8|,4.060454118763697,2,A71EV2A-x5475a;A71EV2A-x5475b,1,1
ae93e4a11f3e1688,CSc1cccc(Br)c1CC(=O)N1CCC[C@H](C(N)=O)C1 |a:16|,5.23959580735841,1,A71EV2A-x4670a,1,1
aec917c9f9a9d664,COc1ccc(Cl)cc1OC(=O)N1CCC[C@H](C(N)=O)C1 |a:16|,5.262803072736122,4,A71EV2A-x4829a;A71EV2A-x4829b;A71EV2A-x4903a;A71EV2A-x4903b,1,1
aed712055558441f,COc1cccc(CN2C[C@H](C(N)=O)CCC2=O)c1 |&1:10|,4.608183969818477,2,A71EV2A-x5036a;A71EV2A-x5036b,1,1
af10c4fe94b160bf,NC(=O)[C@H]1CCCN(C(=O)[C@H]2CCc3snnc32)C1 |&1:10|,4.667561540084395,1,A71EV2A-x4472a,1,1
af30cfd55a1a752e,"CC[C@@H]1CS[C@H](C(N)=O)CN1C(=O)Oc1cc(Br)ccc1SC |o1:2,5|",4.170150986564742,1,A71EV2A-x7321a,1,1
b022bc1cdd4e325f,CSc1ccccc1CC(=O)N1C[C@H]2C[C@@]1(CC(N)=O)C2 |&1:15|,4.051345937463026,2,A71EV2A-x5262a;A71EV2A-x5262b,1,1
b0ba82c100894669,N#Cc1cccc(NC(=O)N2CCC[C@H](C(N)=O)C2)c1 |a:14|,5.1891284469127035,2,A71EV2A-x3509a;A71EV2A-x3509b,1,1
b13f44fabe55dcd4,Cc1cc(C)c(Nc2ccn(C)n2)c(C)c1,5.3072486987698415,1,A71EV2A-x3279a,1,1
b183e6b9a86e987f,CCS(=O)(=O)c1ccc(OC)c(NC(=O)N2CCC[C@H](C(N)=O)C2)c1 |a:19|,4.09366495819491,2,A71EV2A-x4309a;A71EV2A-x4309b,1,1
b2609ffbcb65a921,"CSc1ccc2ncccc2c1OC(=O)N1C[C@H](C(N)=O)C[C@H]2C[C@H]21 |o1:17,22,24|",6.55419279444554,3,A71EV2A-x7465a;A71EV2A-x7465b;A71EV2A-x7515a,2,2
b29b3347aefa370d,CC(C)(C)c1ccccc1NC(=O)N1CCC[C@H](C(N)=O)C1 |a:17|,4.916961547867879,1,A71EV2A-x4311a,1,1
b3591726bc3d7745,NC(=O)[C@H]1CCN(C(=O)Cc2cc(C(F)(F)F)ccc2Cl)C1 |&1:3|,5.04901488179868,1,A71EV2A-x3989a,1,1
b571b53e19c29075,NC(=O)C[C@H]1CCCN(c2ncnc3ccccc23)C1 |&1:4|,4.959254335737151,1,A71EV2A-x4351a,1,1
b5720d6bb6d2ac94,CSc1ncnc(N2Cc3ccccc3C2)c1CC(=O)N1CCC[C@H](C(N)=O)C1 |a:24|,6.006913143117045,1,A71EV2A-x6808a,1,1
b57cadabd7ee8683,C#Cc1ccc(C)c(OC(=O)N2CCC[C@H](C(N)=O)C2)c1 |a:15|,3.8964015060220625,1,A71EV2A-x5466a,1,1
b626b9c351832f15,"CSc1ccc(-c2ccncc2)cc1OC(=O)N1C[C@H](C(N)=O)C[C@H]2C[C@H]21 |&1:19,24,26|",6.058389757043434,1,A71EV2A-x7184a,1,1
b659add1e7ade706,NC(=O)[C@H]1CCC(=O)N(Cc2ccc3cc[nH]c3c2)C1 |&1:3|,4.611743840379951,2,A71EV2A-x4596a;A71EV2A-x4596b,1,1
b6e4af7fded95dd4,"CSc1ccc(-c2ccccn2)cc1OC(=O)N1C[C@H](C(N)=O)C[C@H]2C[C@H]21 |&1:19,24,26|",6.770247859071493,2,A71EV2A-x7350a;A71EV2A-x7350b,1,1
b6f1dada567c3ee2,COc1cccc(Cl)c1CC(=O)N1CCC[C@@H](C(N)=O)C1 |a:16|,4.620456050805198,2,A71EV2A-x3858a;A71EV2A-x3858b,1,1
b782ef4d345c20e5,NC(=O)[C@H]1CCCN(C(=O)Cc2cncnc2Cl)C1 |a:3|,4.037630664329979,2,A71EV2A-x5081a;A71EV2A-x5081b,1,1
b80371c20e0126e9,Cn1nc(C(=O)NCCn2cncn2)c2ccccc21,4.939565029910406,2,A71EV2A-x3181a;A71EV2A-x3181b,1,1
b8625fbfc7911114,Cc1ccccc1NC(=O)c1ccc(C)c(C(N)=O)c1,4.804100347590766,1,A71EV2A-x3867a,1,1
b8aaa3e6ccec636d,COc1cccc(NC(=O)N2CCC[C@H](C(N)=O)C2)c1Cl |a:14|,4.612661045864782,3,A71EV2A-x4524a;A71EV2A-x4873a;A71EV2A-x4873b,1,1
b8cd2bda10be579e,"CSc1ncnc(N2CC[C@H](SC)C2)c1CC(=O)N1CCC[C@H](C(N)=O)C1 |a:10,22|",6.9071041930964325,1,A71EV2A-x7093a,1,1
b8cdd87d33fa42ae,"Cn1ccnc1[C@H](c1ccccc1)N1C[C@H](C(N)=O)CC1=O |&1:6,&2:15|",4.649751981665837,1,A71EV2A-x5106a,1,1
b992bb5ebfcfcb4f,Cn1nc(C(=O)NCCc2cocn2)c2cccnc21,4.981705511622298,1,A71EV2A-x3264a,1,1
b9bac7abb30b3092,C#C[C@H](NCCc1cocn1)c1nn(C)c2ccccc12 |&1:2|,4.716801953096995,1,A71EV2A-x4426a,1,1
ba5422eeacd934ce,CSc1ccccc1[C@H](NC(=O)Cn1cccn1)C(=O)N1CC[C@H](C(N)=O)C1 |&1:8|,4.730497044785864,2,A71EV2A-x6816a;A71EV2A-x6816b,1,1
baa66164c8050593,"CSc1ncnc(N2CCC[C@H]2Cc2ccnn2C)c1CC(=O)N1CCC[C@H](C(N)=O)C1 |a:11,27|",5.214011302839139,1,A71EV2A-x7247a,1,1
bbe6c2485865838c,CSc1ncnc(N2CCc3ccsc3C2)c1CC(=O)N1CCC[C@H](C(N)=O)C1 |a:24|,5.794648268341138,1,A71EV2A-x5666a,1,1
bce542bb76fe2bec,NC(=O)[C@H]1CCN(C(=O)[C@H]2CCCN2C(=O)c2cccs2)C1 |&1:9|,5.012334272309165,2,A71EV2A-x5705a;A71EV2A-x5705b,1,1
bd03e55d6ae77cbf,CSc1ccc(OC2CC2)cc1NC(=O)N1CCC[C@H](C(N)=O)C1 |a:19|,4.674438823846753,1,A71EV2A-x5533a,1,1
bd322f94fdead98f,N#Cc1ccc(Br)cc1OC(=O)N1CCC[C@H](C(N)=O)C1 |a:16|,4.421371068072836,1,A71EV2A-x5559a,1,1
bd9580386a90c616,CSc1cccc2c1[C@H](C(=O)N1CCC[C@H](C(N)=O)C1)CC2 |o1:8|,6.105065909655473,1,A71EV2A-x5687a,1,1
bece2f8bff1bae4b,COc1ccccc1CC(=O)N1CC[C@@H](O)C1 |a:14|,4.951406063714552,1,A71EV2A-x3621a,1,1
bfcb37d5dc6d9fe1,"NC(=O)[C@H]1CCC(=O)N(C[C@H]2CCOc3ccccc32)C1 |&1:3,&2:10|",4.620443689892642,1,A71EV2A-x4409a,1,1
c01fc37bef6a2f7c,Cc1cc(CNC(=O)c2cn(C)c3ccccc23)on1,4.953569528330592,1,A71EV2A-x3175a,1,1
c0fe6642779ff167,C=C(C)c1cccc(SC)c1CC(=O)N1CCC[C@H](C(N)=O)C1 |a:18|,5.435913722030655,1,A71EV2A-x6027a,1,1
c10f89c9c8e694bc,CSc1ccc(S(C)(=O)=O)cc1CC(=O)N1CCC[C@H](C(N)=O)C1 |a:19|,5.609697925694327,2,A71EV2A-x5449a;A71EV2A-x5449b,1,1
c19b8e6c95426e64,"CC[C@@H]1CCCN1c1ncnc(SC)c1CC(=O)N1CCC[C@H](C(N)=O)C1 |a:2,22|",5.359471394334077,2,A71EV2A-x7510a;A71EV2A-x7510b,1,1
c1d9a4611434280d,CSc1ccccc1[C@H](NC(=O)C1CC1)C(=O)N1CC[C@H](C(N)=O)C1 |&1:8|,4.612020519224207,1,A71EV2A-x6934a,1,1
c3de25f5b39522b8,CSc1ncnc(N2CCc3ccccc3CC2)c1CC(=O)N1CCC[C@H](C(N)=O)C1 |a:26|,6.483018872150272,1,A71EV2A-x7015a,1,1
c40116b15c5b747b,CSc1ncnc(N(C)C2CCOCC2)c1CC(=O)N1CCC[C@H](C(N)=O)C1 |a:23|,5.7864475040867696,1,A71EV2A-x7424a,1,1
c45442ac0150e524,COc1ccccc1[C@H](C)C(=O)N1CCC[C@H](C(N)=O)C1 |o1:8|,5.415903931859735,2,A71EV2A-x4445a;A71EV2A-x4445b,1,1
c5c87dc44e5c0fd5,NC(=O)[C@H]1CCCN(C(=O)Cc2cccc(Cl)c2Cl)C1 |a:3|,4.065026720650614,1,A71EV2A-x4336a,1,1
c7423669caa78167,"CSc1ccc(Br)cc1OC(=O)N1C[C@H](C(N)=O)C[C@H]2C[C@H]21 |&1:14,19,21|",6.442779415416162,1,A71EV2A-x6932a,1,1
c742772da9168ff2,NC(=O)[C@H]1CCCN(C(=O)Cc2ccsc2)C1 |&1:3|,4.589713631215067,2,A71EV2A-x5425a;A71EV2A-x5425b,1,1
c7bcc0777eb6ffa3,NC(=O)[C@H]1CCCN(C(=O)Cc2cc(C(F)(F)F)ccc2C(F)(F)F)C1 |a:3|,3.806800765395556,1,A71EV2A-x4381a,1,1
c825a7357ae669a8,COc1ncccc1NS(=O)(=O)N1CCC[C@H](C(N)=O)C1 |a:16|,4.601213898998983,2,A71EV2A-x4899a;A71EV2A-x4899b,1,1
c961fd21aef84acb,CSc1ncnc(N2CC(C)(c3ccccc3F)C2)c1CC(=O)N1CCC[C@H](C(N)=O)C1 |a:27|,6.439151337818832,1,A71EV2A-x7263a,1,1
c996b3fc99f3ce75,NC(=O)[C@H]1CCCN(C(=O)Cc2ncncc2Cl)C1 |a:3|,4.03673794170959,2,A71EV2A-x4979a;A71EV2A-x4979b,1,1
c9c0213643b6d3ea,CSc1cccc(-c2ccc(C(F)(F)F)cc2C#N)c1CC(=O)N1CCC[C@H](C(N)=O)C1 |a:27|,5.656918950334414,1,A71EV2A-x5884a,1,1
c9c522fd452da373,"CSc1ncnc(N(C)CC(F)(F)F)c1CC(=O)N1C[C@H](C(N)=O)C[C@H]2C[C@H]21 |&1:20,25,27|",6.794695728715816,1,A71EV2A-x7608a,1,1
c9c952c6872a4fab,CSc1ccc(-c2cc[nH]n2)cc1CC(=O)N1CCC[C@H](C(N)=O)C1 |a:20|,5.955905430140241,2,A71EV2A-x5525a;A71EV2A-x5525b,1,1
c9deb13f058a34db,NC(=O)c1ccccc1CC(=O)N1CCC[C@H](C(N)=O)C1 |a:16|,3.660111973943557,1,A71EV2A-x4840a,1,1
ca197730630f6413,"C[C@H](c1ccc(Cl)c(Br)c1)N1C[C@H](C(N)=O)CCC1=O |&1:1,&2:12|",4.041436116778033,1,A71EV2A-x5556a,1,1
cc2745578fe4ded7,"NC(=O)[C@H]1CCN(C(=O)[C@H]2SCCc3sccc32)C1 |&1:3,&2:9|",4.430090742898188,1,A71EV2A-x5431a,1,1
cdc6cc8d70d6b19e,CSc1ccc(Br)cc1CC(=O)N1CCC[C@H](C(N)=O)C1 |a:16|,6.504803930407411,1,A71EV2A-x4431a,1,1
cf0652fe6aa032cd,"NC(=O)[C@H]1CCC(=O)N([C@H](CC(F)(F)F)c2cc(Cl)cc(Cl)c2)C1 |&1:3,&2:9|",4.327996747928408,1,A71EV2A-x5665a,1,1
cfd8c015520363fe,"Cn1cc(CC(=O)N2C[C@H](C(N)=O)C[C@@H]3C[C@@H]32)cn1 |&1:9,14,16|",4.608000737058194,1,A71EV2A-x4992a,1,1
d0282562005cb4c7,CSc1ccc(-c2ccnn2C(C)(C)C)cc1OC(=O)N1CCC[C@H](C(N)=O)C1 |a:24|,4.912085112444354,2,A71EV2A-x7167a;A71EV2A-x7167b,1,1
d02ac8510148d746,"C[C@H](c1cccc(Cl)c1F)N1C[C@H](C(N)=O)CCC1=O |&1:1,&2:12|",4.632644078973981,1,A71EV2A-x5673a,1,1
d099e78cca5a1787,Cn1cc2cccc(NC(=O)Cc3cocn3)c2n1,4.662403924407542,1,A71EV2A-x3403a,1,1
d0ab5da39772d03c,CSc1ccccc1N1C[C@H](C(N)=O)CCC1=O |o1:10|,4.6020599913279625,1,A71EV2A-x4922a,1,1
d1b9e7a1f93e0997,CC(C)Oc1ccccc1NC(=O)N1CCC[C@H](C(N)=O)C1 |a:17|,4.877787213913532,1,A71EV2A-x4305a,1,1
d1df58ffe874e334,CSc1ccc(C2CC2)cc1CC(=O)N1CCC[C@H](C(N)=O)C1 |a:18|,5.5276774658141035,1,A71EV2A-x5276a,1,1
d2163c019a518a10,COCc1ccccc1NC(=O)N1CCC[C@H](C(N)=O)C1 |a:16|,4.8164704643841505,1,A71EV2A-x3483a,1,1
d33109ce3ffbbefd,COc1ccc(C(F)(F)F)cc1NC(=O)N1CCC[C@H](C(N)=O)C1 |a:19|,4.069229199277436,1,A71EV2A-x4429a,1,1
d3399b73768173e8,COc1cccc(SC(C)C)c1NC(=O)N1CCC[C@H](C(N)=O)C1 |a:19|,5.313218576201494,2,A71EV2A-x5289a;A71EV2A-x5289b,1,1
d450ba6305ee704c,CSc1ccc(-c2csc(C(F)F)c2)cc1CC(=O)N1CCC[C@H](C(N)=O)C1 |a:23|,6.104588372500485,1,A71EV2A-x5864a,1,1
d459d5483f934862,Cn1cc2c(CC(=O)N3CC[C@H](C(N)=O)C3)cccc2n1 |&1:11|,4.410050398674293,1,A71EV2A-x3556a,1,1
d4dd31fc770c334a,CSc1ncnc(N(C)Cc2cc(F)c(F)c(F)c2)c1CC(=O)N1CCC[C@H](C(N)=O)C1 |a:27|,6.244997927316081,1,A71EV2A-x7176a,1,1
d597fbaa418280b9,CCC1(CC)CCN(c2ncnc(SC)c2CC(=O)N2CCC[C@H](C(N)=O)C2)C1 |a:23|,6.266038858073333,1,A71EV2A-x6738a,1,1
d5e76313f196d8d3,COc1cccc(NC(=O)N2CCC[C@H](C(N)=O)C2)c1 |a:14|,4.956109291095229,1,A71EV2A-x3485a,1,1
d5f8d67c5cdd241c,CSc1ccc(-c2ccnc(N(C)C)c2)cc1CC(=O)N1CCC[C@H](C(N)=O)C1 |a:24|,6.212710086334884,1,A71EV2A-x6791a,1,1
d6092b98cda18ea7,COc1cccnc1CC(=O)N1CCC[C@H](C(N)=O)C1 |a:15|,4.648165195719463,2,A71EV2A-x4283a;A71EV2A-x4283b,1,1
d6565cda5bfbb429,"CSc1ncnc(N2CCC[C@@H]2C)c1CC(=O)N1CCC[C@H](C(N)=O)C1 |a:11,21|",6.616555737163779,2,A71EV2A-x7533a;A71EV2A-x7533b,1,1
d65b66b78a8a3415,COc1cccc(Cl)c1NC(=O)N1CCC[C@H](C(N)=O)C1 |a:16|,4.465918205168407,2,A71EV2A-x4035a;A71EV2A-x4035b,1,1
d7345037da94d508,COc1cccc2c1N(C(=O)N1CCC[C@H](C(N)=O)C1)CCS2 |a:15|,4.29598340377612,1,A71EV2A-x5389a,1,1
d7437fc5e7ecee64,CSc1ccccc1[C@H](NC(=O)C1(C)CCC1)C(=O)N1CC[C@H](C(N)=O)C1 |&1:8|,4.6108664765966765,1,A71EV2A-x6991a,1,1
d74b0717d0289ebe,CSc1cccc(C2=CCCCC2)c1CC(=O)N1CCC[C@H](C(N)=O)C1 |a:21|,5.358458624958955,1,A71EV2A-x6938a,1,1
d766d7873f6d4949,CSc1ccccc1CC(=O)N1CCC[C@H](CCO)C1 |&1:15|,3.7794804346789226,1,A71EV2A-x4809a,1,1
d77f37aabeec3eaf,COc1ncccc1CC(=O)N1CCC[C@H](C(N)=O)C1 |a:15|,4.286509456906058,1,A71EV2A-x4347a,1,1
d7bfe0749f72aea6,"CNC(=O)[C@@H]1CCN1c1ncnc(SC)c1CC(=O)N1CCC[C@H](C(N)=O)C1 |a:4,23|",5.553061207453266,1,A71EV2A-x7297a,1,1
d82b7619981358fe,Cc1ccc2ccccc2c1N1C[C@H](C(N)=O)CCC1=O |&1:13|,3.9425768354879955,1,A71EV2A-x5572a,1,1
d965a6c0a7687aa0,CSc1ccccc1[C@H](C(=O)N1CC[C@H](C(N)=O)C1)N1CCCC1=O |o1:8|,7.194299872872455,1,A71EV2A-x7038a,1,1
d9988f8e016399bc,CSc1ccc(N2CCCC2=O)cc1NC(=O)N1CCC[C@H](C(N)=O)C1 |a:21|,5.0622764945153795,1,A71EV2A-x4986a,1,1
d9abc36579c60fe5,CSc1ncnc(N(C)C)c1CC(=O)N1CCC[C@H](C(N)=O)C1 |a:18|,6.393012805332465,2,A71EV2A-x7545a;A71EV2A-x7545b,1,1
daaf37abf0816f22,"CSc1ccc2ncccc2c1NC(=O)N1C[C@H](C(N)=O)C[C@@H]2C[C@@H]21 |o1:17,22,24|",5.669481598088156,2,A71EV2A-x6877a;A71EV2A-x6980a,2,2
db4fd58a17da6c85,"CSc1ccc(-c2cn[nH]c2)cc1CC(=O)N1C[C@H](C(N)=O)C[C@H]2C[C@H]21 |&1:18,23,25|",6.438312682607372,1,A71EV2A-x5836a,1,1
dc299c81767d3f6e,CCOC(=O)N[C@H](C(=O)N1CC[C@H](C(N)=O)C1)c1ccccc1SC |o1:6|,4.606251898190906,1,A71EV2A-x6844a,1,1
dd4f51da682cffdc,COc1ccccc1CC(=O)N1C[C@H](C(N)=O)CC(F)(F)C1 |&1:13|,5.41096889227547,1,A71EV2A-x3665a,1,1
ddfd4944de31a207,COc1ccccc1CC(=O)N1CCC[C@H](C(N)=O)CC1 |&1:15|,4.952188702489189,2,A71EV2A-x4018a;A71EV2A-x4018b,1,1
de0f4232ed0de445,CSc1ccc(-c2cc[nH]n2)cc1OC(=O)N1CCC[C@H](C(N)=O)C1 |a:20|,6.343392058545723,1,A71EV2A-x7597a,1,1
de734a87c6cf6b31,CSc1ccccc1N(C)C(=O)N1CC[C@H](C(N)=O)C1 |a:15|,4.640164517660112,1,A71EV2A-x4684a,1,1
de96858af2f58275,"COc1cccc(Cl)c1CC(=O)N1C[C@H](C(N)=O)[C@H]2CCC[C@H]21 |&1:14,&2:18,22|",4.819608655063361,1,A71EV2A-x4239a,1,1
df19685ba471c4b0,NC(=O)[C@H]1CCCN(C(=O)[C@H](c2ccccc2)n2cccn2)C1 |&1:10|,4.869666231504994,2,A71EV2A-x4451a;A71EV2A-x4451b,1,1
dfac67b2cbadc88e,CSc1ccc(Br)cc1CC(=O)N1CC[C@H](C(N)=O)C1 |a:15|,4.166573738364501,1,A71EV2A-x4856a,1,1
dfb4cc62f849ff47,"CSc1ncnc(N2CC[C@H](C(=O)N3CCC(C)CC3)C2)c1CC(=O)N1CCC[C@H](C(N)=O)C1 |a:10,29|",6.08170819903569,1,A71EV2A-x7190a,1,1
dfec45279946858f,CSc1ncnc(N(C)CC(C)(C)O)c1CC(=O)N1CCC[C@H](C(N)=O)C1 |a:22|,6.134728951225614,1,A71EV2A-x7251a,1,1
e07fd86a43f50d88,COCc1ccccc1CC(=O)N1CCC[C@H](C(N)=O)C1 |a:16|,4.576757218249551,1,A71EV2A-x4368a,1,1
e0aab5bbce17ffdc,NC(=O)[C@H]1CCCN(C(=O)[C@H](Sc2ccccc2)c2ccccc2)C1 |&1:10|,5.135488918941608,2,A71EV2A-x3986a;A71EV2A-x3986b,1,1
e0b38d62af7d1c58,Cc1cnc(CNS(=O)(=O)C[C@H](C)c2ccccc2)o1 |&1:11|,4.8184062698439085,1,A71EV2A-x3623a,1,1
e123cedd649e8d3d,NC(=O)[C@H]1CCCN(C(=O)[C@H](OCC2CCCC2)c2ccccc2)C1 |&1:10|,5.5670035086585905,1,A71EV2A-x3968a,1,1
e132fd3091ddbb85,NC(=O)[C@H]1CCCN(C(=O)Cc2cccnc2O)C1 |a:3|,5.153756287657022,1,A71EV2A-x4372a,1,1
e1d02e63a0c23381,NC(=O)[C@H]1CCCN(C(=O)Cc2cccc3c2CCC3)C1 |a:3|,3.9502403164313624,1,A71EV2A-x4344a,1,1
e20890f6b07706d2,"COC[C@]1(C(=O)N2CCC[C@H](C(N)=O)C2)CCCCO1 |&1:3,&2:10|",6.0,1,A71EV2A-x3936a,1,1
e2430604325a225a,CSc1ccccc1OC(=O)N1CCC[C@H](C(N)=O)C1 |a:15|,5.8268386347140675,2,A71EV2A-x4824a;A71EV2A-x4824b,1,1
e2e11496cdfc9f39,Cc1ccc2cccnc2c1OC(=O)N1CCC[C@H](C(N)=O)C1 |a:18|,4.597502408486665,1,A71EV2A-x5479a,1,1
e2eb9a9d1317261f,CSc1ccc(Br)cc1[C@H](NC(=O)OC(C)(C)C)C(=O)N1CC[C@H](C(N)=O)C1 |&1:9|,4.616253373468555,1,A71EV2A-x5891a,1,1
e3b322d6d3a5f0c1,NC(=O)[C@H]1CCCN(C(=O)Cc2ccccc2CS(N)(=O)=O)C1 |a:3|,4.135380979941972,1,A71EV2A-x4403a,1,1
e52148f553a4c100,NC(=O)[C@H]1CCCN(C(=O)[C@H]2CCc3cccc(Br)c32)C1 |&1:10|,4.479401524821051,2,A71EV2A-x4202a;A71EV2A-x4202b,1,1
e53cbb0ee7f45851,"CSc1ccc2ncccc2c1NC(=O)N1C[C@H](C(N)=O)C[C@H]2C[C@H]21 |&1:17,22,24|",6.155618588158782,1,A71EV2A-x5854a,1,1
e5e149caef564aba,"CC(C)[C@H](c1cc(Cl)cc(Br)c1)N1C[C@H](C(N)=O)CCC1=O |&1:3,&2:14|",4.564352412519983,1,A71EV2A-x5868a,1,1
e5e40ac7eb2b2170,CSc1ccccc1[C@H](NC(=O)CC1CC1)C(=O)N1CC[C@H](C(N)=O)C1 |&1:8|,4.287343084176254,1,A71EV2A-x6726a,1,1
e65b124849b1840f,COc1ccccc1CCN1C[C@H](C(N)=O)CC1=O |&1:12|,5.044970753420985,1,A71EV2A-x3956a,1,1
e65c81a59149f81b,CSc1ccccc1[C@H](NC(=O)C(C)C)C(=O)N1CC[C@H](C(N)=O)C1 |&1:8|,4.616633749466019,1,A71EV2A-x7035a,1,1
e6b1a17341a242ff,"NC(=O)[C@H]1C[C@@H]2C[C@@H]2N(C(=O)Cc2ccccc2Cl)C1 |&1:3,5,7|",4.5796822958876815,2,A71EV2A-x5802a;A71EV2A-x5802b,1,1
e781bfcdf8a40784,COc1ccccc1[C@H](NC(=O)OC(C)(C)C)C(=O)N1CCC[C@H](C(N)=O)C1 |o1:8|,4.930769702637148,2,A71EV2A-x3884a;A71EV2A-x3884b,1,1
e8ec34acf21e920a,NC(=O)[C@H]1CCCN(C(=O)Cc2ccc3c(c2)CCC(=O)N3)C1 |a:3|,4.349692476868063,1,A71EV2A-x4320a,1,1
e9441c0d3b5fe468,COC[C@]12C[C@@](C(N)=O)(CN1C(=O)Cc1ccccc1OC)C2 |o1:3|,4.028724151261895,2,A71EV2A-x4963a;A71EV2A-x4963b,1,1
e9455d39e2ceb0fe,"CSc1ccc(-c2cn[nH]c2)cc1OC(=O)N1C[C@H](C(N)=O)C[C@H]2C[C@H]21 |&1:18,23,25|",6.7751410435308275,1,A71EV2A-x7323a,1,1
e987c3bf4632d687,NC(=O)[C@H]1CCC(=O)N(Cc2cc(F)cnc2C(F)(F)F)C1 |&1:3|,4.315546325758652,2,A71EV2A-x5635a;A71EV2A-x5635b,1,1
eab288f9f9565c58,"C[C@H](c1ccc2[nH]ncc2c1)N1C[C@H](C(N)=O)CCC1=O |&1:1,&2:13|",4.180071698767357,1,A71EV2A-x5744a,1,1
eb8588fb724600a6,NC(=O)[C@H]1CCCN(C(=O)Cc2cccc3cn[nH]c23)C1 |&1:3|,5.011185771310347,1,A71EV2A-x3210a,1,1
ebb04df4e57085c6,CSc1ncnc(N(C)Cc2nn(C)cc2Cl)c1CC(=O)N1CCC[C@H](C(N)=O)C1 |a:25|,7.150528408418002,1,A71EV2A-x6914a,1,1
ebcdadd0a54126a2,"CSc1ccc(-c2ccncc2)cc1CC(=O)N1C[C@H](C(N)=O)C[C@H]2C[C@H]21 |o1:19,24,26|",4.917388969413124,1,A71EV2A-x7445a,1,1
ec3eb5b84e718d21,NC(=O)[C@H]1CCCN(C(=O)NCC2CC2)C1 |a:3|,5.064884396650843,1,A71EV2A-x3417a,1,1
ecf15c4326ece1a2,"COc1cccc(Cl)c1CC(=O)N1C[C@H](C(N)=O)C[C@H](C(=O)NC2CC2)C1 |o1:14,19|",4.899323290233971,2,A71EV2A-x3993a;A71EV2A-x3993b,1,1
ed57039e80219e22,CSc1ccc2cnccc2c1NC(=O)N1CCC[C@H](C(N)=O)C1 |a:19|,5.772572568212773,1,A71EV2A-x5261a,1,1
ed81306aa4d528e3,CSc1c(F)cccc1NC(=O)N1CCC[C@H](C(N)=O)C1 |a:16|,4.319967775442991,1,A71EV2A-x4851a,1,1
ed82ca483c0294fc,"CSc1cccc2c1[C@@H](C(=O)N1C[C@H](C(N)=O)C[C@H]3C[C@H]31)CC2 |&1:8,13,18,20|",6.317002294422829,1,A71EV2A-x7448a,1,1
edb679cb048ffe9e,COc1cc(Br)c(CC(=O)N2CCC[C@H](C(N)=O)C2)cc1OC |a:14|,3.7202298309212716,1,A71EV2A-x4845a,1,1
ee5dc398b2f2c83e,Cc1cc2sccc2c(Cl)c1OC(=O)N1CCC[C@H](C(N)=O)C1 |a:18|,4.215114698485657,1,A71EV2A-x5482a,1,1
eea0e4843aa0c232,CSc1ccccc1CC(=O)N1CCC[C@H](C(N)=O)C1 |a:15|,5.393063563669464,1,A71EV2A-x4386a,1,1
eea404b0012b35b8,CSc1ccccc1CC(=O)N1CCC[C@H](CF)C1 |&1:15|,4.015189894778023,1,A71EV2A-x4751a,1,1
ef034ada922aa0b7,"COc1ccccc1CC(=O)N1C[C@H](C(N)=O)[C@@H](C(F)(F)F)C1 |&1:13,17|",5.110698297493689,1,A71EV2A-x3990a,1,1
f087ef2dd2c0b6b0,CSc1ccncc1NC(=O)N1CCC[C@H](C(N)=O)C1 |a:15|,5.452530294347775,2,A71EV2A-x4826a;A71EV2A-x4826b,1,1
f08e7dee0ceb4feb,"CS[C@@H]1CCCC[C@H]1OC(=O)N1CCC[C@H](C(N)=O)C1 |o1:2,7|",3.5961527992975952,1,A71EV2A-x5231a,1,1
f097426c90f2fddd,CSc1cccc2c1[C@H](C(=O)N1CCC[C@H](C(N)=O)C1)CCC2 |o1:8|,4.913179132164633,3,A71EV2A-x5850a;A71EV2A-x5995a;A71EV2A-x5995b,2,2
f09b1aea1574f712,NC(=O)[C@H]1CCN(C(=O)Cc2c(Cl)cccc2Cl)C1 |&1:3|,4.7544873321858505,1,A71EV2A-x5427a,1,1
f0aa238aff606b2f,"CSc1ccc(-c2cccnc2)cc1OC(=O)N1C[C@H](C(N)=O)C[C@H]2C[C@H]21 |&1:19,24,26|",6.615017621163278,1,A71EV2A-x7070a,1,1
f1bd966dd0fc3e0f,CSc1cnccc1CC(=O)N1CCC[C@H](C(N)=O)C1 |a:15|,4.407893372233542,1,A71EV2A-x4689a,1,1
f25ed8ad11ccd1c9,"COc1ccccc1CC(=O)N1C[C@]2(C(N)=O)CC[C@H]1C2 |a:13,19|",4.6216971581255635,1,A71EV2A-x4476a,1,1
f275c775bd8f28e0,CSc1ccccc1CC(=O)N1CCNC(=O)C1,4.006123085058789,1,A71EV2A-x4721a,1,1
f2c2d1606a83a22f,COc1ccncc1CC(=O)N1CCC[C@H](C(N)=O)C1 |&1:15|,4.443671499997475,1,A71EV2A-x3229a,1,1
f3cfc283fa417304,CSc1ncnc(N2CCC(C(=O)N(C(C)C)C(C)C)CC2)c1CC(=O)N1CCC[C@H](C(N)=O)C1 |a:30|,6.225268032740376,1,A71EV2A-x7096a,1,1
f5158afbba7a890b,CSc1ncnc(N2CCn3ncc(C#N)c3C2)c1CC(=O)N1CCC[C@H](C(N)=O)C1 |a:26|,6.13113891891355,1,A71EV2A-x7130a,1,1
f7672800b3cf5bf8,"Cn1nc(C(=O)N[C@H]2C[C@H]2CO)c2ccccc21 |&1:7,9|",4.8958754625504275,1,A71EV2A-x3177a,1,1
f811f95924d5b059,NC(=O)[C@H]1CCCN(C(=O)Cc2cccc3nsnc23)C1 |a:3|,4.492392502728005,1,A71EV2A-x4463a,1,1
f86bfbfdc7c4d70d,"CSc1ncnc(N2CCC[C@H](C)C2)c1CC(=O)N1CCC[C@H](C(N)=O)C1 |a:11,22|",6.173854131618843,1,A71EV2A-x7250a,1,1
f87c6c41659133ae,"NC(=O)[C@H]1CCCN(C(=O)[C@]2(Cc3ccc(F)cc3)CCCCO2)C1 |&1:3,&2:10|",4.609064892896621,1,A71EV2A-x4416a,1,1
f8c9f651c4e85d53,CSc1ncnc(N2CCCCCC2)c1CC(=O)N1CCC[C@H](C(N)=O)C1 |a:22|,7.1865084765696,2,A71EV2A-x7560a;A71EV2A-x7560b,1,1
f92da76c58b0a9a0,Cc1ocnc1CCNC(=O)c1nn(C)c2ccccc12,5.09799710864927,1,A71EV2A-x3286a,1,1
fb62ba5201e38712,NC(=O)[C@H]1CCCN(C(=O)Cc2cccc3occc23)C1 |&1:3|,3.960269771303526,1,A71EV2A-x3191a,1,1
fc5c80ff684ca4a2,NC(=O)[C@H]1CCC(=O)N([C@H]2CCCc3ccccc32)C1 |o1:3|,4.631937259138866,2,A71EV2A-x5210a;A71EV2A-x5210b,1,1
fda375bf6a065b1e,CSc1ccc(-c2cccc3cnn(C)c23)cc1CC(=O)N1CCC[C@H](C(N)=O)C1 |a:25|,4.852511447271943,1,A71EV2A-x6025a,1,1
fee987451b94429a,CSc1nc2c(cc1NC(=O)N1CCC[C@H](C(N)=O)C1)CCCC2 |a:15|,4.217527375833714,2,A71EV2A-x5022a;A71EV2A-x5022b,1,1
ff370aacbf854ad9,"CSc1ccccc1CC(=O)N1CCC[C@H]2C(=O)NC[C@H]21 |&1:15,20|",4.035167674220528,1,A71EV2A-x4791a,1,1
ffa1741169b73d83,COc1ncc(-c2ccc(SC)c(CC(=O)N3CCC[C@H](C(N)=O)C3)c2)cc1C#N |a:20|,5.612933991649193,1,A71EV2A-x5877a,1,1
