complex_name,graph_file,sha256,nodes,local_edges,line_nodes,line_edges,coulomb_nodes,coulomb_edges
A71EV2A-x1346a,processed/A71EV2A-x1346a.bin,e6f14919f5f65c8811257bf44dcafd01e9aa8af4294137e23a166f6a15d6db55,29,348,348,4176,29,812
A71EV2A-x1445a,processed/A71EV2A-x1445a.bin,022f5d043eea63ec0bcd18732db512fc683e0ebce7995b712d3d0f40b12d5608,18,214,214,2554,18,306
A71EV2A-x1445b,processed/A71EV2A-x1445b.bin,bf371f9c1ea6b1fd443395556fa36ff05b99e636d58c86d0a49cc28155c400e8,18,214,214,2558,18,306
A71EV2A-x3054a,processed/A71EV2A-x3054a.bin,9c5dd58ace0ce3b61b30ba91f1905d4298b3d5b1fad52119544caa2358dc7408,19,228,228,2736,19,342
A71EV2A-x3175a,processed/A71EV2A-x3175a.bin,265f6e204b52792ad74b548fa13b19b8840396c83db60d6e8eced78af5a12a50,20,238,238,2844,20,380
A71EV2A-x3176a,processed/A71EV2A-x3176a.bin,3e9a18e4af95e95d3b6c8b312e643e2a67641723e1080a8462530e5928b49b85,18,216,216,2592,18,306
A71EV2A-x3177a,processed/A71EV2A-x3177a.bin,c5ef72e16438dac3fc389c8b8a5fd4322a45b397ada558e4cefa527e4b818539,18,216,216,2592,18,306
A71EV2A-x3178a,processed/A71EV2A-x3178a.bin,4a4f71e2e1d2544589d446057526a68a0d9cdb1f4ef3242e3e8e4a379d8af758,18,216,216,2592,18,306
A71EV2A-x3181a,processed/A71EV2A-x3181a.bin,6204df60deb1134d625f433c553b74ea28121a5c7e811a372b25673c5882e805,20,240,240,2880,20,380
A71EV2A-x3181b,processed/A71EV2A-x3181b.bin,e72765b889d2a869f01d5400f9688c54405275efe4216f96ee85307c6c9b4847,20,240,240,2880,20,380
A71EV2A-x3191a,processed/A71EV2A-x3191a.bin,98852acdf47f2c369de099e78f20c6eac002455f2785a88b3aa758f0c95523ce,21,252,252,3024,21,420
A71EV2A-x3193a,processed/A71EV2A-x3193a.bin,498126820032b5d2fded3049183fe239f0758b8b425d9bd8a55516cc372466d0,20,240,240,2880,20,380
A71EV2A-x3201a,processed/A71EV2A-x3201a.bin,caa997a31d12ea6fc46a97ab0d266c2bcc73690ea4a4add658f271dd88f18ad2,20,240,240,2880,20,380
A71EV2A-x3208a,processed/A71EV2A-x3208a.bin,8dcafe99c2611bdcc7ea342862ee089cf670da40781a3e8e3b9e741c5226c63a,23,276,276,3312,23,506
A71EV2A-x3210a,processed/A71EV2A-x3210a.bin,f21cd977572e2cedd2888281979901bdc2c51515d181ddb3b82cc04bd537187f,21,252,252,3024,21,420
A71EV2A-x3218a,processed/A71EV2A-x3218a.bin,bfbf7637568c5412f95ef53571b9ccc2183ad7c2914c6b2b2e8d0b4b469c7c0c,20,240,240,2880,20,380
A71EV2A-x3221a,processed/A71EV2A-x3221a.bin,cf8649216fe052bdcdbe71a45efbb5df41059839f6c41f413330a1056064c13b,19,228,228,2736,19,342
A71EV2A-x3225a,processed/A71EV2A-x3225a.bin,2a772b8e89b35e30e08c35badb9fb729ab50875bb4a63ca57a163198d7b1325a,22,264,264,3168,22,462
A71EV2A-x3229a,processed/A71EV2A-x3229a.bin,ffa1149841025219317ee39255db42a8ce6620e9d006ceec77d23d8b8e7356a3,20,240,240,2880,20,380
A71EV2A-x3264a,processed/A71EV2A-x3264a.bin,1e723156d6dc413818012fe08205f3567d9303f91b0271fbca53c5b233cb98e3,20,240,240,2880,20,380
A71EV2A-x3279a,processed/A71EV2A-x3279a.bin,ec9ceaa62b856c2790f7defc0087abb073c7effacb482dadb378c1f11d8dc843,16,192,192,2304,16,240
A71EV2A-x3286a,processed/A71EV2A-x3286a.bin,d20df80092208d3b381535d65d7688cffa7c85011ffc4759f74b319265c8b120,21,252,252,3024,21,420
A71EV2A-x3305a,processed/A71EV2A-x3305a.bin,b724d4b6908128753f2d90994e1f047227dc81328bf34f88a15d7e2b20c54300,23,276,276,3312,23,506
A71EV2A-x3306a,processed/A71EV2A-x3306a.bin,512418d65fd76c5b457a35096a8a79c179a405f2e144634a464fa8f2ffcf3ae3,20,240,240,2880,20,380
A71EV2A-x3324a,processed/A71EV2A-x3324a.bin,9241e1b2370f71f6e3fe23416ba1b2db10d4085e4b042256cdfeaf8117f5d4dc,25,296,296,3518,25,600
A71EV2A-x3579a,processed/A71EV2A-x3579a.bin,ef9491f654dbb95470e886048108d51f268d6324dc401e3227af1b8f85467a49,19,228,228,2736,19,342
A71EV2A-x3371a,processed/A71EV2A-x3371a.bin,8a6bfb2bb180b76fe3ace75e76fd18b895318c15991a620a424e84824e0a6627,21,245,245,2894,21,420
A71EV2A-x3379a,processed/A71EV2A-x3379a.bin,33bda2ed3fcd20525812695ca2a1b2de8b404e8fe4adaa8a7ed3b3b4ea23c405,21,252,252,3024,21,420
A71EV2A-x3392a,processed/A71EV2A-x3392a.bin,38cdd750a92c2b97ee4d141d9e7b857f1df4c189f0313145dd5feb0d1a75ab6d,19,228,228,2736,19,342
A71EV2A-x3403a,processed/A71EV2A-x3403a.bin,b0e67c3844a15930728e1a4f9112063bbe3807e9a27df93152c6af22fd5406c8,19,228,228,2736,19,342
A71EV2A-x3408a,processed/A71EV2A-x3408a.bin,6351ae8425166b4b3f754d668ede307e747e813f22c01b5829078f5a14b67167,14,168,168,2016,14,182
A71EV2A-x3410a,processed/A71EV2A-x3410a.bin,a6931467bff4c8e57423333b0d703a8e5ee1e1befa2c549fd28d95028ff4cd51,21,252,252,3024,21,420
A71EV2A-x3417a,processed/A71EV2A-x3417a.bin,bdb1eb3e4a0241a3e791bb17a6c2a744007c3f7cc8839f95dedb4b5c70fc93d1,16,192,192,2304,16,240
A71EV2A-x3419a,processed/A71EV2A-x3419a.bin,34d6413d420bc176148e53139a3610dde0705bc76b4ba371c3946a65b8740507,22,264,264,3168,22,462
A71EV2A-x3435a,processed/A71EV2A-x3435a.bin,224301a89e809c7c64d4459f0c2d47d86ae721465303ca3e8486e671f62074bb,16,191,191,2285,16,240
A71EV2A-x3436a,processed/A71EV2A-x3436a.bin,f99313652b6fe372ed7a8e587f748c77c09a2aec881a58f1b1ee883d9e1da158,16,192,192,2304,16,240
A71EV2A-x3450a,processed/A71EV2A-x3450a.bin,2c98583c20a14d9a669ac8332aaf5dc1f516f50b270b54bbcc9aad89d0eb11ee,19,228,228,2736,19,342
A71EV2A-x3480a,processed/A71EV2A-x3480a.bin,031d5dd2a6541cfcd93e7c7fc9f6832863199cf91466a02799a5812c1f51b873,21,250,250,2988,21,420
A71EV2A-x3483a,processed/A71EV2A-x3483a.bin,461a088729ca41966c63aac7589854bf66bb3925a95dbb1b81b3da6b7b584093,21,252,252,3024,21,420
A71EV2A-x3485a,processed/A71EV2A-x3485a.bin,09689a6994935c8ba5ac358dba0f7df4de0f96f63c0dfaa76ce9494a8065918c,20,240,240,2880,20,380
A71EV2A-x3488a,processed/A71EV2A-x3488a.bin,a1376d7f83f5583874c29853496377dcec672f88e20ee9a8de8cb9a7e02e5f2f,24,288,288,3456,24,552
A71EV2A-x3489a,processed/A71EV2A-x3489a.bin,1474ba6b60fb003d99811b5d32afd38415907e9a967e49ebdf160e49c5cde13f,22,264,264,3168,22,462
A71EV2A-x3509a,processed/A71EV2A-x3509a.bin,0c5545a0bb7ffd5b17c0613693efc3d5841bb053612f86bdc16b3e34d55017a7,20,239,239,2861,20,380
A71EV2A-x3509b,processed/A71EV2A-x3509b.bin,c45a5f340a510d72f8652b6fc22e4a154467885081fd469aff7f459ada78c3e7,20,239,239,2861,20,380
A71EV2A-x3510a,processed/A71EV2A-x3510a.bin,755cdb56b91a1ec056941cf450307b214d2868510fc227f4a1b3362255d8b05c,19,228,228,2736,19,342
A71EV2A-x3593a,processed/A71EV2A-x3593a.bin,c8db01620a3316a683dceafda4742c750559fa3dd3382dda1912e17602007484,21,252,252,3024,21,420
A71EV2A-x3606a,processed/A71EV2A-x3606a.bin,ed267d00536cf58039866bf20d6719d8b33c2f1d201ac05493b3fee43b1cc268,26,312,312,3744,26,650
A71EV2A-x3612a,processed/A71EV2A-x3612a.bin,d0e3345cf75e79efaa6557a08c4e495448c199ac42e5177eab0c5d8162432f74,19,228,228,2736,19,342
A71EV2A-x3616a,processed/A71EV2A-x3616a.bin,70cb6d83b7779fde54dee09105184bfcb7973bf2aa39de7af9a58534ad450bc3,20,240,240,2880,20,380
A71EV2A-x3616b,processed/A71EV2A-x3616b.bin,786ce50e64a55935e33b33be5d0c6e3c0f303423d6a5103934a7e8d744bc4e4f,20,240,240,2880,20,380
A71EV2A-x3621a,processed/A71EV2A-x3621a.bin,d0f5e46cb33937597a00b850f4aff0c5a3e08c13898c5a8e3096fc2ccea30609,17,204,204,2448,17,272
A71EV2A-x3623a,processed/A71EV2A-x3623a.bin,d06a76f31e6f28b2171b564830c2ebb20a2b880f5071ed0f75c3ca090fb2854b,20,238,238,2843,20,380
A71EV2A-x3634a,processed/A71EV2A-x3634a.bin,f0b00ba08d4551ebe2a24f0b9cc7f19eebffd713ef0377408dcf247ceef9db2e,20,239,239,2862,20,380
A71EV2A-x3663a,processed/A71EV2A-x3663a.bin,ccfff571dbfb95c102c4c0291b3882883c0fbd8134f528f572cd79a59f83a1ce,20,240,240,2880,20,380
A71EV2A-x3665a,processed/A71EV2A-x3665a.bin,04edc0e279445d3fba2742215c7ee6342e14f95e1b128d56cd2b1756a48f58f5,22,264,264,3168,22,462
A71EV2A-x3685a,processed/A71EV2A-x3685a.bin,fcd4a88f179838ea5cfaf2640ecbac6bb28f621ab14fac2c483fc420b8e1fd97,20,240,240,2880,20,380
A71EV2A-x3694a,processed/A71EV2A-x3694a.bin,cf8d2fa03dcc199ea20c762626e9e4929b18cd508be114bc2605de27b0e3e1ee,20,239,239,2862,20,380
A71EV2A-x3694b,processed/A71EV2A-x3694b.bin,d086be68fafcf1bd83835fe349efc9ce5b999d6ea6fc1d94f50c5cfddfae9af7,20,239,239,2862,20,380
A71EV2A-x3706a,processed/A71EV2A-x3706a.bin,4380d6f4f2564cada52fc197a4ae2e6a4b267077be7671b48b0560dd88a16b54,20,240,240,2880,20,380
A71EV2A-x3706b,processed/A71EV2A-x3706b.bin,09174862e3ac6cc2a3acf041d9ff09dcb5dcd9d123ef5f640cf1729074e0c7f1,20,240,240,2880,20,380
A71EV2A-x3521a,processed/A71EV2A-x3521a.bin,f77c89ec4f6d86394fd73e0be30a8355c3825bdbe1ad8ede243475135eda7d2b,23,276,276,3312,23,506
A71EV2A-x3522a,processed/A71EV2A-x3522a.bin,63915076567d5b6548d38f54184b72259a479d8682d0cdc4af96ff99eb01e37d,22,264,264,3168,22,462
A71EV2A-x3522b,processed/A71EV2A-x3522b.bin,12fdb109f8b728562a9d8337bc559c55fc6cc6b3e250ec51472c37272520b2c2,22,264,264,3168,22,462
A71EV2A-x3546a,processed/A71EV2A-x3546a.bin,207fb879032cbb16825e68ca4261db8381507514667c242c5ff9d23e6793c077,21,252,252,3024,21,420
A71EV2A-x3548a,processed/A71EV2A-x3548a.bin,a060b229dfd8ed94036a19a64a338308a4ebaed5e734231ed9258f5d73fcc6c0,20,240,240,2880,20,380
A71EV2A-x3550a,processed/A71EV2A-x3550a.bin,e9454815019be34c6e2aeb758537c1560e4709e8a3d48f90c18986d9fb1ca058,21,252,252,3024,21,420
A71EV2A-x3556a,processed/A71EV2A-x3556a.bin,e0d808a866c228f350b6745b2bd146bff7350e658d7b70525006740af5c2a206,21,252,252,3024,21,420
A71EV2A-x3557a,processed/A71EV2A-x3557a.bin,51c17ca861dcd17f02619d8006bae49265e1c32059daea709a85213877db996a,22,264,264,3168,22,462
A71EV2A-x3557b,processed/A71EV2A-x3557b.bin,4c6328b8d40d2ef92674ffbe37f83a97fbeae9803c012d58e7a3ae52f482da5f,22,264,264,3168,22,462
A71EV2A-x3564a,processed/A71EV2A-x3564a.bin,e28fe9060439be10ba1256ff299683de6d806e11a7ee3e1e98d1a8341c57bd83,19,228,228,2736,19,342
A71EV2A-x3568a,processed/A71EV2A-x3568a.bin,44f48853f8fd7749fb4bfc7a2dba840ad4645ef06a7bbd0860303380b5bbd480,20,239,239,2861,20,380
A71EV2A-x3571a,processed/A71EV2A-x3571a.bin,bb7511564d866e3a7407d8aa805bbbc6598ee7b92d136d3fc898373d3b826ed4,21,252,252,3024,21,420
A71EV2A-x3571b,processed/A71EV2A-x3571b.bin,556ba9296f3b7ba1c814cf9c12bcc497bc6bf040b623d46826aa6f92cab8333e,21,252,252,3024,21,420
A71EV2A-x3849a,processed/A71EV2A-x3849a.bin,987569f81ab226b9b6aa5954735ad6e9dc137d3e1e46d4bc2d79d99be6ed2953,20,239,239,2862,20,380
A71EV2A-x3858a,processed/A71EV2A-x3858a.bin,b047d4163c5b5b5c827b43b7c0f32bccc5e99e43529bcb392d135529fe3e5cb5,21,251,251,3006,21,420
A71EV2A-x3858b,processed/A71EV2A-x3858b.bin,7f6af83cbcf81db4aef608ed10489e3d975b0c08d065fb6ab91da6962e9892a4,21,251,251,3006,21,420
A71EV2A-x3862a,processed/A71EV2A-x3862a.bin,83da66007a9622f353a3bc419bbe3f227342d100de5f1d42527ed22560d5fc7b,22,264,264,3168,22,462
A71EV2A-x3867a,processed/A71EV2A-x3867a.bin,a75e09c8b78afff5fa486706dbfc87e25fb34439d40f7328b7cddfd2968fbb0c,20,240,240,2880,20,380
A71EV2A-x3869a,processed/A71EV2A-x3869a.bin,b5d814589119a741edb4128bf7c2f54b5b10486c10863662ccdd106b7a07eb7e,20,239,239,2862,20,380
A71EV2A-x3883a,processed/A71EV2A-x3883a.bin,ffe4b93c59bd47008bd1a8dbd976c198406ca307768b26d79a181cb945c7934a,22,264,264,3168,22,462
A71EV2A-x3884a,processed/A71EV2A-x3884a.bin,d0c9ab71d5db14ab0fccd6b0fc3d7ddb36a5352600bf9fa7b0521af93eb53a1c,28,336,336,4032,28,756
A71EV2A-x3884b,processed/A71EV2A-x3884b.bin,8a89dfede1e8660bf6cad973d9b7fe4f2b591fbaa67656222e1cba9f9b397ea5,28,336,336,4032,28,756
A71EV2A-x3890a,processed/A71EV2A-x3890a.bin,1769291458516e96ac894dd3f48c75c387136cc71a84e9b3afb1f20820b01cc1,21,252,252,3024,21,420
A71EV2A-x3895a,processed/A71EV2A-x3895a.bin,69c5c98e522b0b3413c11bc33b500bce3268896c20fe70b3753e8570335f4cd7,18,216,216,2592,18,306
A71EV2A-x3901a,processed/A71EV2A-x3901a.bin,22be2ad56d2077e64e62c990e9359fed0fc34ccbaef4c926e0272decb64b4896,20,240,240,2880,20,380
A71EV2A-x3908a,processed/A71EV2A-x3908a.bin,5a61e2f0b52895892aa2e89681519982cea080f1fdd791d3ca385fde393d0887,28,336,336,4032,28,756
A71EV2A-x3914a,processed/A71EV2A-x3914a.bin,23162cad351b6eecc660239e662f59736f833188de689d0b57ee964b185dd79d,22,264,264,3168,22,462
A71EV2A-x3936a,processed/A71EV2A-x3936a.bin,21f0d3737e7d1220bde2b43f21743f3f791a6dcea2c3ff7f3d54eefe518195e0,20,240,240,2880,20,380
A71EV2A-x3937a,processed/A71EV2A-x3937a.bin,6915dc5fe519cab9da4aa872a05128ec5d7192467fed3929e8a6c093a1197861,20,240,240,2880,20,380
A71EV2A-x3939a,processed/A71EV2A-x3939a.bin,e3e945d24d5f10b15bd341cf0ffd345c7f5dfbae2436ae6546bc64c78fd9c6b9,21,252,252,3024,21,420
A71EV2A-x3940a,processed/A71EV2A-x3940a.bin,9829dc5ea33731fff842e80ca186b29d21ee55c4114e38a37650f383cd6a8b9b,21,252,252,3024,21,420
A71EV2A-x3942a,processed/A71EV2A-x3942a.bin,0ee93758bd731fd0d92d53bfc03de2793b3eb5f2dd62924ef1e3fae0bb153563,21,252,252,3024,21,420
A71EV2A-x3944a,processed/A71EV2A-x3944a.bin,c3cc0eb42f31412ec5287d037fd6e5abb864c9a9580420df1cff8254683910b6,27,324,324,3888,27,702
A71EV2A-x3954a,processed/A71EV2A-x3954a.bin,969ad1f3af83193044467b33a40a1ac250644fd9d045b092a3ed640e22831813,22,264,264,3168,22,462
A71EV2A-x3956a,processed/A71EV2A-x3956a.bin,6db37f16ddd9f62f74d6d4b02f631c229b1d5fd6ef8ee67abc33e2500d422366,19,228,228,2736,19,342
A71EV2A-x3968a,processed/A71EV2A-x3968a.bin,be7a9eca26c7e7c4998d6536f18936e9f45de7e4c52f283a8edf8b0c41634c24,25,300,300,3600,25,600
A71EV2A-x3975a,processed/A71EV2A-x3975a.bin,8b4b8b5ab0a94163af3c53aa86f52b4afc4fd09384f5d24d26f6abb1b5cceceb,24,288,288,3456,24,552
A71EV2A-x3977a,processed/A71EV2A-x3977a.bin,8efe09c93d3a369c91b0087bfe220c9907cdb86cbb36607d1c3c4de1943e4cf2,18,215,215,2574,18,306
A71EV2A-x3982a,processed/A71EV2A-x3982a.bin,3c199da64fe880c0f0c4793841316028baae6fd6440980b2e8e7bc07f2b1e3d0,24,288,288,3456,24,552
A71EV2A-x3986a,processed/A71EV2A-x3986a.bin,d4dbbabd8de86cb1e3172ff187ff0da7f3fdb73ecac8bab3175cc5e0c620bc0c,25,300,300,3600,25,600
A71EV2A-x3986b,processed/A71EV2A-x3986b.bin,4f12a74258b1cd4871d64c1d7311d463d61c44add5c730dd34d8539fbe05b29d,25,300,300,3600,25,600
A71EV2A-x3989a,processed/A71EV2A-x3989a.bin,50620019d96c37f92dde0e7b29896e49ea00fb51e72251d6f96bcd17b2056707,22,264,264,3168,22,462
A71EV2A-x3990a,processed/A71EV2A-x3990a.bin,0e3b6efd6783de9b1256e9734d45dbf890ae9c26a3fc53ded1dd0628e09be168,23,276,276,3312,23,506
A71EV2A-x3992a,processed/A71EV2A-x3992a.bin,14cf157476ef76227f10d1459629263517b5b12295c9b0720600b5816dc47501,20,240,240,2880,20,380
A71EV2A-x3992b,processed/A71EV2A-x3992b.bin,4148f748e061ae3e8681ce623ae108cd849ce0dda23642d1ed42e622c4a7cf64,20,240,240,2880,20,380
A71EV2A-x3993a,processed/A71EV2A-x3993a.bin,a055f04040591b0818346fb17207dca4e12d005a399235c38518de8b1947078c,27,324,324,3888,27,702
A71EV2A-x3993b,processed/A71EV2A-x3993b.bin,b58074b70122130bb680a263db8e4ba286ba6796af072e8de910ec1f7c716a22,27,324,324,3888,27,702
A71EV2A-x4018a,processed/A71EV2A-x4018a.bin,99a63f3ef827a2c3c729d88ba86fb9e967cb06b25b55de38a752139d66105596,21,252,252,3024,21,420
A71EV2A-x4018b,processed/A71EV2A-x4018b.bin,5f42417f42b8e88bac720af4adbe46bbc751fdbfdd71ce44010d6bf6758a4dab,21,252,252,3024,21,420
A71EV2A-x4020a,processed/A71EV2A-x4020a.bin,464e5fa5fba10e7cc81c1d53e8e9d1660d09d42221703c1ff745f35cfdf30f12,19,228,228,2736,19,342
A71EV2A-x4020b,processed/A71EV2A-x4020b.bin,7ee0bae89cfa81cf57f8a6d6004cb346e91ad482fc8d63c13ea7bf557d60aaac,19,228,228,2736,19,342
A71EV2A-x4028a,processed/A71EV2A-x4028a.bin,13ae7dc4c39d74820db41e4d3da9d7dcb18e882087526f6d728c7db6cf103de3,24,288,288,3456,24,552
A71EV2A-x4029a,processed/A71EV2A-x4029a.bin,72fe3f55274892398c432671be960f1c3b9d1fef3bfa55c8cdab7a95a4562afc,19,228,228,2736,19,342
A71EV2A-x4031a,processed/A71EV2A-x4031a.bin,d95aee4438a855d04ec639b7560ce6603ae76f22707c2c653534a84e334f107b,20,240,240,2880,20,380
A71EV2A-x4031b,processed/A71EV2A-x4031b.bin,1d6685b921f6cc9036e301249eb730807e0367b465f2a69795cda6e8f90ca785,20,240,240,2880,20,380
A71EV2A-x4032a,processed/A71EV2A-x4032a.bin,a5206b050cd2c993bf95ed05129647eeb316c5a37100d4c434ca2759459db867,20,239,239,2862,20,380
A71EV2A-x4032b,processed/A71EV2A-x4032b.bin,01daa7ee627c9855b4eb88cc1b4e8fe8941c1b0b8d33509e038b95f23d4f46bf,20,239,239,2862,20,380
A71EV2A-x4035a,processed/A71EV2A-x4035a.bin,dd2bf8a387899da78c5f8400e55c2829b84a69fa48b7de2dba18e2b6c2a74b89,21,252,252,3024,21,420
A71EV2A-x4035b,processed/A71EV2A-x4035b.bin,671d1bed0066dd66c84c3e5d43da2c72f411f0ee74f63f037894b591b03605b8,21,252,252,3024,21,420
A71EV2A-x4202a,processed/A71EV2A-x4202a.bin,a67711f7053d4d273f8d559910990a38dd896dd1a591c82fcedef0cef6d4a389,21,252,252,3024,21,420
A71EV2A-x4202b,processed/A71EV2A-x4202b.bin,d17213280155289bdb42f00a19d5a392be809ececaea0d38c813ae9b1b9174f3,21,252,252,3024,21,420
A71EV2A-x4290a,processed/A71EV2A-x4290a.bin,8c536214505dffd57fdf5fedc2946309968da6d1dc1b4351848a9eef9dbbbb11,21,252,252,3024,21,420
A71EV2A-x4291a,processed/A71EV2A-x4291a.bin,53b6aa951313f1ef3fc43acef583e2c15031be1dd700c3326318a382cd4cbf48,21,252,252,3024,21,420
A71EV2A-x4295a,processed/A71EV2A-x4295a.bin,a2d31f537fe500a2fdff3dcafd24f185d4866a3ee289aa60609000d1da920c64,20,240,240,2880,20,380
A71EV2A-x4298a,processed/A71EV2A-x4298a.bin,55a57c31fd8f6a13a400ff75bf12bdfb9441110c20da7ffff213fc938b9b6724,20,240,240,2880,20,380
A71EV2A-x4305a,processed/A71EV2A-x4305a.bin,8fa705276d054ff2c3e75e68009d70a93ec59270b019bb64ecf31a26319b7c06,22,264,264,3168,22,462
A71EV2A-x4306a,processed/A71EV2A-x4306a.bin,35898c6b616dccd48ef9de45d89df1772b17be47237de6fed39a15cc02dce109,24,288,288,3456,24,552
A71EV2A-x4308a,processed/A71EV2A-x4308a.bin,56f5f8fb5baed371e4fde083c7b7e325145fcd4d71157cc42b419a767e92f44f,22,264,264,3168,22,462
A71EV2A-x4309a,processed/A71EV2A-x4309a.bin,f98b4a3f63d57f145c32410f8ca2fd51dc71c41304fadfa118cd2cbb436033b3,25,299,299,3583,25,600
A71EV2A-x4309b,processed/A71EV2A-x4309b.bin,632cc5b5bb7fe23e9e342dcd7e3a846b1778bf79af9679b728b03605cce2c137,25,299,299,3583,25,600
A71EV2A-x4310a,processed/A71EV2A-x4310a.bin,72a1b9c209c920e74f9ae9e13f130b26435a16e939207bac69daa88eacd4a103,24,288,288,3456,24,552
A71EV2A-x4310b,processed/A71EV2A-x4310b.bin,89219876ee6216433dbafdf26da16df8ea27a314b241749ae0be6c75ebda6db1,24,288,288,3456,24,552
A71EV2A-x4311a,processed/A71EV2A-x4311a.bin,13e5f89e21412ffee33e1cdbf5c609788c9873de6a2db9bde2bafea7d261ed96,22,264,264,3168,22,462
A71EV2A-x4312a,processed/A71EV2A-x4312a.bin,b634f8cf2d63f8afc0620be45a829356f30cdbc7b59c1a60bab1b1c32e487829,19,228,228,2736,19,342
A71EV2A-x4313a,processed/A71EV2A-x4313a.bin,1795117eabbdcd0b28ad74f02ef7e6cf87eb54ff79c39144f8ed4adf39113fd6,20,240,240,2880,20,380
A71EV2A-x4316a,processed/A71EV2A-x4316a.bin,7a8ab69bf124dc2a024c4480313dd8fd5ccf94448ecb0084e94b989fe3a47e37,21,252,252,3024,21,420
A71EV2A-x4319a,processed/A71EV2A-x4319a.bin,95f03a0ab56a8d5fb9ecd65026711b15cf26031d3f8b964ed66c1da5df908554,22,264,264,3168,22,462
A71EV2A-x4320a,processed/A71EV2A-x4320a.bin,2f9c94c45a4f685fac669bc50a940b447da44bb60a5bdbce105cd4fbf38a9f21,23,275,275,3293,23,506
A71EV2A-x4321a,processed/A71EV2A-x4321a.bin,f6ec19c6f4499d09c120a724a2cdc60b6b36fde8769a1225cab7a2ed2914cc35,21,252,252,3024,21,420
A71EV2A-x4321b,processed/A71EV2A-x4321b.bin,342eaf898b29f6e25c29b3933ecd976916b2860d39a8eecfe610c71ea8c5fc17,21,252,252,3024,21,420
A71EV2A-x4322a,processed/A71EV2A-x4322a.bin,5be226082b09ed23b26c471db830e15f0d55338960e5111c6864ac165e356273,22,264,264,3168,22,462
A71EV2A-x4334a,processed/A71EV2A-x4334a.bin,2273322dca7365f5810f753005ff5792f498c31f98ef7045002912a5c5dda009,20,240,240,2880,20,380
A71EV2A-x4334b,processed/A71EV2A-x4334b.bin,edf46bf535bceec536e556973c7ff8bef489b35d812b904836ca36323d7aea91,20,239,239,2861,20,380
A71EV2A-x4336a,processed/A71EV2A-x4336a.bin,a2eb42b78bd1185f0f1da1b75daced99e4faf6fe2617111f800f99b80b6834cc,20,240,240,2880,20,380
A71EV2A-x4341a,processed/A71EV2A-x4341a.bin,51665033fccf196d827f42792162ce97576d54e4b2d45d9ee7be9c6e32ed41b0,21,252,252,3024,21,420
A71EV2A-x4344a,processed/A71EV2A-x4344a.bin,a245d7fe1444ed7cc681be0931761fd0740c2d794cc95cdc75282b88ebd45b3e,21,252,252,3024,21,420
A71EV2A-x4347a,processed/A71EV2A-x4347a.bin,0d479f07aeceeccbae3ff5ac880895e6f0c15a05d1c6a8b39ab0fc69f3e0537e,20,240,240,2880,20,380
A71EV2A-x4351a,processed/A71EV2A-x4351a.bin,663572eed61c87154d73c2c61167f6be1dc76ef24e7fbc82add00e1d3ba7ebc1,20,240,240,2880,20,380
A71EV2A-x4368a,processed/A71EV2A-x4368a.bin,ca2ad13ea3c2295619fdbfbb4a02d556e4dec034382082b4e2f98e197118c8d0,21,252,252,3024,21,420
A71EV2A-x4372a,processed/A71EV2A-x4372a.bin,23a15528228ed94b9a9e079be30b5a3bc2e26c39ce34126d65434c027ae8d99d,19,228,228,2736,19,342
A71EV2A-x4374a,processed/A71EV2A-x4374a.bin,cd5c108148a7d03aebb50f4348858daeb5b47a3f1070d42efae79cfa397ee2a4,20,240,240,2880,20,380
A71EV2A-x4374b,processed/A71EV2A-x4374b.bin,e50753f0ce301706aaf6007e610d0393e9f2d0362c318925e4d77446e4ab19ed,20,240,240,2880,20,380
A71EV2A-x4381a,processed/A71EV2A-x4381a.bin,95794b3828894b5a63902d4d19da17ae78fb89fde9041559f5cd320f00c0875b,26,312,312,3744,26,650
A71EV2A-x4203a,processed/A71EV2A-x4203a.bin,b5c7ae7ae1e52abec199b489f9047362875f4675b55321bf20a63ab659ec5f26,21,251,251,3006,21,420
A71EV2A-x4207a,processed/A71EV2A-x4207a.bin,82cd7740dd82845665ad02febd4c36d7e0e81192fb1547d0471aa10ec409a390,24,288,288,3456,24,552
A71EV2A-x4207b,processed/A71EV2A-x4207b.bin,61fb38d5e3aa87b126b1ffce3c7d1fe82310447abf64f835095bfbeca3a06d17,24,288,288,3456,24,552
A71EV2A-x4209a,processed/A71EV2A-x4209a.bin,ed61dbcd2a508144ff7f1efeee8d15b88dd96c047ef02075327ec1a63e44427a,21,252,252,3024,21,420
A71EV2A-x4214a,processed/A71EV2A-x4214a.bin,066e81549ca0c83e1d4b7e060551fd45c8c078cafc88f774be32cf93aef9cccd,20,240,240,2880,20,380
A71EV2A-x4214b,processed/A71EV2A-x4214b.bin,9681578b82aaee7e2456eef602144568de0b759e308d09e5c71cfc43a8277639,20,240,240,2880,20,380
A71EV2A-x4237a,processed/A71EV2A-x4237a.bin,2471b8a4fe1d9232037fc301851fc72de81aca43c0d015c3dcf6147da615a5ef,26,312,312,3744,26,650
A71EV2A-x4237b,processed/A71EV2A-x4237b.bin,36af08acec47770f82ac0753bc841c258b838adf9e8b9efe3a561c1e5c403ba1,26,312,312,3744,26,650
A71EV2A-x4237c,processed/A71EV2A-x4237c.bin,4b600c69a2f9714813a435454a7e480045ca12c4c6c9a1dafd2f152fedddb54d,26,312,312,3744,26,650
A71EV2A-x4237d,processed/A71EV2A-x4237d.bin,0cd8034477b91a4d1e154f2eea076698d11a608cfd2492a94f0b57d1f83b3a05,26,312,312,3744,26,650
A71EV2A-x4239a,processed/A71EV2A-x4239a.bin,eb4a81bd3a045f8302ea025047585bdcb93358751b2fa4d2ccbbc89618a3888c,23,276,276,3312,23,506
A71EV2A-x4260a,processed/A71EV2A-x4260a.bin,1b3b32d9cad0436bc3dd50f3573fe1f7fd09828703ad151507df71b22378153e,22,264,264,3168,22,462
A71EV2A-x4274a,processed/A71EV2A-x4274a.bin,6820476757854c0a798b7d03c7d39e220bced2201a0f07b23b95d0b8d828323a,18,216,216,2592,18,306
A71EV2A-x4274b,processed/A71EV2A-x4274b.bin,0c0064c58c26a75fe056963f6c6bfba5aab63d111ed0d2168c28bb124d3f2871,18,216,216,2592,18,306
A71EV2A-x4283a,processed/A71EV2A-x4283a.bin,bb04d7bf0c72e47bc113f5c69f10bf2e30c2146c3b2e11a5f13498990ce687f2,20,240,240,2880,20,380
A71EV2A-x4283b,processed/A71EV2A-x4283b.bin,8a98b22c7b1c587f94fbcefaeaf110e2a86aceafc913df83af62a50c92c659ee,20,240,240,2880,20,380
A71EV2A-x4386a,processed/A71EV2A-x4386a.bin,ac9897cceb0f384901be110df7d59d35465bc90a1325a2e6806aa1a51c98f5ab,20,240,240,2880,20,380
A71EV2A-x4388a,processed/A71EV2A-x4388a.bin,21cef4c9ec99e09c50b00420dc4692c3b2505259d315a54152c1c1fc6afff322,21,252,252,3024,21,420
A71EV2A-x4402a,processed/A71EV2A-x4402a.bin,7337836164e23aa220b6ac1d1f04472c3fcff49d61720dc8f42f78e8aa5b75d1,19,228,228,2736,19,342
A71EV2A-x4403a,processed/A71EV2A-x4403a.bin,80eecafea1f92cc5102f28dacc7f0e9f4df22a6a10e633635c5e46ce482027cb,23,275,275,3294,23,506
A71EV2A-x4406a,processed/A71EV2A-x4406a.bin,5554306b646161aaa7a1e5b62288496a46eac73d10a0d2e3c2c376f3f1c15a67,21,252,252,3024,21,420
A71EV2A-x4409a,processed/A71EV2A-x4409a.bin,d102ab9cd4256400d25e23e8808ca7cc08587be318cbe315029d4ac73d832499,21,252,252,3024,21,420
A71EV2A-x4416a,processed/A71EV2A-x4416a.bin,0b7bc0dbd0d253390878bdd579db30d42f63a5d6cd940fc1fb513fcb12381b06,25,300,300,3600,25,600
A71EV2A-x4418a,processed/A71EV2A-x4418a.bin,73675d4bf187a66e17c708254a952b821cc0155d27111018583292915e1ea8d8,19,228,228,2736,19,342
A71EV2A-x4426a,processed/A71EV2A-x4426a.bin,38deca4efea6a1054b5e696ba87d9d12cc16d257f75456bc2c2b79961e61cfc4,21,252,252,3024,21,420
A71EV2A-x4429a,processed/A71EV2A-x4429a.bin,f9af87b9ef0ad240b01cb003865fcaa4b89f8e97ee239682510a4b6b3948ea49,24,288,288,3456,24,552
A71EV2A-x4431a,processed/A71EV2A-x4431a.bin,daacb0db88ba0580bf44c1a5692ba6bd833baeea1f47d53f5a184cc81bd934f6,21,252,252,3024,21,420
A71EV2A-x4445a,processed/A71EV2A-x4445a.bin,894ee9ea3058065969f1bd8d623e77aed413070ce03e5a0ef80572193c2cab24,21,252,252,3024,21,420
A71EV2A-x4445b,processed/A71EV2A-x4445b.bin,6bb4f1782b1c6a782e1ca17da6fd8051770ba19d9f89b91bc38f92984e4fb179,21,252,252,3024,21,420
A71EV2A-x4447a,processed/A71EV2A-x4447a.bin,5266d0a27717d066756cbcfe2bcf5789fc3ac5c10adb250acf14d06955834359,22,264,264,3168,22,462
A71EV2A-x4447b,processed/A71EV2A-x4447b.bin,e7068b7667d2ff6bfe59e93eea0bc685b83b89bc2173d56d6b15785915b187e4,22,264,264,3168,22,462
A71EV2A-x4449a,processed/A71EV2A-x4449a.bin,09466b65d3ffde340dd7a5b78444d61c191c0b862734bd5534d7ed5408ed6560,24,288,288,3456,24,552
A71EV2A-x4449b,processed/A71EV2A-x4449b.bin,e63b9c59cac101cda8f183fa932d962678f6c2b2c0a9318b8d399459cf19a9e0,24,288,288,3456,24,552
A71EV2A-x4451a,processed/A71EV2A-x4451a.bin,149cbd2d44126e320dc414875cee973c9d3043eab908bed9302861602b11f253,23,276,276,3312,23,506
A71EV2A-x4451b,processed/A71EV2A-x4451b.bin,65049a7f26bcf7facd08933f7ec301c22e05c2ce0973fc7ee216dfcec798f014,23,276,276,3312,23,506
A71EV2A-x4456a,processed/A71EV2A-x4456a.bin,8678ca9d315c1124785fe8c92d4e8b0b2e56760d8ed603ce346357d0dcfb587f,21,252,252,3024,21,420
A71EV2A-x4456b,processed/A71EV2A-x4456b.bin,331b98cf78ca72dfd66eee3e9473995461bdfba8071458bba8020891a0cdc166,21,252,252,3024,21,420
A71EV2A-x4461a,processed/A71EV2A-x4461a.bin,15dc0f361cbeb6d29132f3cd80612ee95af912b7528ade72e60a74209ee8507e,19,227,227,2716,19,342
A71EV2A-x4463a,processed/A71EV2A-x4463a.bin,9797130e7402e304f06345b01f22911a7b86c37813cfc5378d5f98dd83ca554a,21,252,252,3024,21,420
A71EV2A-x4464a,processed/A71EV2A-x4464a.bin,98f004c0bc97eff9246e14dd2bfba44ee69d3e2550d7f299a9c2df2667404042,20,240,240,2880,20,380
A71EV2A-x4472a,processed/A71EV2A-x4472a.bin,123d433732756c33dae204d89cbe750057a8f65372739d33531483c031b627fa,19,228,228,2736,19,342
A71EV2A-x4476a,processed/A71EV2A-x4476a.bin,f51d2ca836ffc185ff31656611e89ca78856786b7a58847b95d4f279b731ac93,21,252,252,3024,21,420
A71EV2A-x4510a,processed/A71EV2A-x4510a.bin,5a0323a81accb568470cd11336315cc305de357d3ac5ec800cca49dcec8d5af7,23,276,276,3312,23,506
A71EV2A-x4514a,processed/A71EV2A-x4514a.bin,37db65a52fc1dbf1d71c7294bea436bcf612adaa37c0bc04dc8136f4c40fe9db,20,240,240,2880,20,380
A71EV2A-x4519a,processed/A71EV2A-x4519a.bin,15f5ab0c1f52e9efa656244bb5654626f8700c0e9fc453963cc9fadae3b5c10c,22,264,264,3168,22,462
A71EV2A-x4519b,processed/A71EV2A-x4519b.bin,4a53405575213e4c1af00c013cb995a8c7b27cd7a6538ffe23f6d001506777cf,22,264,264,3168,22,462
A71EV2A-x4524a,processed/A71EV2A-x4524a.bin,481d6deaf9a40b8571d48c647e21fcd5641fd71442ecf8f34b73da45c79bd7a1,21,250,250,2988,21,420
A71EV2A-x4540a,processed/A71EV2A-x4540a.bin,0cb63ff54a1286f9691edd282b533ca2b81d30ede82742ec5b0fbd527c005e7a,21,252,252,3024,21,420
A71EV2A-x4547a,processed/A71EV2A-x4547a.bin,554f90e64ee14aa91b99eeeb0d6c55d43f013d0d0e1ee641870304a767b9bd95,21,252,252,3024,21,420
A71EV2A-x4554a,processed/A71EV2A-x4554a.bin,9b3a147fb38a1bd5d7cfeed16bfe56b45b06ebac279353c7173213668a858ab5,22,264,264,3168,22,462
A71EV2A-x4571a,processed/A71EV2A-x4571a.bin,c6674766b8e2684025e04e14212e5b22292e60bd5818377eadf98c9580e8930e,23,276,276,3312,23,506
A71EV2A-x4575a,processed/A71EV2A-x4575a.bin,265468018384aba350be9089953915605b1d6db9ec1428a099ff85ef979981af,20,240,240,2880,20,380
A71EV2A-x4580a,processed/A71EV2A-x4580a.bin,eb5cb18ebc0f0eebf28e708056442be18a730f512f9e0565f00def26c500d838,22,264,264,3168,22,462
A71EV2A-x4580b,processed/A71EV2A-x4580b.bin,72aea5437bebc1eb205af1a1d9825852d54cc87da97da366506422c837168326,22,264,264,3168,22,462
A71EV2A-x4583a,processed/A71EV2A-x4583a.bin,35d31ff643a1954a6cc1eac0a8bf1969ee97b1a85e839637e90362396eda840c,21,252,252,3024,21,420
A71EV2A-x4583b,processed/A71EV2A-x4583b.bin,f9f28508bd2812d71dd7ea29aeb077ee22f877672a83b986de0db58a19f2fcee,21,252,252,3024,21,420
A71EV2A-x4596a,processed/A71EV2A-x4596a.bin,30b9fb5909556960d84e6c3f740ab2b4cf69d62c1796b222df27a55d04493415,20,240,240,2880,20,380
A71EV2A-x4596b,processed/A71EV2A-x4596b.bin,cd6097cd38b30dee903f0bc1558cdd79795c3fc6c04c62aab6aaf919b840641a,20,240,240,2880,20,380
A71EV2A-x4606a,processed/A71EV2A-x4606a.bin,f63cf487f49e32eb3920b270c79ad86c7536dc9d55be82a718f24e1749c5bb90,20,240,240,2880,20,380
A71EV2A-x4606b,processed/A71EV2A-x4606b.bin,261d8efba83353770c7d889e406bc6124fa98fab6ac517468c57d3fc0f5eefa4,20,240,240,2880,20,380
A71EV2A-x4608a,processed/A71EV2A-x4608a.bin,78a4f55141d911cc21ae4cf9a760b04291f41a0445aee574d28ac8fc49b65b5d,21,252,252,3024,21,420
A71EV2A-x4654a,processed/A71EV2A-x4654a.bin,dd5e2de8880923142f20cff3d9a98ce508d35cb1e9de24def1906157f7d31cfb,24,288,288,3456,24,552
A71EV2A-x4656a,processed/A71EV2A-x4656a.bin,d2e30b0a8ea98aff84e9c00a12aacf0fcc892c1e8d5ae3175e93ca2b530b0ffd,22,264,264,3168,22,462
A71EV2A-x4661a,processed/A71EV2A-x4661a.bin,6c59c86147b93d489f81dd9a1bd683e4585005523fa8a3d136e2579fba883a9f,20,240,240,2880,20,380
A71EV2A-x4669a,processed/A71EV2A-x4669a.bin,75c3decdfc876eacfc62e701b32105ae2305ee8011411f7abbdea3ce528ef9cf,23,276,276,3312,23,506
A71EV2A-x4669b,processed/A71EV2A-x4669b.bin,9e8a86e646cc55bd0509b0a99ba4b35ac93b05c740b22aa870f40f216fd8b52d,23,276,276,3312,23,506
A71EV2A-x4670a,processed/A71EV2A-x4670a.bin,31c99539933247c29e76101d15c9b89a27355495d5d1b6cc45ec9e2516769716,21,252,252,3024,21,420
A71EV2A-x4674a,processed/A71EV2A-x4674a.bin,7d64edcbd315874b3285c39091df0d2affef978f9bfa341701e82f1aa5f2d81d,22,264,264,3168,22,462
A71EV2A-x4674b,processed/A71EV2A-x4674b.bin,f866cec75fcaff97223487f236d92b481473cba05151e8c894e75777c6a5667a,22,264,264,3168,22,462
A71EV2A-x4674c,processed/A71EV2A-x4674c.bin,33de2fd0f1ef4258f7b999b7aa14b3d805a1a68d1d6fd3167b87a4486b8f9b52,22,264,264,3168,22,462
A71EV2A-x4675a,processed/A71EV2A-x4675a.bin,2830c390501b37e3e1b271e5741bd4ba7957044ea99132ecb5b2d02da5968426,22,264,264,3168,22,462
A71EV2A-x4684a,processed/A71EV2A-x4684a.bin,02e22d9a1ceb6aead9c0483b47841eb288e929bb78db310e7c93cc310077b2ae,20,240,240,2880,20,380
A71EV2A-x4689a,processed/A71EV2A-x4689a.bin,8465a6e3885dae45bad05cabffb0e83faea9ecded5f6347194f6aff1ae495909,20,240,240,2880,20,380
A71EV2A-x4694a,processed/A71EV2A-x4694a.bin,9bb95a26d8861cd936e10dcbbed8961feca73df2fe94c074eed3af30a5db5501,19,228,228,2736,19,342
A71EV2A-x4701a,processed/A71EV2A-x4701a.bin,55d0ac1e513555e4c7936a23c67b74b1f1070063ac74255c901933fa401602d7,18,215,215,2575,18,306
A71EV2A-x4703a,processed/A71EV2A-x4703a.bin,4426182432df037a2e129af25e0069c7c0d843cbf59501ee96b656d2ac30299c,20,240,240,2880,20,380
A71EV2A-x4706a,processed/A71EV2A-x4706a.bin,824011f152445f067213ba38c005d47fd2b36205a6abbd7bc6c8b1033ccd22e4,17,203,203,2431,17,272
A71EV2A-x4707a,processed/A71EV2A-x4707a.bin,fdd2452e3621e6570c5d28e146552b44f693929644d1b5bff8e9077a61cb3a20,16,192,192,2304,16,240
A71EV2A-x4708a,processed/A71EV2A-x4708a.bin,a6be415ff669bbbacff8b59977f5285718639a78f6a004bb5490add3ab01ed4c,18,216,216,2592,18,306
A71EV2A-x4710a,processed/A71EV2A-x4710a.bin,4a148bef456f117af8586e869758435f607c35992fd5fe6872c746351c42a4fc,19,228,228,2736,19,342
A71EV2A-x4712a,processed/A71EV2A-x4712a.bin,55120de92c066a023599c17f40683e7facd87f5b7adb3d83f33e352032c4db2c,21,252,252,3024,21,420
A71EV2A-x4721a,processed/A71EV2A-x4721a.bin,8b34b73503db395c1fae3f5972684ffa044a7198c5365b2977f04b2852a67057,18,216,216,2592,18,306
A71EV2A-x4724a,processed/A71EV2A-x4724a.bin,61e65e5d37f2cb1f6d5df10478e04fb1197b5b0cff77b13462b5c743630b9e2c,22,264,264,3168,22,462
A71EV2A-x4727a,processed/A71EV2A-x4727a.bin,ae912b6eaa33603bd5967da849faa0bcd8e2f8cdfca25f26c37f3e5f5320559b,21,252,252,3024,21,420
A71EV2A-x4735a,processed/A71EV2A-x4735a.bin,2b65ff51ed214df6d14414d27fdc7715b6f19a341ebe519ad03311a8878316ec,21,252,252,3024,21,420
A71EV2A-x4736a,processed/A71EV2A-x4736a.bin,185e43cf1211268698ae2ffae68d15c8a4fa47e4c5f9aed3b9d8adb671b96bde,17,204,204,2448,17,272
A71EV2A-x4739a,processed/A71EV2A-x4739a.bin,60ee748f8bb9e976904bfdd904b359ed338049efb8ddaaa66be3ed5f0ccb47e5,21,252,252,3024,21,420
A71EV2A-x4745a,processed/A71EV2A-x4745a.bin,ff8c49e0f68c0b36da6fb5f421ec68a4368024a56f3cdbfd00762faca3137f24,21,252,252,3024,21,420
A71EV2A-x4746a,processed/A71EV2A-x4746a.bin,d4fbf006b8b13c9cdc5866874b4f904e304c62307b15574f53516b50b8ea1535,20,240,240,2880,20,380
A71EV2A-x4751a,processed/A71EV2A-x4751a.bin,600724ba84730841b7065c777dddf96c3dad3e67769e674bb0586a2a88fd68f5,19,228,228,2736,19,342
A71EV2A-x4753a,processed/A71EV2A-x4753a.bin,9f5a0e48edd7b966f4497addbac238ef2d65cecc92fa650fd3008c88cc5a36d1,21,252,252,3024,21,420
A71EV2A-x4774a,processed/A71EV2A-x4774a.bin,20092a5045c372df858212208d5443ad806d283df8d0d856b39b18375abd2ebd,20,240,240,2880,20,380
A71EV2A-x4778a,processed/A71EV2A-x4778a.bin,01d87eba74358108f424ec0ba422cc3c57e2f2ef699969c9769a31655871d373,24,288,288,3456,24,552
A71EV2A-x4791a,processed/A71EV2A-x4791a.bin,21fd9c5983e7f1bb446fbe18d3fdc0ebf188f13e44385846fe68c2d7c926849d,21,252,252,3024,21,420
A71EV2A-x4794a,processed/A71EV2A-x4794a.bin,2a0f07794fe51c4b9be6cd48c90b6d799ebb85535fd616fef268f9b3e4d18e6c,18,216,216,2592,18,306
A71EV2A-x4809a,processed/A71EV2A-x4809a.bin,a4554a31053ddd0be1b44ee9fc6c12aeb82da9858313686be86e7ff75d754df5,20,238,238,2846,20,380
A71EV2A-x4812a,processed/A71EV2A-x4812a.bin,4a8d29b91641fc95d3c505387034854c449fae1f6b034de38f8a04835c7498ad,20,240,240,2880,20,380
A71EV2A-x4824a,processed/A71EV2A-x4824a.bin,fc949ded7d87170d6e2074bb13924f232ef74002c11f3db069dac4d66a478761,20,240,240,2880,20,380
A71EV2A-x4824b,processed/A71EV2A-x4824b.bin,05d3bc16ece6bd038c03f69a765e39f0d13b697961436eccb7a1cb69eeb37ecf,20,240,240,2880,20,380
A71EV2A-x4826a,processed/A71EV2A-x4826a.bin,d5e851a88026c2db6488960c60c06461b6c0adf4eb433010b32ad3d728f40fd5,20,240,240,2880,20,380
A71EV2A-x4826b,processed/A71EV2A-x4826b.bin,9ac7a93a7d404077fbe15d68bf14fcd4402ffe42cdae8a8aa95da0dd6097718e,20,240,240,2880,20,380
A71EV2A-x4827a,processed/A71EV2A-x4827a.bin,a23e676ad873b7ace88f66952c9eeb9a411c83eb94dfcdc3bd7baab5380c3495,20,240,240,2880,20,380
A71EV2A-x4827b,processed/A71EV2A-x4827b.bin,b045c9c596a702e56aece63970ac845f984b9b174a79e169e26b736347c7d62a,20,240,240,2880,20,380
A71EV2A-x4829a,processed/A71EV2A-x4829a.bin,ac71047984dfcf31b9e103d03193537a1db3cff98bb51f9558b0cb3e94bc1af8,21,252,252,3024,21,420
A71EV2A-x4829b,processed/A71EV2A-x4829b.bin,020e09943064def9b744a61d75ace53e54d8c7723846f69a71ef2c7a7cb26eb7,21,252,252,3024,21,420
A71EV2A-x4840a,processed/A71EV2A-x4840a.bin,c5ea5065841d4ad2e72adc644cf427386f91c42dbf71064b0aa3ace4013bae6d,21,252,252,3024,21,420
A71EV2A-x4843a,processed/A71EV2A-x4843a.bin,773bcc2c163c433d6fb86363b16b8791083187dd8ed91bc2406d163c78dbaf22,25,300,300,3600,25,600
A71EV2A-x4845a,processed/A71EV2A-x4845a.bin,85063b4e3bf79dd69ea0e51685113a9493bd2a4ea4ad2b31e57214e195261818,23,275,275,3294,23,506
A71EV2A-x4851a,processed/A71EV2A-x4851a.bin,16a88e2354fd0d1f3ca26cfaf2b40bf5f7931a65247a5a47ed073dbef284a8d9,21,252,252,3024,21,420
A71EV2A-x4856a,processed/A71EV2A-x4856a.bin,c395721f9078f879e1c853b211f497aabb856262bc28c51bfc50ce9dfca2eb2c,20,240,240,2880,20,380
A71EV2A-x4873a,processed/A71EV2A-x4873a.bin,41b1f1766c549a03161e9556d68831a290a568bf90791bc5fa7cf46a8aa0d6b6,21,251,251,3006,21,420
A71EV2A-x4873b,processed/A71EV2A-x4873b.bin,a22266aa89cf41d5dc5a653b14e3783b329856a32a0a69a10c9e73c16d1a2d15,21,251,251,3005,21,420
A71EV2A-x4883a,processed/A71EV2A-x4883a.bin,036455b5d2f7a74b514d29bdeeef7a4abaff19019eef79dddf118dfdff331dd0,20,240,240,2880,20,380
A71EV2A-x4883b,processed/A71EV2A-x4883b.bin,1dc4c0459af90203b808fe845de9a1f9e97806c637c3be304d283db70c824048,20,240,240,2880,20,380
A71EV2A-x4885a,processed/A71EV2A-x4885a.bin,3206699f804167e4731471e0a39af101a998390605d828aed566f950c4f8a9ce,21,252,252,3024,21,420
A71EV2A-x4885b,processed/A71EV2A-x4885b.bin,5bb6e2baba06957bfc0f2cdf6c7bfdf85cfd964e3f6f71fcb662b10974269ca6,21,252,252,3024,21,420
A71EV2A-x4894a,processed/A71EV2A-x4894a.bin,9f14bbbb2804833e90fc0886fc2909a5f1cd2586b04e9ac427402e49680b3386,21,252,252,3024,21,420
A71EV2A-x4895a,processed/A71EV2A-x4895a.bin,4e43daa583e1e218bde29b678ce78634585604f454336fc8733f879ec87fcedf,21,252,252,3024,21,420
A71EV2A-x4895b,processed/A71EV2A-x4895b.bin,95c863e086d4b521f11a92c8e5a94101da8453ca4e2d4e7a69d15979ae388314,21,252,252,3024,21,420
A71EV2A-x4899a,processed/A71EV2A-x4899a.bin,a92dcbf5ae2ad9389ae35e66ae5e00abb98bf0b33f813528d7ad58f685567463,21,252,252,3024,21,420
A71EV2A-x4899b,processed/A71EV2A-x4899b.bin,520f42614f747ca77c726e11681626256a15c0803bf961b21f44007cb273a8c2,21,252,252,3024,21,420
A71EV2A-x4903a,processed/A71EV2A-x4903a.bin,fbe09687e2029bf56443ade6bb7283f8c0d28c6250a9047d37206cc7905a0b6f,21,252,252,3024,21,420
A71EV2A-x4903b,processed/A71EV2A-x4903b.bin,b13f3641043e55eb3bad889020dc8da41bc126f9bbe67704735fe9a04c1b3ad4,21,252,252,3024,21,420
A71EV2A-x4914a,processed/A71EV2A-x4914a.bin,fc6f47938f97a79bd3c52cad46e1a4911d8e5b66eff7dbcf0a43f4d7dcd90475,20,240,240,2880,20,380
A71EV2A-x4918a,processed/A71EV2A-x4918a.bin,94869f1b1ab626bfea6a68ad31f09fe11aedfd050f6e2178942f1ce0eb683cda,20,240,240,2880,20,380
A71EV2A-x4922a,processed/A71EV2A-x4922a.bin,13f5125789c2831296bdbcc0c166ed4a32d944dd6bace60791f17d2218aebbd0,18,216,216,2592,18,306
A71EV2A-x4924a,processed/A71EV2A-x4924a.bin,ac5292efd8a320ee662ccb97014e058e5918d5c57ff217bcce969c532c297190,18,216,216,2592,18,306
A71EV2A-x4963a,processed/A71EV2A-x4963a.bin,d959d45b029fb8236e1c4ebf08f32009297b6da31492a5df3a2ab1a3a212f4da,23,276,276,3312,23,506
A71EV2A-x4963b,processed/A71EV2A-x4963b.bin,4332fe6e03fb971e4c449f8a9c00e8382f428889eb57c93fac21300f9c80008a,23,276,276,3312,23,506
A71EV2A-x4974a,processed/A71EV2A-x4974a.bin,1e9465255d33a4148e67b6fad1446dedc5c239b0ac107d3cfeb63044ece258ec,21,252,252,3024,21,420
A71EV2A-x4977a,processed/A71EV2A-x4977a.bin,a3b9926ceb3c9ff67c92207ecf0ba4849c27c6d6ecec4b603bfa56f5a178320a,24,288,288,3456,24,552
A71EV2A-x4977b,processed/A71EV2A-x4977b.bin,0dd949db7b435916184edcbb31e792286b16838d15f2d12fba4092e35709864f,24,288,288,3456,24,552
A71EV2A-x4979a,processed/A71EV2A-x4979a.bin,13135799a965224ace061a5988aa11edffcc1e881f381140604ca5a2513b2e84,19,228,228,2736,19,342
A71EV2A-x4979b,processed/A71EV2A-x4979b.bin,d40a4fa52bf36c18912e19a87f40b2eebfc88d0fa3ff963de5108bd227648943,19,228,228,2736,19,342
A71EV2A-x4986a,processed/A71EV2A-x4986a.bin,f3ca81382c5ae7a3f8d5e2931fb18a66a9c75788bc87fcb6360b2b14ea1210d4,26,312,312,3744,26,650
A71EV2A-x4935a,processed/A71EV2A-x4935a.bin,de79b6256ee112da873ad90c7ef1a0961a21abc04fecb435a1b9e2d5577b4c3c,19,228,228,2736,19,342
A71EV2A-x4940a,processed/A71EV2A-x4940a.bin,e5d0fcd48b266d448ddc15ac2fb9bc394a26cbf05ce54f15efdd92f336863235,21,252,252,3024,21,420
A71EV2A-x4943a,processed/A71EV2A-x4943a.bin,1ca20d1f2ab2f82ba0e572dea1755af5682b61df4fc9b9acf200e6434ebac8b2,21,252,252,3024,21,420
A71EV2A-x4943b,processed/A71EV2A-x4943b.bin,ef80f1f59e51b47e78789eb9e4a68c3e75930f9f1a6c8a040d170ae347e823fc,21,252,252,3024,21,420
A71EV2A-x4954a,processed/A71EV2A-x4954a.bin,3ffdb7bfe2a4ecfeec8d0bf0ed7e21f56de62405d551838b2cfa3f26352c6834,18,216,216,2592,18,306
A71EV2A-x4992a,processed/A71EV2A-x4992a.bin,487338848bbece73d2d5c7789c8d81201fe2a0fb674d61ae8c7b952c53a9fd43,19,228,228,2736,19,342
A71EV2A-x4994a,processed/A71EV2A-x4994a.bin,9766c2cc7f1dc057e61f18e3064793dd0f476af33f874b1dfcf212bbbbb8aac7,20,240,240,2880,20,380
A71EV2A-x5015a,processed/A71EV2A-x5015a.bin,620d5e7578553dc35e31ddf4f1829ca67b95c82fb175cc752b264467beb98c89,20,240,240,2880,20,380
A71EV2A-x5015b,processed/A71EV2A-x5015b.bin,756fa8d627ef8c17fa6af2f392ddc2bb5a19115c4347e638b53130dcfdeb918a,20,238,238,2842,20,380
A71EV2A-x5022a,processed/A71EV2A-x5022a.bin,ff80e85dac62c22ebad00f9b7d09ff0ef7991e3ccfe6f06bbb1908b7ab8f5e94,24,288,288,3456,24,552
A71EV2A-x5022b,processed/A71EV2A-x5022b.bin,f0ee20df6798f20394313fb00b815ec4e0150a4a800029eefdc1944f4ad51f23,24,288,288,3456,24,552
A71EV2A-x5036a,processed/A71EV2A-x5036a.bin,c938f842e884e3037dd492e06400b69475e95e652d202e57793e5c9e4b639748,19,228,228,2736,19,342
A71EV2A-x5036b,processed/A71EV2A-x5036b.bin,a183bd4fbc706b63ea1f85411fe6b8b13df7cc2bb94307a3bb89d831afd39bb1,19,228,228,2736,19,342
A71EV2A-x5039a,processed/A71EV2A-x5039a.bin,b9e06b20cf01b76668d8a8bb9976d1818e1aab485deca3231a9cc7c93b686621,20,240,240,2880,20,380
A71EV2A-x5039b,processed/A71EV2A-x5039b.bin,a6958f308604f71665c6931a11735e2d9f79dbeea76bd19f85a0f6c6b4048db2,20,240,240,2880,20,380
A71EV2A-x5052a,processed/A71EV2A-x5052a.bin,e71c64af1526c312c96e0a9ed44326e63c3cc2945fe37ee897918a696d0f8248,20,240,240,2880,20,380
A71EV2A-x5079a,processed/A71EV2A-x5079a.bin,00b5871e23125cf1fd41c08d33b58725c8a1aeb1e9dd43922e22630114f11439,19,228,228,2736,19,342
A71EV2A-x5079b,processed/A71EV2A-x5079b.bin,53849962c83a376c191e470511468d0b9c120bee8e042bcf66eebd66af24d6a2,19,228,228,2736,19,342
A71EV2A-x5081a,processed/A71EV2A-x5081a.bin,66cd2e0f380521afe25295a4c01e124a879338df4b496b27b15e996e574530ba,19,228,228,2736,19,342
A71EV2A-x5081b,processed/A71EV2A-x5081b.bin,edbbaf5ab9bb3b76cfc4329dea0df23d1931975c94fcd4adb5895911610d2073,19,228,228,2736,19,342
A71EV2A-x5082a,processed/A71EV2A-x5082a.bin,c10f7fcc5e44481c7dd0b2285b159abdf108b86fc2f3864a26621f1ea1df4f89,20,240,240,2880,20,380
A71EV2A-x5082b,processed/A71EV2A-x5082b.bin,6d0d2772bd74756bc3ae6f8a2bca3d9ed114078591ca369cc5d2f641691c21b7,20,240,240,2880,20,380
A71EV2A-x5090a,processed/A71EV2A-x5090a.bin,1f0d01d11821cf82a98cc682c0303b75c33cf02d297bb94ebbcbc7e286120475,19,228,228,2736,19,342
A71EV2A-x5106a,processed/A71EV2A-x5106a.bin,88e52e785c715380aef2998d9ca9603fbcc6801776eee92f68298d7db4d908a4,22,264,264,3168,22,462
A71EV2A-x5150a,processed/A71EV2A-x5150a.bin,f10e100566e67078a4955b27a981a07a4492ffe953c403edbbc89e37a232a6ee,19,228,228,2736,19,342
A71EV2A-x5151a,processed/A71EV2A-x5151a.bin,e184659111de2a2c7aea8798f7e7a7da0a6190c09446955920a35b7788f909e8,21,252,252,3024,21,420
A71EV2A-x5171a,processed/A71EV2A-x5171a.bin,7528bb955c991039b7b60e275079f1e817566b923cf186c885d9609961aca767,23,276,276,3312,23,506
A71EV2A-x5171b,processed/A71EV2A-x5171b.bin,47d2ca1d8752a3523655f2a4b7fc7621659407ef658cf1b11ae410326735e8c0,23,276,276,3312,23,506
A71EV2A-x5177a,processed/A71EV2A-x5177a.bin,3cd0ae469f1e17d6c18836fc9791487c5c45d2e64492a64eeaee6231b2d18c69,21,252,252,3024,21,420
A71EV2A-x5182a,processed/A71EV2A-x5182a.bin,e236d7c4d3a0c928be1c838f3b24fd009a4e0ef0942170b8dc29913bceae250c,21,252,252,3024,21,420
A71EV2A-x5200a,processed/A71EV2A-x5200a.bin,3768bb8160827883a85ec3c94b0dfe9debb22328da960e68a5036148837beff6,21,252,252,3024,21,420
A71EV2A-x5203a,processed/A71EV2A-x5203a.bin,5229f3df60edbf4e6835fa7e1b234d02f48ed857646b76e7eec21653f4c05c34,22,264,264,3168,22,462
A71EV2A-x5203b,processed/A71EV2A-x5203b.bin,5ff2950e75559585890ef424b489c33a853d2088b70e7dcb3ac048e2ab9bd272,22,264,264,3168,22,462
A71EV2A-x5210a,processed/A71EV2A-x5210a.bin,2de1a935cc32116e99fcdefc93b7fe21403afa63750d7cde0a7943cd70b8dbfd,20,240,240,2880,20,380
A71EV2A-x5210b,processed/A71EV2A-x5210b.bin,fd58748d7b0d8be978583c83f865e1f93b4389a0661100a72bd68941e2e17556,20,240,240,2880,20,380
A71EV2A-x5212a,processed/A71EV2A-x5212a.bin,550552230960ecde0668d7a9a30fc3fbf25650bee47bc6bd425e97006eb7b5b0,20,240,240,2880,20,380
A71EV2A-x5213a,processed/A71EV2A-x5213a.bin,096c07f339496fc8790304af05e5327a28885f97bedc32f43397d4bc98ceaa31,19,228,228,2736,19,342
A71EV2A-x5213b,processed/A71EV2A-x5213b.bin,34d5bbba8d5a0e87d402c2271a27b908c0f41f442638197bb04373337784147e,19,228,228,2736,19,342
A71EV2A-x5221a,processed/A71EV2A-x5221a.bin,b57509bf5d0e7e621182ed37d1914cc7037e22f510796029ebc115e1f2321fd5,21,252,252,3024,21,420
A71EV2A-x5226a,processed/A71EV2A-x5226a.bin,2c1b0547131ebf738916bfee6f8953fd78d741b2cb138f0a93af5ae4c6fa948a,24,288,288,3456,24,552
A71EV2A-x5231a,processed/A71EV2A-x5231a.bin,46f62275f1a40ba41c9894a3b8a8d0bbe66bc488ccfbd0616b255fae14879017,20,240,240,2880,20,380
A71EV2A-x5247a,processed/A71EV2A-x5247a.bin,1db07182a4807a9bbe653cf380ef7d2bf33129ea82d98a64d2fe86ff11bb2f2d,22,264,264,3168,22,462
A71EV2A-x5247b,processed/A71EV2A-x5247b.bin,3f10f8b051c037c63a4547c28daa2979c5cf4f536b0809f7f3b67e49a3c2e953,22,264,264,3168,22,462
A71EV2A-x5249a,processed/A71EV2A-x5249a.bin,adde80deff91d66c3ed8190ac08bc98662d6ba11a1f6999bc0e78a29b1d2181c,24,288,288,3456,24,552
A71EV2A-x5261a,processed/A71EV2A-x5261a.bin,1bfde01eebc618aa68380edede133e7ca295153450aeb868867b5f6118c50b2a,24,288,288,3456,24,552
A71EV2A-x5262a,processed/A71EV2A-x5262a.bin,071a006e1fdf00155400aa1b9c242f3f2d6b709ec79c21224fa684cf45868074,21,252,252,3024,21,420
A71EV2A-x5262b,processed/A71EV2A-x5262b.bin,0b92483fe0958f5c4c4c3e7698dc6f8b1d0fa7ea82810e57e12a7d2f2607044f,21,252,252,3024,21,420
A71EV2A-x5268a,processed/A71EV2A-x5268a.bin,484178369959cd7b4d0b764d90780f6626098e3848d4f7b37255f96f907a870e,21,252,252,3024,21,420
A71EV2A-x5276a,processed/A71EV2A-x5276a.bin,82894f8ffc20d55406e14f1fc385604762070f9547a31fd3a9a8f38c1c3093a6,23,276,276,3312,23,506
A71EV2A-x5277a,processed/A71EV2A-x5277a.bin,7cd8d84275bebe64a32db7c5597ab0f889b5dbc83d23a21813df1b23b890bcc9,20,240,240,2880,20,380
A71EV2A-x5278a,processed/A71EV2A-x5278a.bin,2675f6c2b9ee9b0dde80b73876171dcdb209114fc1bb72ddd04d40ec0328ad2f,22,264,264,3168,22,462
A71EV2A-x5283a,processed/A71EV2A-x5283a.bin,5085d41b73a5bd5405b6ca6818363f40c3ab6d6cffe915d8c82ad47b0c60731e,23,276,276,3312,23,506
A71EV2A-x5283b,processed/A71EV2A-x5283b.bin,09ff0ccad0c0a20866bcb40233314f0832e0e5aa41e8ab369d310f2236ab76a1,23,276,276,3312,23,506
A71EV2A-x5288a,processed/A71EV2A-x5288a.bin,02a0dc7fac06e665cfbf9309b342d778ef6e2025e00f1cd942572f24c81f9a8c,24,288,288,3456,24,552
A71EV2A-x5288b,processed/A71EV2A-x5288b.bin,21e2523dc544cd1ba9f880e86ebd0cf093067c4f17bb077392be8d6bf1fe70c3,24,288,288,3456,24,552
A71EV2A-x5289a,processed/A71EV2A-x5289a.bin,16bdadaa8aa0afad6166cb255f4b90fd5a7e15c2ef39e895082738512bf36c09,24,288,288,3456,24,552
A71EV2A-x5289b,processed/A71EV2A-x5289b.bin,b1418306f8dfbc325227fa85570d54137b7a62571ee453f29136c7112bb83cfe,24,288,288,3456,24,552
A71EV2A-x5317a,processed/A71EV2A-x5317a.bin,9e648d0500b92b16a371b4f379df24117f4ce1b596a3333edf4635d1f6c02d61,21,252,252,3024,21,420
A71EV2A-x5339a,processed/A71EV2A-x5339a.bin,acbe140eaa3c99e9173c2f899833f912882c8601451e09603dffed90e90910dd,22,264,264,3168,22,462
A71EV2A-x5339b,processed/A71EV2A-x5339b.bin,a374fff3a28ce4121410beb3b62210661ed4ff3bc467e6f7e48fd9e1b181b680,22,264,264,3168,22,462
A71EV2A-x5351a,processed/A71EV2A-x5351a.bin,f06f64aa4121275e3dd5ecb3779009b48cecfdc7e90d2d9588f16cd3074e4579,18,215,215,2574,18,306
A71EV2A-x5359a,processed/A71EV2A-x5359a.bin,e61336eb209f44287d5492364f04b7ac4ec114a3eaaa13a3be436fe18748c8b8,21,252,252,3024,21,420
A71EV2A-x5366a,processed/A71EV2A-x5366a.bin,7a7a736a026767cabfe1ffe9a44ce846bc96a9993b98e2fae0ac241c65f71880,22,264,264,3168,22,462
A71EV2A-x5366b,processed/A71EV2A-x5366b.bin,5eba0bf4e05c8b1611ea66fc647a966872a9bdc9bfbafe3e2220a6bc709c0752,22,264,264,3168,22,462
A71EV2A-x5383a,processed/A71EV2A-x5383a.bin,c852d6213820f57f5754835f01256f3abb92e7d573f48faa4108f26993bb7121,23,276,276,3312,23,506
A71EV2A-x5387a,processed/A71EV2A-x5387a.bin,875db3594dfc985dc91badb72d8400131189939ad979ea96d4e406567cb33889,21,252,252,3024,21,420
A71EV2A-x5387b,processed/A71EV2A-x5387b.bin,843e9580579407c9ceee5e4bf68d1f2d819244a2dade326389f42f189d4af797,21,252,252,3024,21,420
A71EV2A-x5389a,processed/A71EV2A-x5389a.bin,c20524b502b13b3e8abcede6048d6108fa6d6b3f81dae9fccf3155f716242483,23,276,276,3312,23,506
A71EV2A-x5398a,processed/A71EV2A-x5398a.bin,2d7b0e830e892c24a43908e0df91123dcf6bb8d4825f27cab93616eea7dcde10,24,288,288,3456,24,552
A71EV2A-x5403a,processed/A71EV2A-x5403a.bin,8ce1101a62377e7f20b51436f139d9679cf816086ee398b57e74fa465a88911f,25,299,299,3582,25,600
A71EV2A-x5409a,processed/A71EV2A-x5409a.bin,8b840f51b52e8590127151b9aa00ebf306388884ba246325639bd7272ba1c0c4,19,228,228,2736,19,342
A71EV2A-x5409b,processed/A71EV2A-x5409b.bin,32974dcbd31326e8df6be359608b25bb2122b8a7c5ed0d7bec743ede0a46dfcc,19,228,228,2736,19,342
A71EV2A-x5424a,processed/A71EV2A-x5424a.bin,16cfb9928f161ad1626cbe86a588d4cd02ab766e8bf1582e082930aacde04294,18,216,216,2592,18,306
A71EV2A-x5424b,processed/A71EV2A-x5424b.bin,4323a42cd05e521c57388d46178c28fe65c6d8e8446b993a4ae04e37ff03662c,18,216,216,2592,18,306
A71EV2A-x5425a,processed/A71EV2A-x5425a.bin,bcae46b47fa84e8e005342fa3fd8d126ef159d4478df1d1d78f8bac1c84dd03e,17,204,204,2448,17,272
A71EV2A-x5425b,processed/A71EV2A-x5425b.bin,7a2a903e9461b292369d4f8717a0809eb4b34f8488862e2ae609114f119cb46a,17,204,204,2448,17,272
A71EV2A-x5427a,processed/A71EV2A-x5427a.bin,3d87dca9ea2650ff2ce8b0b7422ea44be8089f3c72e4118619e174b82c6d064a,19,228,228,2736,19,342
A71EV2A-x5431a,processed/A71EV2A-x5431a.bin,7d72f5721be7c45a0aa08f1615288881e503c9952107c2749cba7a4451ee2891,19,228,228,2736,19,342
A71EV2A-x5448a,processed/A71EV2A-x5448a.bin,afffa6ee82f4870132c8f308e01c9a9aaff1208070ada618c17a953a660903b7,20,240,240,2880,20,380
A71EV2A-x5449a,processed/A71EV2A-x5449a.bin,fe93e349b39b071ebe772c9c9b360ebd4716b7ac3f417e1ee019cf72e0b7b04e,24,288,288,3456,24,552
A71EV2A-x5449b,processed/A71EV2A-x5449b.bin,296bec7c76e9ab448b18471cd9bf764a6500492ecdb3ebe152ab87f038c441fa,24,288,288,3456,24,552
A71EV2A-x5466a,processed/A71EV2A-x5466a.bin,ada860cf1b68430361fe73e12e91767807c0eb3475e6f9d6bce363012acfd843,21,252,252,3024,21,420
A71EV2A-x5475a,processed/A71EV2A-x5475a.bin,17b96bfc18316283a3e54a366528858845df8edb50d21a0584fc565ffe4684c2,23,276,276,3312,23,506
A71EV2A-x5475b,processed/A71EV2A-x5475b.bin,b9a98f14251de5f1e3c11d25a73dd05923bb973e24eccdb5fd26de28b4fb901d,23,276,276,3312,23,506
A71EV2A-x5479a,processed/A71EV2A-x5479a.bin,f52cc910984fc5ad62758597b5421f9d36cd885aaea343832ef44a9e189ccdce,23,276,276,3312,23,506
A71EV2A-x5482a,processed/A71EV2A-x5482a.bin,45085789c4b8346780d232639f2b216334d1fcd58791eb7bbe33a9a37ce8ebdc,23,276,276,3312,23,506
A71EV2A-x5488a,processed/A71EV2A-x5488a.bin,40e5fca23eed934389dbd3f2767119cc4e74c18b48a2964585c2036d9461b0a9,23,276,276,3312,23,506
A71EV2A-x5494a,processed/A71EV2A-x5494a.bin,fcbab9eaf211c02f80f9affa7d79cab71bf86b28ff274e207084966f8cddd24f,22,264,264,3168,22,462
A71EV2A-x5497a,processed/A71EV2A-x5497a.bin,c8f7877352fac02be4aefc7305d884e01196bfab953a1133d31295861e5bac95,21,252,252,3024,21,420
A71EV2A-x5509a,processed/A71EV2A-x5509a.bin,72be5b4f9c948f9b0504ad1b4169fd35f2292179bfb4ff7427a7ae4e6354a9cd,26,312,312,3744,26,650
A71EV2A-x5512a,processed/A71EV2A-x5512a.bin,c64d3dc4c0bbabebb63b614fb3ed1c6e1a371b5739a683b28bd862ac2b924452,29,347,347,4158,29,812
A71EV2A-x5512b,processed/A71EV2A-x5512b.bin,b296c2960c835e5f71aece40644a528cc1ba8a3244c563d139b9acabe44a58ab,29,347,347,4158,29,812
A71EV2A-x5525a,processed/A71EV2A-x5525a.bin,471139568b6c0fb46937ace61026851f1869045d39cf9c94f5831b03ff10a606,25,300,300,3600,25,600
A71EV2A-x5525b,processed/A71EV2A-x5525b.bin,7dd86dc4849f7f87dd06a2901e82129198b169a1f66bd96e70fcb31766b49619,25,300,300,3600,25,600
A71EV2A-x5526a,processed/A71EV2A-x5526a.bin,03e8c6e0201d257fa4799f2d9858facf2fd15dc81801c50a122871909cd2a939,26,312,312,3744,26,650
A71EV2A-x5533a,processed/A71EV2A-x5533a.bin,d69fcf260dbda2a45020be36d1c80117aceb4755a2eb5174ebbf5f9f7eb65541,24,288,288,3456,24,552
A71EV2A-x5544a,processed/A71EV2A-x5544a.bin,1827b1d7e431f6b0fa7bc1558dc2731665ad1f813b288606026b97eb8baf7653,25,300,300,3600,25,600
A71EV2A-x5550a,processed/A71EV2A-x5550a.bin,450a9197e2f691ab3276cddbf1ca3794f84ae45c39ad0777da48f69de3b849e3,22,264,264,3168,22,462
A71EV2A-x5556a,processed/A71EV2A-x5556a.bin,b5db2ff5648733f93277d0c599a5ab94d2a5f29f3c7f7e20ce3f3fdcda50fbb5,20,240,240,2880,20,380
A71EV2A-x5559a,processed/A71EV2A-x5559a.bin,01e40e85fc67c1aa8fa0e28852a0d6b574cd8cc9b50e3f275193e67d3345a0d4,21,252,252,3024,21,420
A71EV2A-x5570a,processed/A71EV2A-x5570a.bin,bd81a96c25787a98e9eb214de3387147ae10d885556423070d143496ff060de1,19,228,228,2736,19,342
A71EV2A-x5572a,processed/A71EV2A-x5572a.bin,cccba884fa5f4034c9f46f0b2506780768596d708e0f8e33c686e788d8f3623c,21,252,252,3024,21,420
A71EV2A-x5581a,processed/A71EV2A-x5581a.bin,a13f1b98e0a3ba784ba608fa62d368297776d4c678fce3a619f2d9440d4b9ccf,22,264,264,3168,22,462
A71EV2A-x5594a,processed/A71EV2A-x5594a.bin,b30f864a837c73dcfb3761c718e66964f79bdc5f89b41fca342cc37a1ec5517a,20,240,240,2880,20,380
A71EV2A-x5594b,processed/A71EV2A-x5594b.bin,8c6c9c30be69e7b81caf54d21bb9413faa908660e4e5eceb4aca398d85f7c248,20,240,240,2880,20,380
A71EV2A-x5598a,processed/A71EV2A-x5598a.bin,ceebe13fae3d575ee1e6f5b051ffd1dd597b4398b20898d23d4b20c1858456f4,26,312,312,3744,26,650
A71EV2A-x5598b,processed/A71EV2A-x5598b.bin,1681a4a28c72a79bbe017047eab1a60d28aca235adf122fdb23fc8c1403ac3b2,26,312,312,3744,26,650
A71EV2A-x5599a,processed/A71EV2A-x5599a.bin,7c7c26ad1508314fc2f9ee05dfe8b208cf34eed4c5283c6b73c38e4407a85d51,22,264,264,3168,22,462
A71EV2A-x5599b,processed/A71EV2A-x5599b.bin,648d61eae6565dc5e116e4e8c56d16603e3da050ade3873a540b7d65f61b3a0b,22,264,264,3168,22,462
A71EV2A-x5604a,processed/A71EV2A-x5604a.bin,c1d463a1adcbe2d31e522926f7fbb5d215e59f66244275d8dd401abbb7520067,25,300,300,3600,25,600
A71EV2A-x5608a,processed/A71EV2A-x5608a.bin,6c1ad91604153f35b3fd44f8d777c20c552c57fb561933301688c65085fe9c82,16,192,192,2304,16,240
A71EV2A-x5608b,processed/A71EV2A-x5608b.bin,38e27e7af92eb36bd95b68c25d9dbe82ae06bd50e210162fd0065a8088e06acd,16,192,192,2304,16,240
A71EV2A-x5635a,processed/A71EV2A-x5635a.bin,af5aae0271a1c21c30d528822f504d107be784a26b306436eadd69f32126012c,22,264,264,3168,22,462
A71EV2A-x5635b,processed/A71EV2A-x5635b.bin,63b448dcfbd535e8c781cd635adda28b30c08329ade69d8391eb7960d1f32da5,22,264,264,3168,22,462
A71EV2A-x5665a,processed/A71EV2A-x5665a.bin,587bba1b247d6ba5a16a53f7c2a7dbb9a189072781a3bcef976a64d3f6897129,24,288,288,3456,24,552
A71EV2A-x5666a,processed/A71EV2A-x5666a.bin,1252ae52c4cd6ce535ecd5173dd07fa66b0e527bbfb137e026305b90cfaf6765,29,348,348,4176,29,812
A71EV2A-x5673a,processed/A71EV2A-x5673a.bin,0d00dc365c3c9e6153ff465dcff093d3179b941f542ac465c1e1e93a4d57e005,20,240,240,2880,20,380
A71EV2A-x5676a,processed/A71EV2A-x5676a.bin,db3b3ef6edbdc870f1eea9df1faf11eb52894572c049e6605e648ddee9dae568,21,252,252,3024,21,420
A71EV2A-x5687a,processed/A71EV2A-x5687a.bin,60a8e90c59cf1d8b9ace6f14f3b4914efc22c183bf003e2c9538eba5d5a3cadb,22,264,264,3168,22,462
A71EV2A-x5699a,processed/A71EV2A-x5699a.bin,27d9c92c89d807cd16b42d4c105c41b222be43cceec134e137e9baf873cd16be,21,252,252,3024,21,420
A71EV2A-x5705a,processed/A71EV2A-x5705a.bin,d5f62c245383ffeec1f8d4a764b4229d4480c1a890cb7086b88e4492b45fdcb6,22,264,264,3168,22,462
A71EV2A-x5705b,processed/A71EV2A-x5705b.bin,856a7b433a1525609bd8aed338c1e9fe80aee2edf1825b507a3f0e782e3ea805,22,264,264,3168,22,462
A71EV2A-x5721a,processed/A71EV2A-x5721a.bin,b54a7acdaba9ebc3aee1ef6639a557bbd7edd2fcdade0067860896c602787994,23,276,276,3312,23,506
A71EV2A-x5721b,processed/A71EV2A-x5721b.bin,58ba7dc20f4e6b5047ad65bdf3e762a4a7914af4f7c103697c522b77e675bdc1,23,276,276,3312,23,506
A71EV2A-x5728a,processed/A71EV2A-x5728a.bin,429f29fe01684f678bb9b3bb9881e52c742ae97ba7bade56cfc3dc5ffe623bec,21,252,252,3024,21,420
A71EV2A-x5744a,processed/A71EV2A-x5744a.bin,f16b0062acf8600f1a3f65136522439ba9f4c28cc36daf1dbb97002ae534740b,21,252,252,3024,21,420
A71EV2A-x5747a,processed/A71EV2A-x5747a.bin,97cb17bf299e9593cb4c8b97c40866d85e1deea0134b73e1c4e468ae340d3db2,20,240,240,2880,20,380
A71EV2A-x5758a,processed/A71EV2A-x5758a.bin,c095bd4967df631e08332466d93499c6ef7adedc732a8584b93ed3f665d2ebad,23,276,276,3312,23,506
A71EV2A-x5758b,processed/A71EV2A-x5758b.bin,30ef2bbe5adb5784b3160eb832f84f182b318e585f42b3a8058a3faa5e1620f3,23,276,276,3312,23,506
A71EV2A-x5766a,processed/A71EV2A-x5766a.bin,25316f4c0509d87160cc43fcbfb36d3a90ce7b09c2718e89c5b3b14c197dd589,22,264,264,3168,22,462
A71EV2A-x5777a,processed/A71EV2A-x5777a.bin,ee4e93cb0fc1cccbe6e5de774ed458649ce74392e991cb050b15cd978ac5cdb5,22,264,264,3168,22,462
A71EV2A-x5777b,processed/A71EV2A-x5777b.bin,8bf40f5f5afb3930e48fe48964c2e1dd46eaa678cba6c526555c357a61f277ce,22,264,264,3168,22,462
A71EV2A-x5779a,processed/A71EV2A-x5779a.bin,1939f50bcfa0f279ee929282d5071d552564fe64b05bdbee8badd63ad22a88ea,20,240,240,2880,20,380
A71EV2A-x5788a,processed/A71EV2A-x5788a.bin,100f9ceb5e77bdde8ae761c68a95b9b0d22a1575dbc512d2058d05cf91283242,25,300,300,3600,25,600
A71EV2A-x5798a,processed/A71EV2A-x5798a.bin,42235be58e044da4547f77bfd2c0aac199509e2734842cb12378205c0c5a7cb2,20,240,240,2880,20,380
A71EV2A-x5798b,processed/A71EV2A-x5798b.bin,d4069d0f1f57f3d4a056dabf19160fffce17519f1f14312a50b4b62e594854e2,20,240,240,2880,20,380
A71EV2A-x5802a,processed/A71EV2A-x5802a.bin,2f3fc3dcca6df9460802e4c1ea63253bb67824b9b88344c7896fe87c15612b22,20,240,240,2880,20,380
A71EV2A-x5802b,processed/A71EV2A-x5802b.bin,8466f8a90a4aae37e692f3a3199ab63a0240d4d76e7d9e56a0e55a00c1f15b5c,20,240,240,2880,20,380
A71EV2A-x5808a,processed/A71EV2A-x5808a.bin,aac7365055b963a417c27ff885fe9700dc8442522566e95d8300c1e97fc424f8,30,360,360,4320,30,870
A71EV2A-x5808b,processed/A71EV2A-x5808b.bin,110b60e16349579eb0a047ee14b91c9b3c24d4ed61ee079b4e37a111bae3fc39,30,360,360,4320,30,870
A71EV2A-x5819a,processed/A71EV2A-x5819a.bin,f57d553b1e910f8578daf7641d7e7b646a1c62c22cffbad2bfee7dec5dc1ee04,22,264,264,3168,22,462
A71EV2A-x5819b,processed/A71EV2A-x5819b.bin,243b0f1c05d500faa955ae88a96836511110cf12ff65cc6e7d12e4d0c74349ea,22,264,264,3168,22,462
A71EV2A-x5824a,processed/A71EV2A-x5824a.bin,fbfd141d1e7a061b4c49e08dcc0c909a89e7ab26d8f4a4720f203d467dc001b6,22,264,264,3168,22,462
A71EV2A-x5824b,processed/A71EV2A-x5824b.bin,6ce9e96302d900ed180d1426cd5b7781caace6050b76a137136aafecde1ee191,22,264,264,3168,22,462
A71EV2A-x5830a,processed/A71EV2A-x5830a.bin,614ec9495d4da09da35755bbd204d5fcc4e8ee02338efc27a20cfc5ae7b48700,22,264,264,3168,22,462
A71EV2A-x5833a,processed/A71EV2A-x5833a.bin,4b03f1b382fa18668506b30aaadb3ab4b8699a68491b7b7c17a63fbd0b15e2bf,25,300,300,3600,25,600
A71EV2A-x5836a,processed/A71EV2A-x5836a.bin,0f06b0967726079b28daa90b0ed5b6a50ab7ca26f5278fe3668b53d41d4f696f,26,312,312,3744,26,650
A71EV2A-x5850a,processed/A71EV2A-x5850a.bin,391bdee2d95f7f0844ee159d09d08b92742bd49771cba2ed7c22b693e1230121,23,276,276,3312,23,506
A71EV2A-x5854a,processed/A71EV2A-x5854a.bin,7e11d10246860e57c56a6a60f9892563388e0df5958a7529113cd551c03acec3,25,300,300,3600,25,600
A71EV2A-x5857a,processed/A71EV2A-x5857a.bin,e9b3ec761e3833a50dc99d7555eae7fa427bced1f8b3e375f39de9f8ab3c22e0,29,348,348,4176,29,812
A71EV2A-x5864a,processed/A71EV2A-x5864a.bin,728e084fa5ebc33e7d64836bf3d3697612cef3874b310900059c6ba05f92c079,28,334,334,3995,28,756
A71EV2A-x5868a,processed/A71EV2A-x5868a.bin,6d8fd45ac0046c1999b21a52449e7db86f6bde3c2d623b9fb6bc38b76e6725b8,22,264,264,3168,22,462
A71EV2A-x5877a,processed/A71EV2A-x5877a.bin,219ed5d357a17a487de84f46f0981e7276ca567be425c7ec23f21c1dabc026d1,30,360,360,4320,30,870
A71EV2A-x5879a,processed/A71EV2A-x5879a.bin,d17b63a25376c72e87563e991df1c2fd5de5fe3f8d79195e5ecf5b07bc682297,29,348,348,4176,29,812
A71EV2A-x5879b,processed/A71EV2A-x5879b.bin,c3a853660680369cee0505a62db985c98f9a2c16f67d8c896018189219b8a4ec,29,348,348,4176,29,812
A71EV2A-x5884a,processed/A71EV2A-x5884a.bin,b9807a9d005f2bc7773496a4b47351fa46266a77a11980792f4f40ada737fbcc,32,384,384,4608,32,992
A71EV2A-x5891a,processed/A71EV2A-x5891a.bin,e53a7f7ea5d9186847c9f4e15628a4e4a9c69f860932b2113748ad98d8e39ba0,28,336,336,4032,28,756
A71EV2A-x5992a,processed/A71EV2A-x5992a.bin,c8961f1344bccca7c2f7af9e778ff34311ac6f4ae7143e924c2ff8bdbac3e3db,22,264,264,3168,22,462
A71EV2A-x5992b,processed/A71EV2A-x5992b.bin,0f2ae76a14187edbccf39505cf2fc10e1bd3bfc9b2f957d90ef5e41d338205e9,22,264,264,3168,22,462
A71EV2A-x5995a,processed/A71EV2A-x5995a.bin,5884d5052357e905e9fe8e4161061ec25ac5c892941e52d0225e04e6ac99c9ab,23,276,276,3312,23,506
A71EV2A-x5995b,processed/A71EV2A-x5995b.bin,47284093ddf9a790224a59678bb87d2f5b4e2220cce132e8ba16263658c085b1,23,276,276,3312,23,506
A71EV2A-x6021a,processed/A71EV2A-x6021a.bin,7dd18506da4b8ee160b8db54f271cb73f2940dec2d0ca5664d285a7cf737e703,22,264,264,3168,22,462
A71EV2A-x6025a,processed/A71EV2A-x6025a.bin,53aa6f8527a9c7b1d5177c021e1b3c0bc387c988290765cd3680d7d40f6a03d6,30,360,360,4320,30,870
A71EV2A-x6027a,processed/A71EV2A-x6027a.bin,0a786d5f610313ff18edca573cf44b733fa6defe8c89c2be818d257d11afdc34,23,276,276,3312,23,506
A71EV2A-x6028a,processed/A71EV2A-x6028a.bin,a91ef558aacf40cdec0d98d52bf761099f0c2aa902be8f200f9065169d2e27be,32,384,384,4608,32,992
A71EV2A-x6032a,processed/A71EV2A-x6032a.bin,3bf2a63866d22e8ef39dc8eeefef11aac1312ff32b84be652f8e0cae82f70dd7,28,336,336,4032,28,756
A71EV2A-x6035a,processed/A71EV2A-x6035a.bin,2496f65d0de74b7c1a84a3c750c0e7270cba664adaf70e573e7938c248908469,30,360,360,4320,30,870
A71EV2A-x6714a,processed/A71EV2A-x6714a.bin,4347b7fb6f5ad43ab702443362114cc34886c402065d52947ff7dc2898317227,22,264,264,3168,22,462
A71EV2A-x6726a,processed/A71EV2A-x6726a.bin,fb7410af71158ffa7f466a7f4f1df09151c4e68909721453f86b9c53aface061,26,312,312,3744,26,650
A71EV2A-x6730a,processed/A71EV2A-x6730a.bin,a513720dee51e0287ec573ca25cc8d3c05ed46510bfa63e22a4e3a8e20853ffe,23,276,276,3312,23,506
A71EV2A-x6736a,processed/A71EV2A-x6736a.bin,efb5c3515199d5338fe11ce6fc84a5e11c0c106446dcb3bbe83a736b8d36c634,28,336,336,4032,28,756
A71EV2A-x6738a,processed/A71EV2A-x6738a.bin,bee84ccbbc70ffd4982f54f8c6112626fa0cbc64d4611e310bd663944d93d4fd,29,348,348,4176,29,812
A71EV2A-x6739a,processed/A71EV2A-x6739a.bin,d537e4ea569e7c17724bf1f2e400985dc021df94644bef521754ff5922c5d600,32,384,384,4608,32,992
A71EV2A-x6746a,processed/A71EV2A-x6746a.bin,550063e0a6020d521c834b11eb9a6fcf0b4d018f8dbbcd1acf11e3dcb2d48e3b,27,324,324,3888,27,702
A71EV2A-x6769a,processed/A71EV2A-x6769a.bin,805bd3cccd3377dcf2429ec3c8859a03e31749a4e4ab91deed115945574ce324,29,348,348,4176,29,812
A71EV2A-x6778a,processed/A71EV2A-x6778a.bin,a8fddcc8d13adce19ca04e567f6a1707ec2e8aab6be184825f68336add6bc0e6,29,348,348,4176,29,812
A71EV2A-x6791a,processed/A71EV2A-x6791a.bin,e47e77c6de280a43ceaae9d477c893447700e9fc40827b9a34ecf97be73c7860,29,348,348,4176,29,812
A71EV2A-x6802a,processed/A71EV2A-x6802a.bin,71430f332cb44f2cc6417f99340082bfdbdce477e6352e3cd586c9a4d6f74cf1,32,383,383,4590,32,992
A71EV2A-x6808a,processed/A71EV2A-x6808a.bin,144e8ff318e687d50869074e0abdea96cd5b12fe15832c552131e6250d380b3c,29,348,348,4176,29,812
A71EV2A-x6816a,processed/A71EV2A-x6816a.bin,66847e5d2db3acfa0ef23b9cfd294cde1a19f473f510be5d7ae4dbe1425cff54,28,336,336,4032,28,756
A71EV2A-x6816b,processed/A71EV2A-x6816b.bin,f91458c68fcc509fd9522509ea1dbe7a8967083d1dc5cd6a308e776c637942d1,28,336,336,4032,28,756
A71EV2A-x6818a,processed/A71EV2A-x6818a.bin,2a6c70f6c6d5a308846372e2111a601024be063b0b109209e8e7695b6f4775ef,27,324,324,3888,27,702
A71EV2A-x6819a,processed/A71EV2A-x6819a.bin,ff50ac64e8b4398c54a42cec475cc6178ce47d6b5bbc5d2a32df6a77caa2ad68,29,348,348,4176,29,812
A71EV2A-x6821a,processed/A71EV2A-x6821a.bin,b5775ef91f0d8adad4fc6daca2da92c3a1975364a6acd59daebcad3b214bfd77,27,324,324,3888,27,702
A71EV2A-x6827a,processed/A71EV2A-x6827a.bin,83bf6a9d5ab72bc284066d6d72309b1e21599f0e254e7f6fe6c4a56abc60fa47,26,312,312,3744,26,650
A71EV2A-x6832a,processed/A71EV2A-x6832a.bin,918fd94b33d144f659f84aae134c490ea9760cce04376f93a02960083aa0c8ee,28,336,336,4032,28,756
A71EV2A-x6838a,processed/A71EV2A-x6838a.bin,b1d25c35e39691a56891bdf00ec0985ec7dcc4773350debc60289333b6ee9be7,26,312,312,3744,26,650
A71EV2A-x6844a,processed/A71EV2A-x6844a.bin,8ca868604eb16e6306b4b52929709b4b887f57854789763833a6086d20456725,25,300,300,3600,25,600
A71EV2A-x6847a,processed/A71EV2A-x6847a.bin,3d62063b33de85b2dccec6096070c6cae0a6d07009fc113e3e284f0ae944dbc6,27,324,324,3888,27,702
A71EV2A-x6851a,processed/A71EV2A-x6851a.bin,8a45f67b66a1e2f46b7dedfe0bd59746e178d8772898ae00ca37702a760cf115,27,324,324,3888,27,702
A71EV2A-x6853a,processed/A71EV2A-x6853a.bin,a295feab37bf87ea58164f4fc1a1f957aacc215f4a76fb69dc95169d9b0503b2,24,288,288,3456,24,552
A71EV2A-x6856a,processed/A71EV2A-x6856a.bin,4ec58931c1f679a0fda6060a7c78c9ca771c54ea42476cfd90cb029a6f805c21,29,348,348,4176,29,812
A71EV2A-x6877a,processed/A71EV2A-x6877a.bin,3b1b9ee12040490ff92f5367db8d45c6b7d7393d498cff2c1628f3cc4a62fe9e,25,300,300,3600,25,600
A71EV2A-x6895a,processed/A71EV2A-x6895a.bin,c7f4490b9b3ced5bb1f9c47047ae204f4ee897430364c3c33f6f922a9a6d63cb,29,346,346,4142,29,812
A71EV2A-x6914a,processed/A71EV2A-x6914a.bin,05fe765d5cfa9dfc8a7e17d75a8895df726814e1672e87f9abf45e549709e91d,30,360,360,4320,30,870
A71EV2A-x6920a,processed/A71EV2A-x6920a.bin,b245c8fe380ecfb45606980328b1393a98964bfa745af78183ebdce0ea38f71f,25,300,300,3600,25,600
A71EV2A-x6925a,processed/A71EV2A-x6925a.bin,35ea05cd105e59c2f53de4b6b8ebf6e3dce89ff628214263621486ed0b724765,26,312,312,3744,26,650
A71EV2A-x6932a,processed/A71EV2A-x6932a.bin,f0a5b98feb1bb9880e67e726ad677951929f95c7b29c6f59f571c5e1310a09f6,22,264,264,3168,22,462
A71EV2A-x6934a,processed/A71EV2A-x6934a.bin,5c78402bd50df739f5f6613370bba39719753ed6ad2883745ce924a0ab3fb3ac,25,300,300,3600,25,600
A71EV2A-x6938a,processed/A71EV2A-x6938a.bin,77f8da693c291fc287b784dbbe79b5eda56d0e991b0be6546de3875c4a9b9b8e,26,312,312,3744,26,650
A71EV2A-x6945a,processed/A71EV2A-x6945a.bin,67aa0c19d7c22896233fa8bdc28bd1176071b5ebf2d41e4aace992c7e5f4cce8,29,348,348,4176,29,812
A71EV2A-x6948a,processed/A71EV2A-x6948a.bin,4cfda826a778ec14f1b7a2521e8a5d3e386e3f30108099ed29389e0c94e246f8,30,360,360,4320,30,870
A71EV2A-x6948b,processed/A71EV2A-x6948b.bin,5e34a8df336d5dc28515e45a551f170478716824bc152522677c29f472918dbb,30,360,360,4320,30,870
A71EV2A-x6955a,processed/A71EV2A-x6955a.bin,55fbc84a251580989fb234629b98efcf363ea03fb8584702a085256c41c16c87,30,360,360,4320,30,870
A71EV2A-x6955b,processed/A71EV2A-x6955b.bin,6ed9776059bfeea19c459721a58c0f85e23997008848b9be1a5be88d1fbb8ee6,30,360,360,4320,30,870
A71EV2A-x6980a,processed/A71EV2A-x6980a.bin,2a6068c4f1cb486e982872065cba87f0a645e032608c4a24aa170a46f7a7a051,25,300,300,3600,25,600
A71EV2A-x6991a,processed/A71EV2A-x6991a.bin,72e1897155819b69bfa2717294577fd051297d482cf861e796ec06577977f710,27,324,324,3888,27,702
A71EV2A-x7021a,processed/A71EV2A-x7021a.bin,a0965d0a83f781192e64391a2d4cdefbae28a4c0a7484a33c243bdc0e85bd8ca,27,324,324,3888,27,702
A71EV2A-x7002a,processed/A71EV2A-x7002a.bin,bd388e0f0538868421fa31e7abc34d303c6c002440627b83ef0f62d717a31b36,26,312,312,3744,26,650
A71EV2A-x7008a,processed/A71EV2A-x7008a.bin,af716996a8b9421f8b855f557e387c9dab78610de9f24d44c9c457ee557f9891,32,384,384,4608,32,992
A71EV2A-x7011a,processed/A71EV2A-x7011a.bin,a3ea605697161534be2e590a197f92aa1ad5f389a5b70f52cf0c3d1e50dbd017,27,324,324,3888,27,702
A71EV2A-x7015a,processed/A71EV2A-x7015a.bin,88829c5d97c8bcfa19ccab228dcb68a41457641b3dd67be24ccfa850cfd61697,31,372,372,4464,31,930
A71EV2A-x7018a,processed/A71EV2A-x7018a.bin,cd3a83689b04e8c38e3e9f4c8f09a572b5a37f276da7d044bd2f58c5c90f7208,31,372,372,4464,31,930
A71EV2A-x7024a,processed/A71EV2A-x7024a.bin,05a716919755523350cbcb93809b6d62295f45de1f04bc1dfd69e081a8172882,29,348,348,4176,29,812
A71EV2A-x7025a,processed/A71EV2A-x7025a.bin,c159cf482298edaadbd335803ebc90850f995eb95ae00d53f20c6b50e9be2e02,29,348,348,4176,29,812
A71EV2A-x7026a,processed/A71EV2A-x7026a.bin,bd1ae0f6ee23f6b9f33657b07aa7cba6f154961de68ee498672e8bb858528779,26,312,312,3744,26,650
A71EV2A-x7026b,processed/A71EV2A-x7026b.bin,40fd81d6a5d52f6abc4618dda3694671d4a7fdd125c31d5e564fad16bb2f1e9a,26,312,312,3744,26,650
A71EV2A-x7031a,processed/A71EV2A-x7031a.bin,19869ae0bbdc6344f11bf6c2960012db94acc3bd99a4a3b40cd2c34d43042896,29,348,348,4176,29,812
A71EV2A-x7032a,processed/A71EV2A-x7032a.bin,020b8b56fc12599f9e21a5e73456e7decf371d4ec772ce9c3a1a45a6c517362d,27,324,324,3888,27,702
A71EV2A-x7035a,processed/A71EV2A-x7035a.bin,54b8319b5ad8a0e681c65898a26e883e49571ca54e787f3aafc35ac09d92942c,25,300,300,3600,25,600
A71EV2A-x7038a,processed/A71EV2A-x7038a.bin,9eadb1fbe495ed1097577c22805922b391b711aab8eedbc46652f96d0a9bae5b,25,300,300,3600,25,600
A71EV2A-x7043a,processed/A71EV2A-x7043a.bin,ffc53ed7f670a8b18250809e90c0fe923f2d4ec05ff69456a25569a9ee17d504,32,384,384,4608,32,992
A71EV2A-x7043b,processed/A71EV2A-x7043b.bin,aecdeba5e8f4b4b84a1862f88423165db006e5fb9df8a13be6bec8ed125d4910,32,384,384,4608,32,992
A71EV2A-x7044a,processed/A71EV2A-x7044a.bin,7bb2b84548387b258255ed9373d00c4e286d9277fea94381c3f1c054d5e01152,30,360,360,4320,30,870
A71EV2A-x7046a,processed/A71EV2A-x7046a.bin,268f10251071547eeef481dd54403bbe27a8fd64c9fe2068e9d6965eb5eefe49,28,335,335,4014,28,756
A71EV2A-x7056a,processed/A71EV2A-x7056a.bin,52d0794625cb2b92b9d850419587eed6bcf826fd7bbdbc164969aa5c6195c0a7,28,336,336,4032,28,756
A71EV2A-x7070a,processed/A71EV2A-x7070a.bin,6dda97be1af8add408243c6ce0462bc6dbad7159e3c6cc0cd9c992cc79b04a15,27,324,324,3888,27,702
A71EV2A-x7093a,processed/A71EV2A-x7093a.bin,15144a8e445b8fd0089d41690c39ad677b30a8e148f2828cbd582a987f5bb644,27,324,324,3888,27,702
A71EV2A-x7095a,processed/A71EV2A-x7095a.bin,b04de409884176386c95efd5d6cbc756557dfea1b1df7f6f308302f1b59eee2f,32,384,384,4608,32,992
A71EV2A-x7096a,processed/A71EV2A-x7096a.bin,53343a69e2dd6fb0d43e752e4d0682fd31db4393b5ab6ce06a9ef1bfcdc238de,35,420,420,5040,35,1190
A71EV2A-x7101a,processed/A71EV2A-x7101a.bin,26bd1be40701fa06c1647b2f063794672a4257a12135018b6755b9957fbaab0e,30,360,360,4320,30,870
A71EV2A-x7127a,processed/A71EV2A-x7127a.bin,078618713cadf9b67a6fc197427866594661584c6da6047d003c0668d7264eeb,31,372,372,4464,31,930
A71EV2A-x7130a,processed/A71EV2A-x7130a.bin,c58c5f18512a4bd73958c1a6f9000cdc5a6635d20c7ac5995ab98f7c0414fa65,31,372,372,4464,31,930
A71EV2A-x7132a,processed/A71EV2A-x7132a.bin,c5b2459964be7a12cf103de725c3d5d8e10b7613b2bf7505e3fe3e025c72d584,32,384,384,4608,32,992
A71EV2A-x7135a,processed/A71EV2A-x7135a.bin,21af465c33d6f66e25b9f0a7bc89c2d24fc865c4d81878773d01d559b4c65561,28,336,336,4032,28,756
A71EV2A-x7147a,processed/A71EV2A-x7147a.bin,56822d6e1548589d36e4f4d57c08fe6a9194c68ddfe86fb4beb9a915984ee6a7,29,348,348,4176,29,812
A71EV2A-x7151a,processed/A71EV2A-x7151a.bin,3c4fc47b67c836b49a1dd4de06dcde41189aafd762df562eb95a4a6229d8a948,33,396,396,4752,33,1056
A71EV2A-x7154a,processed/A71EV2A-x7154a.bin,e36350cb3b503af710051f79f9c46b2268840d8ec0c11ed5fe44e5bd4dec36f2,32,384,384,4608,32,992
A71EV2A-x7161a,processed/A71EV2A-x7161a.bin,079d4a62a942c2a72a74e8d10f19efa2715b83ef080939e6872b04913e12df17,28,336,336,4032,28,756
A71EV2A-x7167a,processed/A71EV2A-x7167a.bin,e882492bef21fc932be8c5f329f0cd1c53e57bf9feea9cf7bc11b042031bcf5f,29,348,348,4176,29,812
A71EV2A-x7167b,processed/A71EV2A-x7167b.bin,5ad0f40e43418c01e3ca914084dd4c30f948620b57292e6af7bd14895a753bc2,29,348,348,4176,29,812
A71EV2A-x7169a,processed/A71EV2A-x7169a.bin,df3ca36786ba2986828dc25da053848be72b4cb7b03c690f331f6a1627a2bf60,32,384,384,4608,32,992
A71EV2A-x7170a,processed/A71EV2A-x7170a.bin,3503cd6895d3452f290f2852a3676c2b3abcb4b8e5b7eb510d06e4b218365ba1,32,384,384,4608,32,992
A71EV2A-x7172a,processed/A71EV2A-x7172a.bin,f3693c3a86ee88322e1cea4cfbea6614ea6804a1b5d4c7c19623d03973161d59,26,312,312,3744,26,650
A71EV2A-x7175a,processed/A71EV2A-x7175a.bin,3d94ccc187d97df5d4a642d66ec450d9a39cb6f106d1ed0113f807a5e28db04d,28,336,336,4032,28,756
A71EV2A-x7176a,processed/A71EV2A-x7176a.bin,d6ea6816441abaaad818d4dbc16e47da1eb4415651775706e2368dbe9c9445a2,32,384,384,4608,32,992
A71EV2A-x7184a,processed/A71EV2A-x7184a.bin,30c828be9afcfe4c1d82a0bc84ca0641b2af5df8db5322a334fb83f4c6592f18,27,324,324,3888,27,702
A71EV2A-x7190a,processed/A71EV2A-x7190a.bin,f9433cdbbeb5e548cc78c411d92940d4dbff5c3dc6003c8a34dfc50f3729c11f,34,408,408,4896,34,1122
A71EV2A-x7238a,processed/A71EV2A-x7238a.bin,ed374e2b74e9bf97183498e3dcb10bf9a98c6e51f37ee54d388c33c9061cff0c,28,336,336,4032,28,756
A71EV2A-x7246a,processed/A71EV2A-x7246a.bin,f90d1e5cba2bae3e3866ecc302d44cc9503fdbe9545d3598ee13a060f42eaa75,30,360,360,4320,30,870
A71EV2A-x7247a,processed/A71EV2A-x7247a.bin,378bca775b00618134ab271b6a37d7f172972b219a0fb3c5d2b3845a6f25dd40,32,384,384,4608,32,992
A71EV2A-x7250a,processed/A71EV2A-x7250a.bin,8c4ea795c74de3ae133d3910c8f81eb52a02fd72039b46e1df489b639eb69750,27,324,324,3888,27,702
A71EV2A-x7251a,processed/A71EV2A-x7251a.bin,4c3e5afef98851b02a34941a726767648632ad2ebc792aa158e4e4652f50852f,27,324,324,3888,27,702
A71EV2A-x7254a,processed/A71EV2A-x7254a.bin,6724f279d1f29f6a10b22dadc3dce37c5d2deb6ea6d448b934e43b4fd0c84e3e,28,336,336,4032,28,756
A71EV2A-x7256a,processed/A71EV2A-x7256a.bin,1f33ae100e41e81e626e7b7695bc9fc9251c7f40002edc02f64796b327c8f223,27,324,324,3888,27,702
A71EV2A-x7257a,processed/A71EV2A-x7257a.bin,03a65f23f0cd5036635a5b57a0ba55acada61ce183341b1c8e5bdb3947adb905,29,348,348,4176,29,812
A71EV2A-x7259a,processed/A71EV2A-x7259a.bin,5cad9824a8bb062eada65297bf1145ec2bc49a235f2d56719cf34a153eeab2e1,28,336,336,4032,28,756
A71EV2A-x7260a,processed/A71EV2A-x7260a.bin,45997fe441c722ef0ab4813cef2dae4bc6e112e84ccf1e92664c1bddf373ab42,27,324,324,3888,27,702
A71EV2A-x7261a,processed/A71EV2A-x7261a.bin,3b0194c0c07323c1375adc8771db09cad4d73229bd8077c87047bd7756f1edc8,33,396,396,4752,33,1056
A71EV2A-x7263a,processed/A71EV2A-x7263a.bin,1eeb0f3b154fba17386fcb87f19e7293fbe4d8badabc21cfe0df693f29fa3f5e,32,384,384,4608,32,992
A71EV2A-x7284a,processed/A71EV2A-x7284a.bin,6c3c23a43d729e776d10516efdaa95cf63d30585f935d6e6321e733051698467,30,360,360,4320,30,870
A71EV2A-x7287a,processed/A71EV2A-x7287a.bin,2a4377954339056ae68c3ea0441e4dc3ce5f330eaf56ddf900f522f92f84f3e3,27,324,324,3888,27,702
A71EV2A-x7297a,processed/A71EV2A-x7297a.bin,7dfb9ae393b8b00e85919b3697c4ce82bd3129228791c379a421610c99663c12,28,336,336,4032,28,756
A71EV2A-x7301a,processed/A71EV2A-x7301a.bin,5386153d9409eeaf76d628df92b4760e2b6ba3024ef0154f5f09a3cb6bf9b41f,27,324,324,3888,27,702
A71EV2A-x7301b,processed/A71EV2A-x7301b.bin,e0be4bb763789ef19adeddac82e998b68988ece8f31abf858a789590c702f2fc,27,324,324,3888,27,702
A71EV2A-x7307a,processed/A71EV2A-x7307a.bin,2cd537b982699b5952ace0e30b451c795c0c0f81146ed86437bee0525dcba36a,32,383,383,4589,32,992
A71EV2A-x7309a,processed/A71EV2A-x7309a.bin,01e2cc5f8a7cdc40fa5e55805f55e17db12764623b340f13dbbcc08086349751,30,360,360,4320,30,870
A71EV2A-x7316a,processed/A71EV2A-x7316a.bin,96adfc767c96f78869070870ce0c615483ade5582de5fed90a8fe55fa7b70ed1,29,348,348,4176,29,812
A71EV2A-x7317a,processed/A71EV2A-x7317a.bin,19b350a9e755f73a8f3c97234e9eb1b02cab0c8aab0b0df1c840602d5acde41b,26,312,312,3744,26,650
A71EV2A-x7317b,processed/A71EV2A-x7317b.bin,684d84b490f9027fff298ac7b08185699f7a8815992f5ba5689993c43f8b3287,26,312,312,3744,26,650
A71EV2A-x7318a,processed/A71EV2A-x7318a.bin,0c3eea05966f95592f4921ac2b5b4a1547207a051546503a9b30072cb2e2bd95,31,372,372,4464,31,930
A71EV2A-x7321a,processed/A71EV2A-x7321a.bin,2a0ec43561e255b8f2fda31e5b59903c4114e45cafe07f6fc57c45bb024ad6d2,23,276,276,3312,23,506
A71EV2A-x7323a,processed/A71EV2A-x7323a.bin,c69c4120a83925d25d405b0bf8dcba0eb5cdf526498d716ff25b106d8f96bc78,26,312,312,3744,26,650
A71EV2A-x7333a,processed/A71EV2A-x7333a.bin,fc6212666fb34dc55d9f6ae7733e6d5fe72a9b02186f8b20f1fb1fd8b8744951,27,324,324,3888,27,702
A71EV2A-x7334a,processed/A71EV2A-x7334a.bin,31f4545b71c9e483b1f54ed37d758dde1318aee08c7978da08f38978c9c1f25d,25,300,300,3600,25,600
A71EV2A-x7334b,processed/A71EV2A-x7334b.bin,d76a4e0bb113081169778bfda709b10bc50c4d14b8248f93a66357ed2ca1999d,25,300,300,3600,25,600
A71EV2A-x7338a,processed/A71EV2A-x7338a.bin,7a0d3fba312c7cbafb2cb4c71e43e2a0f4ddb23726a3331f698f94ea44ee4b36,28,336,336,4032,28,756
A71EV2A-x7339a,processed/A71EV2A-x7339a.bin,7b6fe230fc9d89c9f7639493c6a5318e35d74441f6dabf051ed2e2705fb4a025,25,300,300,3600,25,600
A71EV2A-x7350a,processed/A71EV2A-x7350a.bin,81c39395af6d58f099e294915680f091f6ba69d8bfd659876ae311d1d3b31c1b,27,324,324,3888,27,702
A71EV2A-x7350b,processed/A71EV2A-x7350b.bin,5277d29e662d6367f3fa2f7c8e8f4c76bf6fcb2b8fc68f5ef7e93f2952ccb2e6,27,324,324,3888,27,702
A71EV2A-x7353a,processed/A71EV2A-x7353a.bin,88386520d1b85c401666353cc0d980601e0be74a7e3f4849c5a7eaf8c866d338,27,324,324,3888,27,702
A71EV2A-x7353b,processed/A71EV2A-x7353b.bin,5c0571b880714e8bb7fe85946978aebf5771c2f4edfb9490ae60e0608248e1e3,27,324,324,3888,27,702
A71EV2A-x7359a,processed/A71EV2A-x7359a.bin,fea75d8e6bd5b66b3101a9c3f8c75ab4ddac5a883130a69ee638c717f9be7362,21,252,252,3024,21,420
A71EV2A-x7368a,processed/A71EV2A-x7368a.bin,a710fdc350d8d73f58a3a8752bb81733455c8033b3d4213fed8fe2bcb51766f5,28,334,334,3996,28,756
A71EV2A-x7369a,processed/A71EV2A-x7369a.bin,0aa376710692284b41ef421207f2d0be75e23279c873301466926f05f12bf5c2,28,336,336,4032,28,756
A71EV2A-x7369b,processed/A71EV2A-x7369b.bin,1df8363ac4b93642ed6e527ded1ca1f8d950bacfebff694c63d90bb57c1b604f,28,335,335,4014,28,756
A71EV2A-x7372a,processed/A71EV2A-x7372a.bin,b1186aaaa781c749514f4b608cc21b7baf1fe62f59b8f167959b0cc18d47be74,26,312,312,3744,26,650
A71EV2A-x7379a,processed/A71EV2A-x7379a.bin,61a8ff80072163cc25b89e51548945bad0ebea67ddf76b6cc73865c3d8657b9b,26,312,312,3744,26,650
A71EV2A-x7389a,processed/A71EV2A-x7389a.bin,13bfe87fe9a3b1be59317edb5e05666ea29acce8d1d01767a524633ff44e75fc,25,300,300,3600,25,600
A71EV2A-x7410a,processed/A71EV2A-x7410a.bin,5edc9130f3e0330a0f6f763dc9034cb886ca121bb878985227fc0997bb1df703,26,312,312,3744,26,650
A71EV2A-x7420a,processed/A71EV2A-x7420a.bin,f02834fafb3498075100325d67cd01eb2a4a82e0444bc7e954ff4e77632eaae4,29,348,348,4176,29,812
A71EV2A-x7424a,processed/A71EV2A-x7424a.bin,ae327c0ead42a90a267b285afddce6d3f0d50219e0a577294a3e4442eca7d3e8,28,336,336,4032,28,756
A71EV2A-x7427a,processed/A71EV2A-x7427a.bin,e3551621486fc6873f6af6ac76fb4cd57dd2b7ee76f8ed3c5eeaccea59aabb1d,30,360,360,4320,30,870
A71EV2A-x7430a,processed/A71EV2A-x7430a.bin,a1651b819c6f6ff6640dcd7ca05d507735a0171dca1bc795473eff59b095820b,28,336,336,4032,28,756
A71EV2A-x7432a,processed/A71EV2A-x7432a.bin,16c175c652b374893407dd39ebbc81b243e45afd333eeb436c9a8e5621ac8c74,26,312,312,3744,26,650
A71EV2A-x7433a,processed/A71EV2A-x7433a.bin,69f003e18cd9e1c4dd73c7a5b331c04b3df7e13d1e83b99ac5692d067a56c654,32,384,384,4608,32,992
A71EV2A-x7436a,processed/A71EV2A-x7436a.bin,b7d690c3faebf4d387e3bf054995d78bb587601565069cddddb90ab282e2902b,30,360,360,4320,30,870
A71EV2A-x7436b,processed/A71EV2A-x7436b.bin,5474e61792a017d543ee6b87100e3522979dd407d941da9769957145fb1a337f,30,360,360,4320,30,870
A71EV2A-x7442a,processed/A71EV2A-x7442a.bin,c1f98b3534bea12164f378a1cdc442f7d392391e31a28d13e5ea3c342b580753,26,312,312,3744,26,650
A71EV2A-x7445a,processed/A71EV2A-x7445a.bin,0fb55ff14af9c4adbc5f39792e533e02b2f734c7c76b7287b50c4537dac8ef03,27,324,324,3888,27,702
A71EV2A-x7446a,processed/A71EV2A-x7446a.bin,7b86208d188a0606bfbc45e881860077eacae6bbb97bb75186e83a023d296df3,32,384,384,4608,32,992
A71EV2A-x7448a,processed/A71EV2A-x7448a.bin,19c88e9d0d798d82a56275a383ff355c5693a7bae4e38a3eab1d3e002b5bf1da,23,276,276,3312,23,506
A71EV2A-x7459a,processed/A71EV2A-x7459a.bin,00bce6f631a8c41bcacb8e8ee5e7890d88526c960b007aaa2c977db1f93981a0,25,300,300,3600,25,600
A71EV2A-x7461a,processed/A71EV2A-x7461a.bin,05a03de31bf335292637b0d7c4cb48c8f753f2f789e11a429a6104f9bedb2013,25,300,300,3600,25,600
A71EV2A-x7465a,processed/A71EV2A-x7465a.bin,bc856cbaae08a170ae9dc331b188c912c5d36367506768ddc7996cf283dc299e,25,300,300,3600,25,600
A71EV2A-x7465b,processed/A71EV2A-x7465b.bin,4ab976d2b3b15cacbe331b31fab7ff8b6fb33135480b3e580939070900bb9769,25,300,300,3600,25,600
A71EV2A-x7475a,processed/A71EV2A-x7475a.bin,47bf472210c4423c2aed274ab1b5290de05bce4f28ffd0eb0f4e617bf4a0b62d,28,336,336,4032,28,756
A71EV2A-x7475b,processed/A71EV2A-x7475b.bin,fbb88f1cdeafa8c01907d021474edf0fcf80aa44b9fa8df387ab4dd1ce5f30c4,28,336,336,4032,28,756
A71EV2A-x7491a,processed/A71EV2A-x7491a.bin,9be9126b2a20da228306ce6e16b4470f0fcc27fbe087bacd12323a305a0ee83a,28,336,336,4032,28,756
A71EV2A-x7491b,processed/A71EV2A-x7491b.bin,714fb64b0087fc7304bedef36049e9c3e84d6489a225c9bcb785dfee858fc33e,28,336,336,4032,28,756
A71EV2A-x7501a,processed/A71EV2A-x7501a.bin,afa66cedaa52893c6dadcedcf1956ecdb6ba57795ad50add57a7a07cef322fa6,26,312,312,3744,26,650
A71EV2A-x7501b,processed/A71EV2A-x7501b.bin,071c1ccf413cba566218e4d0591b632ff47b556a1a1ca998c9d17dd0110e0213,26,312,312,3744,26,650
A71EV2A-x7510a,processed/A71EV2A-x7510a.bin,6dcbdb5678e618c766fad0069450b29fbc094a65d5c2366c0227ed18e90c9434,27,324,324,3888,27,702
A71EV2A-x7510b,processed/A71EV2A-x7510b.bin,b779eb09cb44d4774594df9e399d334e5176d75e047ea7e749edc6074e5daf9f,27,324,324,3888,27,702
A71EV2A-x7515a,processed/A71EV2A-x7515a.bin,11314e860fc4794e4adce1082665275dd135657d2ca1d39a8d0d2b0b78e79a1f,25,300,300,3600,25,600
A71EV2A-x7533a,processed/A71EV2A-x7533a.bin,487a189af88948b67de48a13715d45d018241fcf4076467374f005c6d634e3ad,26,312,312,3744,26,650
A71EV2A-x7533b,processed/A71EV2A-x7533b.bin,7faea3ced7aca602e2f518ea0fc12d7bdc083fca74c74f000dfeb39e1dcb1c1c,26,312,312,3744,26,650
A71EV2A-x7545a,processed/A71EV2A-x7545a.bin,72184388bf4d42d153c7a92939a8ebc5a7a272b131c9b665461d3e2193edf898,23,276,276,3312,23,506
A71EV2A-x7545b,processed/A71EV2A-x7545b.bin,962db9bb9f23660127d09997eed65a144e20507f47018f29f6fb4029ce5f7151,23,276,276,3312,23,506
A71EV2A-x7558a,processed/A71EV2A-x7558a.bin,b5651ae285bc7b6d1bea56ca055dfca6c58c65ff95d58d0489147baf01f39a25,23,276,276,3312,23,506
A71EV2A-x7560a,processed/A71EV2A-x7560a.bin,4058aa151b5e770f503418acf6f2b35b61bf3fb830718513ac74fe7939925fd0,27,324,324,3888,27,702
A71EV2A-x7560b,processed/A71EV2A-x7560b.bin,237d22ad239f23f92263f43ad2777a7dcff1c766f19d610c94c92e0a932ebf49,27,324,324,3888,27,702
A71EV2A-x7570a,processed/A71EV2A-x7570a.bin,ec27ebda2a79b89bf7f33c661d12120bd0cb8b11e2f3379c8104242a73744d2d,31,372,372,4464,31,930
A71EV2A-x7576a,processed/A71EV2A-x7576a.bin,49be52635d50e980dec43aa0ceb2a673bfcbe6b88e2b0a2003c5a5319982add1,26,312,312,3744,26,650
A71EV2A-x7576b,processed/A71EV2A-x7576b.bin,4a8c2ac6ab149655416e871a7015ee8eff8d35f3007017d9184b45113ede5cef,26,312,312,3744,26,650
A71EV2A-x7580a,processed/A71EV2A-x7580a.bin,247e0498306f75752a85e3f25abf64dc234592256e814dd6b6864764976df666,24,288,288,3456,24,552
A71EV2A-x7580b,processed/A71EV2A-x7580b.bin,3ea119357fae952749dbb70076fa4a4fa3545b1fb349fbcb78a713a085fc77da,24,288,288,3456,24,552
A71EV2A-x7589a,processed/A71EV2A-x7589a.bin,8951bc955fccde191e7956d5917db21ea9dd7b7c8d996acb1e4d54de93c45968,30,360,360,4320,30,870
A71EV2A-x7597a,processed/A71EV2A-x7597a.bin,1255b965ee614a1b2858893bbe1d4b38059ca5f6e499dc943f1fe01076770b21,25,300,300,3600,25,600
A71EV2A-x7608a,processed/A71EV2A-x7608a.bin,0a295a6b229d7eacc1f6b0a258246b917cb7d34487638cbcd900d713086ea238,28,336,336,4032,28,756
A71EV2A-x7613a,processed/A71EV2A-x7613a.bin,e29cc4493c2e60adc7ddfa0309107f09622b06b3230dda9ab2a11e4709c1d1ec,23,276,276,3312,23,506
A71EV2A-x7622a,processed/A71EV2A-x7622a.bin,ffff0aae42b93c7f4b767916fd3bcc559af72721a0376cfcf57f3a24aa5f4e73,26,312,312,3744,26,650
A71EV2A-x7631a,processed/A71EV2A-x7631a.bin,acca1c27eb2c5defed329b2de62a91bc102d3608d5517c27b8b0822f42894475,21,252,252,3024,21,420
